,sentence,label
0,this is your reference number your tickets have been booked under,assertive
1,you must stick the dates and times that you book,assertive
2,the other thing is,assertive
3,and i would like to plan a trip,imperative
4,and into th... Moscow,assertive
5,and there's nothing in between th... even with uh confirmed date that would allow for a cancellation at anytime before the,assertive
6,business round trip would be 3208,assertive
7,i'm afraid there's not any available for the Sunday,assertive
8,Choose your battles,imperative
9,there's not any Virgin Value fares,assertive
10,the 18 twe...,assertive
11,and he needs to go to Montreal,assertive
12,we say it's a return journey,imperative
13,and the Visa number please,assertive
14,for tomorrow,interrogative
15,2 o'clock is the earliest,assertive
16,5 9 36  Road North,assertive
17,you mean two in the afternoon i would arrive,interrogative
18,it's  giving me all the legal connections available,assertive
19,that's United flight 1 7 5,assertive
20,there   are so many things i don't know about this,assertive
21,and into uh Vancouver at uh 9:40,assertive
22,i i you know i would like to arrive there certainly before 6 a m in the morning on Monday,imperative
23,US Air flight has a flight at 7:55 a m,assertive
24,and i could print out an itinerary for you,assertive
25,or 7:30 at the latest,assertive
26,and within the three seat section,assertive
27,i want er two tickets to er from er Leicester to Newton Abbot,imperative
28,wherever Saudia flies out of to Riyadh,assertive
29,Call me tomorrow,imperative
30,United flight number 12,assertive
31,would it,interrogative
32,Drive to the roundabout and then turn left,imperative
33,that's lovely then,assertive
34,i just want to find out about the cheap train,assertive
35,thank  you calling now,assertive
36,is it going to be the same itinerary,interrogative
37,that's that's confirmed now,assertive
38,out of Phoenix at 9:25 a m,assertive
39,this is AB,assertive
40,if it is possible after,assertive
41,and the total,assertive
42,you want me to price this and see what we get for the lowest available fare,interrogative
43,Wake up now!,imperative
44,gets back into Liverpool 20:56,assertive
45,it was ticketed at a fare of 1091,assertive
46,and i do have the travel advance,assertive
47,how many   nights,interrogative
48,arriving at 17:30,imperative
49,do you have any seat preference,interrogative
50,and that's Sunday the 4th of October,interrogative
51,this is a new reservation,interrogative
52,you want to still go ahead and do it today,interrogative
53,discount works out to 30 pounds 70,assertive
54,358 would apply,assertive
55,is is that what they normally do,interrogative
56,we'll just ticket as far as Copenhagen,imperative
57,could you give me your contact telephone number,interrogative
58,and i can't make it for that train or i want to go on a later one,imperative
59,United has a 9:47 connection through Chicago,assertive
60,when do you want to change it to,interrogative
61,that's travelling tomorrow from Nuneaton to Euston on the 7:13 train in the morning,assertive
62,how do we do that,interrogative
63,Raid the Berber people.,imperative
64,and staying the night of the 8th,assertive
65,it just connects to another flight to Oakland rather then to San Francisco,assertive
66,this is A with American Express returning your call,assertive
67,but for the moment,assertive
68,there are later flights,assertive
69,it's 1 98 each way on the airline,assertive
70,i'm just jotting this down for further reference,imperative
71,Heat the pan with oil.,imperative
72,and what's the name of the company,interrogative
73,do you want me to book this ticket,interrogative
74,i'm booking from Euston to Birmingham New Street,imperative
75,Turn around in 300 meters,imperative
76,and i will put it in right now so i have it,assertive
77,that that's fine,assertive
78,the non-stop flight seems to be more appealing to me,assertive
79,if you needed to change any of the time of travel,assertive
80,when i ask Hong Kong Soviet Union,assertive
81,because the system's actually changed,assertive
82,Show me the money!,imperative
83,stop playing with your food,imperative
84,Let it heal.,imperative
85,we should be able to do it,assertive
86,the one second Canadian Air,assertive
87,tomorrow is Friday,assertive
88,we just have to put in um a um a fake fake date in there so it reads it,assertive
89,that's where the tickets will be posted out to you,assertive
90,that's confirmed right now,assertive
91,i can't remember,assertive
92,checking in on the 7th,assertive
93,Don't stay out too late.,imperative
94,so coming back,assertive
95,do you have a late flight out on the 23rd,interrogative
96,they told me 86 dollars plus tax,assertive
97,so he can make a decision,assertive
98,connecting to SAS flight 9 3 0 2,assertive
99,and so the the Friday,assertive
100,"Let us go to the college together. Then you can come bo my dorm at night, and we can have a good time!",imperative
101,what time was Sunday,interrogative
102,she said that if we don't ticket,assertive
103,there are other flights,assertive
104,for the um the fare quote from San Francisco to Frankfurt on the TWA flight that he's on,assertive
105,he'd be going into Gatwick and leaving out of Heathrow,assertive
106,and your expiry date,interrogative
107,Turn off the wifi.,imperative
108,and the time  of uh when he places and time of booking  and yeah the actual reservation,assertive
109,you think that's that's all it takes,imperative
110,United 5 2 0 8,assertive
111,a... a... when,interrogative
112,and that's a forward facing seat in non-smoking,assertive
113,you must do so by  6 o'clock the day before travel again,assertive
114,let me confirm that for you,assertive
115,this ticket is non-refundable non-changeable,assertive
116,45 pounds 50 will be debited from that account,assertive
117,and i think they're coming back on Sunday the 11th at 5 o'clock,assertive
118,you'll be able to get the train from Liverpool Lime Street at 11:35,assertive
119,and  i'm going to arrange for you to collect your tickets from the train station tomorrow,imperative
120,i'm still waiting on the London to Brussels,imperative
121,and arrange for you to collect your ticket 50 minutes before departure time on Monday  from Oxenholme station,assertive
122,you have to change at Wigan North Western,assertive
123,it's the number 5,assertive
124,that is a one-stop flight,assertive
125,Do Exercise daily.,imperative
126,you would receive a 50 percent refund less 5 pounds,assertive
127,full coach would be 586 each direction,assertive
128,and the total cost is going to be 155 pounds for the four adults and four children,assertive
129,and then departing again 5:55,assertive
130,the name of the business is,interrogative
131,and that's a Friday,assertive
132,or Tuesday morning the 8th,assertive
133,they don't have any discounts without a Saturday night stay,assertive
134,so the fares are the same,assertive
135,that seems about the right time,assertive
136,Friday the 2nd,assertive
137,Find a python developer.,imperative
138,what what's the last name of the passenger,interrogative
139,last Thursday of June,assertive
140,and the 17:30 from St Pancreas to Derby,assertive
141,21 days in advance,assertive
142,there's one,assertive
143,they might have a six,assertive
144,that's the only uh flight i think,assertive
145,it's not something  that i could,assertive
146,we've gone through,assertive
147,i think they give really good service,assertive
148,or through Pittsburg at 6:20,assertive
149,tell her I need her right now.,imperative
150,let me just see what sort of fare i can get you on this,assertive
151,he's got um,assertive
152,which is             View,assertive
153,and the date that we know we're booking is on what day,interrogative
154,"I need you to sit down, now.",imperative
155,can he go  to Hong Kong,interrogative
156,i don't think there's anything after that,assertive
157,if you have open return,assertive
158,it applies to any type of fare,assertive
159,connection through Los Angeles,assertive
160,i suppose that's that's,assertive
161,for the 19 pounds Virgin Value fare,assertive
162,travelling from Preston at what time,interrogative
163,not return on a Friday,assertive
164,it would be 20 dollars more if he wanted to have a fare without a penalty,assertive
165,i'm just checking that for you,imperative
166,if you could give me the same details about that flight number and uh,assertive
167,and that's again the same of of applications of four stop overs uh for minimum maximum of 15,assertive
168,and it gets into London at 19:13,assertive
169,we could try building our own connection  but,assertive
170,if we have to stay later,assertive
171,and is there one about fiveish on the Wednesday or not,interrogative
172,that gives me half a day there Wednesday,assertive
173,and it's just for one,interrogative
174,4:15 or 4:30,assertive
175,if you have to change any of the times of travel,assertive
176,so that's  great,assertive
177,Roll the dice.,imperative
178,98 round trip on a non-refundable non-changeable ticket,assertive
179,is that going to be a suitable time for you,interrogative
180,one'll have to pay a normal fare,assertive
181,fare on this is 398 dollars,assertive
182,the service out of San Francisco is 8:45,assertive
183,and that's Saturday the 3rd of October,interrogative
184,have fun tonight,imperative
185,cos that's who i'm going to go and stay with,imperative
186,what time would you like make a date,interrogative
187,and i'm just waiting for a confirmation number on the car,assertive
188,ju... i i'm going to make this reservation for some another individual,imperative
189,that is the same price,assertive
190,Reach for the sky!,imperative
191,or i could put them in uh two aisles with a middle seat between them in the central section of the p... of the flight,assertive
192,then it's from Birmingham New Street 13:18,assertive
193,Clear this room by tomorrow morning.,imperative
194,it is 59 pounds  for up to 4  2 to 4 people return,assertive
195,i'm just checking availability on the return on Sunday,assertive
196,so it would increase that total fare by 20 dollars,assertive
197,his car is uh confirmed for intermediate car  in San Diego,assertive
198,Load your weapon!,imperative
199,it's just so long as you have the letter of authorisation giving you permission to use the company credit card on like off... official headed paper,assertive
200,w... round trip,interrogative
201,what what,interrogative
202,can i can i take your name and ring you back,interrogative
203,maybe that's what he's trying to say,assertive
204,with an advance purchase ticket,assertive
205,the cheapest fare that's going to be available travelling tomorrow is what we call a walk-on fare,assertive
206,Find documents from June 1st on.,imperative
207,the 9th,assertive
208,about  10:30 11,assertive
209,coach business and first,assertive
210,i'm going to check availability once we've established train times,imperative
211,i was wondering if you could handle some some reservations for me,interrogative
212,arriving  11:50 in Euston,assertive
213,i'll get back to that one,imperative
214,your contact telephone number please,assertive
215,you want me to book that one for you,interrogative
216,you'll be travelling in coach   as in,assertive
217,your last name is,interrogative
218,from Durham to Leeds,interrogative
219,what flights do you want to have him on,interrogative
220,5 O  on Saturday the 17th to Macclesfield,assertive
221,how many hours,interrogative
222,and your two tickets will be posted out first class to you this afternoon,assertive
223,is that a suitable time,interrogative
224,"Create a new account, when / if you are hacked.",imperative
225,i wanted to get on the 3:20 if possible,imperative
226,and do you hold a current credit or debit card,interrogative
227,and then departing Newark at 8:25 a m,assertive
228,and that's Monday the 5th yeah,interrogative
229,and let me get him his seat assignments,assertive
230,which might extend the journey by 40 minutes,assertive
231,"Unloose the cord, and they will wrap you round.",imperative
232,i think i'll go ahead and commit him to that,imperative
233,staying over a Saturday night,assertive
234,i'm just actually having to double check that time on the return,imperative
235,Do not condemn the judgement of another because it differs from your own.,imperative
236,41 pounds 40  is the total fare,assertive
237,it's B,assertive
238,what  is CP Air,interrogative
239,how do you spell his last name,interrogative
240,Slice the apple.,imperative
241,and then connecting to SAS flight 9 3 0 2,interrogative
242,so you prefer to leave that open,interrogative
243,is there a one is there a train before the 20:13,interrogative
244,on the return on the 18th,assertive
245,we've got him on United flight 3 4 6 on the 2nd of August,assertive
246,that's arriving in Birmingham New Street for 15:42,assertive
247,does anyone who's travelling have a railcard,interrogative
248,that would get him in to Tampa at 4:35 p m,assertive
249,as long as he's got a slot on that flight,assertive
250,the connection's offered,assertive
251,it's 9 9,assertive
252,i think he's going to,assertive
253,Let the cookies brown before taking them out.,imperative
254,is it yourself that holds the credit or debit card,interrogative
255,18:40 right  not  leaving at,interrogative
256,that'd be Tuesday,assertive
257,Wake up in the morning.,imperative
258,so it would have to be 6:50,assertive
259,Complete the exercies.,imperative
260,i was quoted 6 0 8 50 for the whole round f... from Boston to Washington,assertive
261,that would get him there like a quarter to 7,assertive
262,let them eat cake!,imperative
263,unfortunately no,assertive
264,i could put them both on an aisle seat,assertive
265,arriving Southbend at 5:24,assertive
266,it's a corporate,assertive
267,83 pounds will be debited from that card,assertive
268,it i... it is John Wayne in Irvine  isn't it,interrogative
269,it depends on on when the flights are,assertive
270,for the Virgin Value fare at 14 pounds return,assertive
271,can we hold off the seat assignments for about a half an hour,interrogative
272,and i guess,assertive
273,Speak freely and spread the word.,imperative
274,i'm going to book you a forward facing seat again,imperative
275,that was somebody else,assertive
276,that's the 1:30 to 9:39 non-stop,assertive
277,last name is E as in the month E,assertive
278,it's probably,assertive
279,i'm sure we'll find that for you,imperative
280,39 pounds 50,assertive
281,and it flies out of San Francisco,interrogative
282,and you must book that by 6 o'clock the day before travel,assertive
283,and what was the next word,interrogative
284,choose the German Sheperd over the huskey.,imperative
285,but middle seats are usually the last last seats to be assigned,assertive
286,and this is the reference number the ticket has been booked under,assertive
287,do you want to book the tickets just now,interrogative
288,charge number is,assertive
289,what time do you like to depart from  Birmingham New Street,interrogative
290,i just need to turn up to the advance ticket  desk,interrogative
291,if you can  just bear with me please,assertive
292,Reboot the phone,imperative
293,what's the first name on F H F  and J G,interrogative
294,it's like an a reduced rate ticket then to your Walk-on fare,assertive
295,bye  bye then,assertive
296,so if he needs to know that or,assertive
297,3rd of Oc...,assertive
298,and that's with your senior railcard discount,assertive
299,we can't void it,assertive
300,from SFO,assertive
301,it's 0 1 5 0 5,assertive
302,and again late afternoon,interrogative
303,you must go out on the 7:55 in the morning,assertive
304,Meet back here after shopping.,imperative
305,we won't know if it's,assertive
306,the 13th of June,interrogative
307,that was available,assertive
308,he's going th... the most direct route to Or... to Lake Tahoe,assertive
309,the airfare is 264 round trip,assertive
310,is he there just now,interrogative
311,he's going to come out ahead with the um the non-conference rate,assertive
312,what type of credit card,interrogative
313,and it was into LAX on Continental,assertive
314,is there one earlier than the 6:34 or is that the first one out of Wigan in the morning,interrogative
315,8th and 9th,assertive
316,arriving at 19:48,assertive
317,an intermediate,assertive
318,i was just wondering what time i uh you know what's the uh the latest i could leave,interrogative
319,i'm going to have to arrange for you to collect your ticket tomorrow from Manchester Picadilly,assertive
320,and confirm that address for me please,assertive
321,i can confirm you on the 6 o'clock flight,assertive
322,and into uh San Francisco at 8:57,assertive
323,i'm trying to see if that's the one,imperative
324,and that's going to depart at 5:55 and arrive Charlotte 6:38,assertive
325,Be sure to clean your weapon.,imperative
326,Bridge Cottage,assertive
327,the cheapest fare is 41 pounds 40 return,assertive
328,one will be coming back uh direct,assertive
329,your postcode to where your credit card is registered to,interrogative
330,on the 8th again,assertive
331,stick to the date and  time that you book,assertive
332,there used to be a 7:25,assertive
333,"Do, take a seat",imperative
334,you said at the moment you've got a a 4:38 United out of Vancouver 5:25 into Seattle,interrogative
335,and what was after that,interrogative
336,that would get you in at 8:11,assertive
337,leaving Liverpool at 12,assertive
338,your title,interrogative
339,but they fare it business class all the way,assertive
340,and what is that flight number,interrogative
341,and this is your reference number to quote tomorrow at Euston station,assertive
342,which whichever one,assertive
343,or just that one portion or have him revalidate,assertive
344,flight 4 4 9,assertive
345,he's going from San Francisco to Tampa's um Saint Pete's,assertive
346,Go up to the board.,imperative
347,and i can't guarantee how fast they'll come back with a fare,assertive
348,give me the times for the non-stop,assertive
349,and if he does get that,assertive
350,whose record am i in right now,interrogative
351,the cheap cheap cheap fare  return,assertive
352,i'm interested in purchasing a ticket,assertive
353,that's on the 9th of October,assertive
354,who's the other traveller going to be,interrogative
355,out of Newark,assertive
356,does it have a specific time that i get on,interrogative
357,Wear your gold necklace with that dress.,imperative
358,60 percent of that would be,interrogative
359,Skip this song,imperative
360,there's a 100 dollar fine,assertive
361,is that in the morning,interrogative
362,arriving Newark at 4:43  p m,interrogative
363,how do i get my tickets now,interrogative
364,Eat them with milk,imperative
365,you arrive in London Euston at 15 hundred,assertive
366,Fetch the hardest stick you can find.,imperative
367,and arrives San Francisco at 12:45 a m,assertive
368,was it a morning or afternoon departure,interrogative
369,and i have his United um mileage plus number,assertive
370,so if every Super Advance Return is booked up by the time you call back,assertive
371,it's B C down to Richmond on Thursday afternoon,assertive
372,and i'll tell you what,imperative
373,and um their last names are EE,assertive
374,i could tell him a ra... p... pretty much a range between 3 25 to 4 18 depending on the discount,assertive
375,if if for for their reasons,assertive
376,but you've got to book your return,assertive
377,i could put them in one seat in front of the other,assertive
378,arriving at 11:15,assertive
379,do you want me to book that,interrogative
380,how many people's travelling tomorrow,interrogative
381,the 4th  now,assertive
382,be nice!,imperative
383,and about what time did you want to leave,interrogative
384,so i i'm probably not going to be able to,imperative
385,when is it they're returning,interrogative
386,and arrival time at San Francisco's at 6:37,assertive
387,so its  the same for business or coach,assertive
388,we have you on US Air flight 1 1 6,assertive
389,but i don't know the precise time,assertive
390,and returning,assertive
391,returning the same day at 18:25 from Euston,assertive
392,but i don't think it goes to Syracuse,assertive
393,let me pull up the flight number,assertive
394,will leave SFO at,imperative
395,and at what time,interrogative
396,that's the Virgin Value fare,assertive
397,the 8:20 flight,assertive
398,what  we could try and do is see if you could get you Singles to see if it's going to work out to the same price,assertive
399,let me check seating on this,assertive
400,and i'll look at  a couple of things on this and um give you a call back either today or tomorrow morning as far as faring goes,imperative
401,what airline is this,interrogative
402,and  as in,assertive
403,why don't you book both E F and B C,interrogative
404,arriving in Euston at 18:13,interrogative
405,and the ticket will be in my middle name right,interrogative
406,i'm checking in on the 31st of July late,assertive
407,he's one of our machinists,assertive
408,the round trip would be that times 2 plus 13 for taxes,assertive
409,Drive away without saying goodbye.,imperative
410,there is another option that we wouldn't  be aware of,interrogative
411,you can travel on any train after 6:20,assertive
412,there's no changing on it,assertive
413,there's,assertive
414,i've been giving you quick numbers here,assertive
415,that's  double,assertive
416,on the tw...,assertive
417,there's no,assertive
418,can i go earlier on the Saturday,interrogative
419,is is there any particular  reason why it's Wigan rather than Stafford or Preston or all the other ones on the line,interrogative
420,and the ticket will be,assertive
421,you just said Saturday the 4th,interrogative
422,flying out on the 28th,interrogative
423,back to back to San Francisco,assertive
424,give me the postcode first of all,assertive
425,let me just look  in their system,assertive
426,from what these travellers are telling me,assertive
427,if the timing works for that,assertive
428,this ticket was issued,assertive
429,the fare's 19 pounds 80,assertive
430,so the fare's going to be 30 pounds 70,imperative
431,Saturday the 3rd of October,assertive
432,it might i might be going on a later train,assertive
433,what what have you got,interrogative
434,out of San Jose at 6:40 p m and into Burbank at 7:42 p m,assertive
435,that's Delta flight 38 17,assertive
436,how much is that,interrogative
437,connecting to American flight 3 9 9,assertive
438,and it would be completely non-refundable,assertive
439,the cheapest fare that i can offer you at that time is the Virgin Value Business at 75 pounds,assertive
440,she'll call you,assertive
441,it was the probably a twosome if it was two people,assertive
442,leaving Cleveland at 4:10 p m,assertive
443,arrival Seattle at 12:15,assertive
444,always arrive the following day,assertive
445,i i i could leave late Friday after work,assertive
446,you were saying that it leaves on Friday,assertive
447,Come on!,imperative
448,and CCC DDD   would like a smoking aisle,assertive
449,returning the 11th of October 18:45 from Rugby,assertive
450,going from San Jose to Burbank,assertive
451,let me give you the flight information,assertive
452,would they be returning on the same flight,interrogative
453,Don't beat him.,imperative
454,from Euston to Macclesfield,assertive
455,the time on Friday that i'd like to depart would be evening,imperative
456,it arrives back into San Jose at 6:42,assertive
457,would bring that portion down to 29 dollars one way,assertive
458,or  what about any other time,interrogative
459,i know where 's at,assertive
460,and  that's subject to availability,assertive
461,but now i'm going to talk about CD's,imperative
462,Check if the laundry is dry,imperative
463,we need to actually fill out the form twice because it's classed as two separate journeys  with it being 1 with a railcard,assertive
464,the second reservation is for D E,assertive
465,that's  no problem at all,assertive
466,the cheapest fare that's going to be available is the Super Advance Return 27 pounds,assertive
467,that's lovely,assertive
468,i don't know if it's going to be  like diverted before you get into the train station or  the station before that having to go around,assertive
469,60 pounds will be debited from that account,assertive
470,just stops at lots of  stations,assertive
471,Pack enough food for our adventure!,imperative
472,"Improve yourself, or kiss yourself goodbye.",imperative
473,arriving at 20:26,assertive
474,if you need to change any of the times of travel,assertive
475,you you mentioned that there was the American flight,imperative
476,"Roar, roar, roar, Henderson-Sungo. Do not be afraid. Let go of yourself. Snarl greatly. Feel the lion.",imperative
477,but it's in case there was any queue,assertive
478,and it's for which trip,interrogative
479,there has to be other options doesn't  there,imperative
480,leaving Cleveland,interrogative
481,he  called up,assertive
482,it's a non-penalty fare of course,assertive
483,the last train in the evening is the 20:35,assertive
484,what,interrogative
485,the next flight after that is at 5:07,assertive
486,then it's a train from Wilmslow at 16:46,assertive
487,we have you confirmed on United flight 1 1 0 3,assertive
488,say leaving around uh 5 p m or so,assertive
489,i'll have to check with my husband,imperative
490,you would receive a full refund less 5 pounds,assertive
491,same day on the 11th of May,assertive
492,it's CP Air flight 1 4 0,assertive
493,you can always make the switch then,assertive
494,Tue... for Thursday,interrogative
495,Play the song alive by ima robot,imperative
496,and the postcode to where the credit card is registered to,interrogative
497,he may of said it because of some preference,assertive
498,is it San Francisco at 7:05   or San Jose,interrogative
499,if they leave,assertive
500,it's number 12,assertive
501,leaving at 8:42 and arriving el... 10:11,assertive
502,i'll just chance it then,imperative
503,we'll keep that the same,interrogative
504,the departure time is 9 o'clock on Friday,interrogative
505,and that was for checking in on the 7th,imperative
506,and which day would Mr B like to travel,interrogative
507,and does he have a specific um an approximate date i should put in here,interrogative
508,and connecting there to Delta flight 6 1 8,assertive
509,is it an aisle,interrogative
510,the dates times and seat numbers are printed on the ticket for you,assertive
511,Do your worst to me.,imperative
512,as long as you cancel by 6 o'clock day before travel,assertive
513,168 New  Street,assertive
514,and what we'll do is reissue um for the brand new fare,imperative
515,first name DDD,assertive
516,that will also include your zone 7 on underground and your complimentary car parking voucher as well,assertive
517,but do you know this area,interrogative
518,thank you very much,assertive
519,run for your life.,imperative
520,looks like it's a popular flight,assertive
521,and it would have gone up to 1 18,assertive
522,that goes through Denver,imperative
523,and arrives Chicago at 3:58,assertive
524,subject to availability  and 5 pounds charge,assertive
525,and it's um,assertive
526,i'll have this one then,imperative
527,leaving on the eighth from San Francisco 12 0  1  a m,assertive
528,because if you won't,assertive
529,and what time around,interrogative
530,it's Mr,assertive
531,it's a 50 percent refund less 5 pounds admin charge,assertive
532,hold on,assertive
533,cos there aren't that many seats on that,assertive
534,is he going business class on the SAS flight,interrogative
535,like about 3 pm on a  Monday,interrogative
536,should we do that,interrogative
537,just check that,assertive
538,an American Airlines flight 1 4 4 0,assertive
539,i i... have to be in LA a couple of different places actually on the 19th and 20th,assertive
540,i think it's Wynn Mail House,assertive
541,June 16th,assertive
542,i guess 98's ok then,assertive
543,and to return at any time,assertive
544,that's interesting,assertive
545,i feel like flipping a coin now,assertive
546,and it's a full refund less 5 pounds if you have to cancel your journey,assertive
547,and  how many people's travelling,interrogative
548,a quarter to 7 is a little close,assertive
549,arriving Chicago at 5:56 a m on the 25th,assertive
550,"Be a late riser. Lazy men are always looking for an easier way, be lazy.",imperative
551,if you miss that service,assertive
552,and how much did the super...,interrogative
553,you're not able to get the Super Advance,assertive
554,there is no BBB here,assertive
555,"Get up, stand up, Don't give up the fight.",imperative
556,you want backward travel,interrogative
557,so that's the regular price from Manchester innit,interrogative
558,i can ask for um flights through Helsinki,assertive
559,must you have the ticket,interrogative
560,and how's it going to be paid for,interrogative
561,they only have one flight a day,assertive
562,"Bake me a cake, now.",imperative
563,it's the 4 of the 1st,assertive
564,the the Hertford to Taunton,assertive
565,if you have to change any of the times of travel,imperative
566,so you'd be kind of going backwards,assertive
567,Don't think about the future.,imperative
568,on Friday the30th of October,assertive
569,it's Barclays Connect Visa card,assertive
570,feel free to text me later.,imperative
571,that would be 4 88 each direction,assertive
572,and then send me a copy,assertive
573,it is totally non-refundable,assertive
574,68 dollars non-refundable non-changeable,assertive
575,5 15 each direction,assertive
576,it's the 2nd 98,assertive
577,it's just for the day,assertive
578,you're changing at Crewe,assertive
579,Remind me in 10 days to email Austin.,imperative
580,and on the return,assertive
581,and gets there at 1:05,assertive
582,plus uh we pay for the going rate,assertive
583,arriving in Macclesfield at 16:03,assertive
584,for  travelling out on Sunday,assertive
585,it's from Watford yes,interrogative
586,Keep Calm and Carry On,imperative
587,and arriving into San Francisco at 5:13 p m,assertive
588,Complete the photo shoot.,imperative
589,first of all,assertive
590,but that's the only way that you'd be leaving at night,assertive
591,all  it's saying is the 1 1 2 4 will expire today,assertive
592,the 1 1 1 7 i'm showing sold out,assertive
593,there's an 8 p m departure on Air Canada,assertive
594,preheat the oven to 325,imperative
595,first name F,assertive
596,that sounds good to me,assertive
597,they are at 1:40 p m and 8 p m,assertive
598,that certaily a big difference in price  isn't it,interrogative
599,you're going to get your own way between  Southbend and Chicago,interrogative
600,it's 0 7 9 7,assertive
601,your surname please,assertive
602,arrives 1:30 p m on Monday,assertive
603,you're connecting there with US Air flight 5 9 3,assertive
604,you  haven't got a you haven't got a rear facing,interrogative
605,is that on the same day,interrogative
606,the Wednesday please,assertive
607,and uh i have appointments on Tuesday um in the City Commerce and in the Santa Ana areas,assertive
608,the person i'm booking for does,assertive
609,tha... tha... that sounds good,assertive
610,it's a different town,assertive
611,and getting into Richmond at 5:16,assertive
612,and the credit card number,interrogative
613,it's still the same fare,assertive
614,i want to go to New York Monday morning,imperative
615,that's booked for you,assertive
616,it looks like there are two American Airlines flights out of San Jose,assertive
617,i'm showing economy on Pan Am is open,assertive
618,so if you left on a Saturday,assertive
619,whatever we request pretty much we get,assertive
620,is that ok for the credit card,interrogative
621,or it's 6:50 the next one after that,assertive
622,what is it now,interrogative
623,and is it for one way  or round trip or per  segment,interrogative
624,departing at 9 o'clock p m,assertive
625,normally the conference rates do offer some discount like that,assertive
626,that can be as low as um 358 and also 318,assertive
627,or it's 21:00 in the evening,assertive
628,and the tickets will be posted out in the first class post tomorrow morning to  you,assertive
629,the next later flight's American at 5:20,assertive
630,Eat something.,imperative
631,they said bring some sort of government number,assertive
632,ok then,assertive
633,so that sounds like a route that i would that i would be interested in,assertive
634,for for the non-refundable,assertive
635,i'll just keep the rent a car that i'll have for personal reasons uh for that weekend,imperative
636,i'm requesting 8 C on the outbound flight,assertive
637,arriving in Macclesfield at 14:03,assertive
638,sometimes international takes a little bit longer for them to compute,assertive
639,which is classed as a Walk-on fare,assertive
640,the um Airport Connection has a 13 dollar,assertive
641,Write your name on the exam.,imperative
642,it would show it to me,assertive
643,Beam us up.,imperative
644,the next train departs at 15:26,assertive
645,i'd made made some arrangements on Monday that have to be changed,assertive
646,and American goes through Chicago,interrogative
647,and 40 pounds exactly's been debited from your debit card,assertive
648,that's the,assertive
649,and then he wants to connect with another Piedmont flight from Baltimore to New York,assertive
650,what mean then what,interrogative
651,then it would  to try and get you on the next available service,assertive
652,that'll be fine,assertive
653,is there anything a little,interrogative
654,and  this is your reference number to quote at the train station,assertive
655,leaving 4:15 pm from Burbank,assertive
656,it's either 6 o'clock or 9 o'clock,assertive
657,they're going to be two other people in a different uh org that are going to be taking the same flight,assertive
658,there's a train at 13:15 from Birmingham New Street,assertive
659,it's a full refund less 5 pounds,assertive
660,Have a piece of cake.,imperative
661,Don't let the lights get turned on.,imperative
662,is that after 10,interrogative
663,the lowest one way fare out of San Jose is pricing out at 165 dollars,assertive
664,let me check to see if um we still have that old record,assertive
665,since i'm leaving on Sunday,assertive
666,would that just on a one way fare,interrogative
667,Plant enough trees for the summer,imperative
668,bye  now,assertive
669,we do not have to issue it uh within twenty four hours,interrogative
670,the 19 pounds Virgin Value fare is now fully booked up for tomorrow,assertive
671,that's the next availability that's coming up,assertive
672,from Newton Abbot,interrogative
673,the train departs at  12:22   on  Saturday,assertive
674,i'm writing this down,imperative
675,right,assertive
676,i show that schedule for American flight 1 4 4 0 on the 5th of December of 1 9 9 9 operating just San San Jose to San Diego,assertive
677,but you need a letter of authorisation,assertive
678,it leaves at 9:40 out of Boston,assertive
679,and that's that's the the lowest,assertive
680,arrival in Atlanta is at 7:35 p_m,assertive
681,you'll need to quote this reference number,assertive
682,I'd be grateful if you didn't tell anyone about this.,imperative
683,you just need to go to the travel centre,assertive
684,every...,assertive
685,so  you'll have to not,assertive
686,i leave on the 9th 10:31 from Wigan arrive to Edinburgh a...,imperative
687,i made that,assertive
688,i had an... one other question,assertive
689,there is a Piedmont flight which is non-stop from Newark to Richmond leaving at 4:05 in the afternoon on a Thursday,assertive
690,the earlier trains are all booked up now,assertive
691,if you just bear with me,assertive
692,that's  and hour and a half,assertive
693,tomorrow you need your credit card with you when you collect the tickets,assertive
694,it's just getting out of work on time but,assertive
695,Stop the track,imperative
696,it'll either have to either be the 13:20 departing Preston or the 16:31,assertive
697,when you said confirm it i thought it'd come up on your screen there,assertive
698,and the total cost is 14 pounds return,assertive
699,which one,interrogative
700,returning on the 4th at 1:05 p m,assertive
701,nothing in non-smoking except for middles,assertive
702,it looks like the first one is a 7:40 on American uh Eagle,assertive
703,on Saturday 3rd of October from Birmingham New Street to London Euston,assertive
704,it'll be one or the other of these,assertive
705,so i'm just going to check availability to see what's your cheapest fare i can offer you,imperative
706,Southwest 6 7 8,assertive
707,if i book it for a certain time going down,assertive
708,i'd like to arrive in er London at hal... around half past seven if possible,imperative
709,i can only do one th... one profile at a time,assertive
710,that's still going to arrive on Monday,assertive
711,and and to book a seat,interrogative
712,is it the same price to go on to Wrexham Central,interrogative
713,3 2 3 and 7 5 1,assertive
714,A at American Express,assertive
715,i'd like this to be processed before 6 if i could,assertive
716,it,assertive
717,and what type of credit card,interrogative
718,and so i need to know some time periods,assertive
719,Cut out the cookies with a cookie cutter,imperative
720,it's United flight twent... uh 1 2 6 out of San Francisco at 10 a m,assertive
721,Birmingham to Euston,assertive
722,and you are staying over a Saturday night,assertive
723,that's on the 12th of May,assertive
724,and it's extension 1 0 5 9,assertive
725,and it was,assertive
726,and the expiry date,interrogative
727,and and it's the same no matter if if we changed to United,interrogative
728,and this is,assertive
729,Preston to Rugby,assertive
730,the issue is that uh the client's asking us to travel on our own time on weekends,assertive
731,couple right around that time period,assertive
732,so that's the problem,assertive
733,that is a DC 10 correct,assertive
734,so he should he should be leaving here at 6 o'clock then it seems like,assertive
735,and that is a 10:30 a m departure,assertive
736,"Close the door, please!",imperative
737,it's a little less than an hour,assertive
738,just bear with me,assertive
739,he just thinks that Baltimore is the most efficient route to get to JFK from Phoenix,assertive
740,we're basically,assertive
741,that flight is operated by United Express Air Wisconsin,assertive
742,arriving at 15:29,assertive
743,now it's called Virgin Value Business,assertive
744,you have to have at least a 7 day advance purchase  for the 98,assertive
745,i'm looking on a Thursday,assertive
746,then let me give you the round trip fare for that,assertive
747,i he wants  this changed also,assertive
748,the latest the earli... i could leave Saturday night,assertive
749,i don't have the complete history in front of me,assertive
750,out of San Francisco,interrogative
751,it's building A is where they pick up,assertive
752,there's a  flight,assertive
753,you don't want to book at all,interrogative
754,there are other,assertive
755,are they in the train stations,interrogative
756,Don't let your mom know.,imperative
757,and returning on what date,interrogative
758,what i could do is s... sell it as a book direct segment,assertive
759,you do have a fl... a flight through SF that's leaving at 4:20 you said,interrogative
760,it i... i... i could leave to to uh JFK on Saturday night,assertive
761,let's go out together,imperative
762,i can't do that,assertive
763,your initial,interrogative
764,the cheapest fare is the Virgin Value Single at 7 pounds,assertive
765,put that down now!,imperative
766,and that's all that's available,interrogative
767,Shop without me.,imperative
768,i don't want to run out of time,assertive
769,this adds a fare that isn't in my system,assertive
770,i... it's a through train,assertive
771,that's United 8 1 9 on the 29th of June,assertive
772,i found out um restrictions also,assertive
773,this is something out of the ordinary now,assertive
774,i know that they said it's a real problem for themselves even their own agents trying to do their own seat assignments,assertive
775,can we just confirm the time,interrogative
776,i see you flying on Pa... uh on Pan Am,assertive
777,so we're not going to make a resevation,interrogative
778,and what's the name of the last the last name of the passenger,interrogative
779,i i suspect that uh i suspect the uh 5 o'clock is ok,assertive
780,and the issue number,interrogative
781,can you repeat your number again please,interrogative
782,why don't we do that,interrogative
783,there is delivery over to WWW,assertive
784,arriving Tahoe at 9:35 a m with a stop in San Jose,assertive
785,sounds pretty good,assertive
786,Power the world.,imperative
787,on the 8th October,assertive
788,and it's 6:15 a m,interrogative
789,i need to go to Southbend Indiana,assertive
790,it's the 10:45,assertive
791,what does he need to do,interrogative
792,the 30 pounds each  is the cheapest fare for travelling tomorrow,assertive
793,next week before Thursday for sure,assertive
794,let's assume a departure around 1:30 or 2 o'clock,assertive
795,or is someone else going to be ticketing it,interrogative
796,arrival San Fran at 10:25,interrogative
797,what i'm going to do is arrange for you to collect your ticket on the day of travel,imperative
798,Varig airlines at 9:50 a m,assertive
799,the only thing i could get would be like an aisle in smoking,assertive
800,in the morning,assertive
801,you arrive in Wilmslow for 21:18,assertive
802,the 17th,assertive
803,and is it standard class,interrogative
804,and that's going to be the Virgin Value Single at 7 pounds,assertive
805,and does anyone have a railcard,interrogative
806,it says ticket may be issued on or after,assertive
807,it's a full refund less 5 pounds if you have to cancel this ticket,assertive
808,and what is your seating preference,interrogative
809,but if he wants to go with the lowest no-penalty coach,assertive
810,the the number,assertive
811,there's an Alaska Air flight at 10:15,assertive
812,would he be continuing on or returning home,interrogative
813,it's 7 3 4 2,assertive
814,what i really need to do is check with my wife to see if she can pick me up,assertive
815,30 pound each,assertive
816,and the fare is 234 dollars and 64 cents,assertive
817,i'll go ahead and run them generally,imperative
818,Change the dirty diapers,imperative
819,that would get in at just about midnight,assertive
820,"give me your full name, please",imperative
821,you're looking for uh Saudi Arabian a... Airlines,imperative
822,i thought Monday was the 20th,assertive
823,could you give me the flight number on that then,interrogative
824,that would be United flight 2 9 7 4,assertive
825,then i'll put them in 30 C and 30 or er 30 D,imperative
826,and and then we will go ahead and book for the American Airlines,assertive
827,departing from San Francisco,assertive
828,and um i've i've made a couple of bookings um with Holiday Inn on the on the on the free phone line,assertive
829,i think tha... this is enough for him to consider  for the time being,assertive
830,it's non-stop from San Francisco to Tokyo,assertive
831,Paint a big wide smile.,imperative
832,i need his employee number please,assertive
833,he would like to be on United flight 1 1 1 7,assertive
834,you're confirmed on that one,assertive
835,that would qualify him as long as he purchased the tickets 14 days prior to that departure date,assertive
836,if your sister calls you back and says that she doesn't want it,assertive
837,and do you have any seat preference,interrogative
838,then i can just,assertive
839,Be careful about what you say.,imperative
840,or it was maybe like 11 30 or something,assertive
841,the 5th of September,interrogative
842,he needs the cheapest rate possible on this one,assertive
843,Physical Sciences Business Office at uh WWW,assertive
844,do not turn left on red,imperative
845,that's not a good new,assertive
846,This is mandatory.,imperative
847,you kn... after sort of like 4 o'clockish or something,assertive
848,Please grill the sandwich.,imperative
849,there's only two direct or non-stop flights from San Diego to Ontario,assertive
850,is it you're returning,interrogative
851,i think he really is pretty close,assertive
852,it's Wednesday the 28th of October,assertive
853,Please check the oven in five minutes.,imperative
854,the one for day time is 9 9 1,assertive
855,and i want to take whatever red eye or any other flight that i have to take to get there in time to make that transfer,imperative
856,Do not eat in class.,imperative
857,from Seattle,assertive
858,calling somebody down there to get a forty percent off a a domestic round trip coach fare,assertive
859,on what date,interrogative
860,we need the full credit card details address,assertive
861,so all all of the fares are real restrictive now today,assertive
862,can i call back in 2 minutes and book that,interrogative
863,cos there's an 8 p m departure,assertive
864,it's Monday the 20th,assertive
865,it's the 19:00 from Euston,assertive
866,i i don't want to change at Birmingham New Street,assertive
867,they've just changed the name of the ticket,assertive
868,the only,assertive
869,who's this,interrogative
870,should be San F... to San Francisco not LA,assertive
871,arrives Toronto at 7:47 a m,assertive
872,if you want to give me a call back,assertive
873,that's for the Tuesday,assertive
874,i can get them San Jose LAX at 7,assertive
875,you can leave it open for the calendar month  like you said,assertive
876,All trading should occur on the Nile.,imperative
877,and coming back,assertive
878,one way fare would be 1567,assertive
879,that's 6:53 from Durham,assertive
880,that was the one we were holding  with the American round trip,assertive
881,there's a flight out of San Francisco at 9 o'clock,assertive
882,on United,assertive
883,and then on Sunday the 18th,assertive
884,i'm not sure what time the trains are,assertive
885,Stand up.,imperative
886,tell me what you think,imperative
887,he would like to leave um possibly the afternoon of the 28th of October,assertive
888,i can have it over there like the 11th,assertive
889,you are able to get the next available train,assertive
890,nothing in between there,assertive
891,it jumps up to 9 34,assertive
892,i'm just going to check to see what's the cheapest fare available with the first class ticket,imperative
893,that's about the earliest one,assertive
894,i have a travel for uh scheduled leaving leaving on Monday,assertive
895,connects through San Francisco,assertive
896,Find me an expert in Python.,imperative
897,and then it's put in the computer,assertive
898,but abouts there's nothing at 8 o'clockish,interrogative
899,it'd be the same day,imperative
900,arriving when,interrogative
901,it's 9 8 4 1,assertive
902,it's only 9:37 to 12:30  for that trip,interrogative
903,Saturday the 10th,assertive
904,that's wonderful,assertive
905,the 16th,assertive
906,this is business travel,assertive
907,"keep your friends close, but your enemies closer",imperative
908,from Hong Kong which is eh,assertive
909,as long as you're prepared to stick to the date and time,assertive
910,and if we can make it,assertive
911,it's Liverpool to Newcastle on the 3rd of October,assertive
912,it's Piedmont flight   45 35,assertive
913,same charge number,interrogative
914,so he would be staying over a Saturday night,assertive
915,but it doesn't matter if you can't,assertive
916,all i have to do is give you the coupon,assertive
917,this is  the entire day,assertive
918,and he is going on a 2 o'clock flight,assertive
919,1:05 on Tuesday morning,interrogative
920,was that possible to go on flight 2 9 1  from Copenhagen,interrogative
921,and is it,interrogative
922,the next American's at 5:30,assertive
923,the return ticket will be there tomorrow,assertive
924,it's not for me,assertive
925,and if by chance em  i i would turn up for a later train,assertive
926,let me take a look and see from Portland to San Francisco what the earliest flight would be,assertive
927,anything else i can help you with,interrogative
928,from London to Blackpool,assertive
929,from Euston to Stockport,interrogative
930,that sounds just perfect actually,assertive
931,did you want to   uh get that that price,interrogative
932,the 29th,assertive
933,i've got the one from  Taunton to Crewe,assertive
934,Pay attention.,imperative
935,and you have to be at the train station for 10 minutes before departure time of the train,assertive
936,i only want to go for the day,assertive
937,and it's the 11 o'clock train from Birmingham,imperative
938,i have that information here,assertive
939,and what do you need to do,interrogative
940,can you tell me when that arrives in uh and what the flight number is,interrogative
941,if he takes a limousine,assertive
942,October the 15th,interrogative
943,please be quite in the library,imperative
944,and em 208 miles southeast of Fairbanks puts it right in the middle of nowhere,assertive
945,i thought we needed a travel advance from you,assertive
946,he wants to take the 1:40 from Dallas to on United,assertive
947,i don't show that he has an American frequent flyer number in his in his profile here,assertive
948,and take your letter of authorisation with you,assertive
949,and i believe it's departing at 12:25 p m,assertive
950,County Durham,assertive
951,or the highest it could go would be 2 26 08,assertive
952,but this but the 2 89 is 25 percent penalty,assertive
953,Stop giving me the creeps.,imperative
954,forward facing seats,assertive
955,and you still want to go with the compact car,interrogative
956,it's flight 1 2 6,assertive
957,the 8th,assertive
958,trying to find out on that other for GGG,assertive
959,Put down the knife,imperative
960,he wouldn't make his flight,assertive
961,Turn right in 200 feet,imperative
962,Taste the feeling.,imperative
963,4 6 0 7 leaves Ottawa at what time,interrogative
964,cos it's a Standard Open ticket,assertive
965,i was looking at the wrong  number,assertive
966,but you'll be able to travel tomorrow at 10:38 from Stockport,assertive
967,then you returning on Sunday 4th of October,assertive
968,unrestricted coach that is,assertive
969,do you have any distances easily available in your computer there,interrogative
970,they can't change anything on it,assertive
971,i wanted to change the uh uh departure date from the 10th to the 16th,imperative
972,and what type of seats would she want me to request,interrogative
973,and um on Hertz express,assertive
974,that was it,interrogative
975,Raise your hand before you ask a question.,imperative
976,do you have a railcard at all,interrogative
977,and let's check the seats,assertive
978,and there's there is no others no,interrogative
979,there's a 4:38 on United,assertive
980,Raise your hand and turn around.,imperative
981,sold out completely,interrogative
982,confirm that address for me please,assertive
983,got that,assertive
984,and you said it's yourself as the credit card holder,interrogative
985,they're going to pick him up an hour and a half prior to departure,assertive
986,it's going to be 63 pounds return,assertive
987,because you're travelling this Sunday,assertive
988,that's on Saturday the 17th,assertive
989,"Don't work alone on the assignment, it will be much more difficult.",imperative
990,i should be on your system because i've bought these every quite often,assertive
991,still on the 13th,imperative
992,and what date would you like to travel,interrogative
993,Take your medicines,imperative
994,departing on what time around,interrogative
995,and it's going to be coach  for,assertive
996,buy now while supplies last,imperative
997,and  do you have any seat preference,interrogative
998,Agency Services,assertive
999,while you're waiting,assertive
1000,what about the Wednesday,interrogative
1001,out at 4:30,assertive
1002,i suppose i'm going to have to cope with that,imperative
1003,so if we do that,assertive
1004,we have enough advance purchase time that i can get a non-refundable fare on the return,assertive
1005,between the time,interrogative
1006,1070 is completely non-penalty,assertive
1007,Bury your dog under the tree.,imperative
1008,the Super Advance,assertive
1009,Set the temperature to 80,imperative
1010,did you get a hotel or information or anything like that,interrogative
1011,and the confirmation number for that,interrogative
1012,Boil the turkey in vinegar.,imperative
1013,Always remember the person who has been nice to you. ,imperative
1014,you haven't got anything in  earlier than 9 o'clock you know around,interrogative
1015,there you go,assertive
1016,what about Monday morning  early,interrogative
1017,Wolverhampton to Euston please,assertive
1018,that's great,assertive
1019,after that,assertive
1020,good morning,assertive
1021,and your initial,interrogative
1022,if you miss any services that i have reserved you on,assertive
1023,arriving at 10:20,assertive
1024,they'll take care of that,assertive
1025,can you give me your full address please,interrogative
1026,Get to bed on time.,imperative
1027,and i think they each live fairly close to here,assertive
1028,and we've just established em two train times on the 19 pounds going through Rugby Super Saver Virgin,assertive
1029,let me put in um that we don't need that,assertive
1030,Update my calendar with the last meeting discussion.,imperative
1031,"Crouch under the wall, then slide under.",imperative
1032,this is A at American Express,assertive
1033,let me give you the fare on that,assertive
1034,today's the deadline for for buying that ticket,assertive
1035,this is A with American Express Travel,assertive
1036,and that would involve a 25 percent penalty for making any changes or refunds,assertive
1037,it'd have to be at 7 o'clock,assertive
1038,what time do you like to depart Stockport at,interrogative
1039,so you've got a choice of going through Charlotte North Carolina at 5:55,assertive
1040,leaving Friday,assertive
1041,he's going to Copenhagen today,interrogative
1042,and arrives Montreal at 10:08 a m,assertive
1043,and can i put your name please,interrogative
1044,my problem is that my family and i are leaving San Francisco on TWA at 8 o'clock in the morning  on the 8th,assertive
1045,is there any faster one,interrogative
1046,thank you for calling then,assertive
1047,unmute the device,imperative
1048,shall we wait on anything else until we know what eh what day he's returning,interrogative
1049,and then it changes to 7 5 1 at 5:16 in the afternoon,assertive
1050,you'd have to fly all the way to the east coast,assertive
1051,Birmingham New Street,assertive
1052,it's the same price anyway,assertive
1053,th...,assertive
1054,i want to leave uh Chicago somewhere around 5 p m,imperative
1055,Don't panic.,imperative
1056,because he's not going to be able to upgrade anyway,assertive
1057,there's  nothing arriving in Tokyo uh uh in the,assertive
1058,they have fare of 68 round trip,assertive
1059,round trip,assertive
1060,they have like a 6:15,assertive
1061,otherwise i'd be i'd be routing you through um through Los Angeles,assertive
1062,that's a little cruel,assertive
1063,if if worst,assertive
1064,and all i know at this uh time is my flight out uh departing on Monday,assertive
1065,the 22nd,assertive
1066,on  Monday the 5th of October,assertive
1067,the lowest airfare being declined is 59 each way on Pan Am,assertive
1068,that was a 100 and 30...,imperative
1069,Oakland has slightly different fares to Dallas than  than you know San Francisco does,assertive
1070,and departs there at 5:15,assertive
1071,can i put you on hold for just a sec,interrogative
1072,from San Jose or San Francisco,assertive
1073,and that's through Pittsburg,interrogative
1074,Write a letter to the warden.,imperative
1075,what date of travel would that be for,interrogative
1076,is this a business trip,interrogative
1077,the forms,assertive
1078,the cheapest fare that's going to be available is the Saver Return,assertive
1079,the August 1st 10:30,assertive
1080,cos he's not going to be the only person in that limousine,assertive
1081,we're going to have to reissue the ticket,imperative
1082,it's 50 per cent refund less 5 pounds,assertive
1083,are you actually checking that again,interrogative
1084,Cremate me when I die.,imperative
1085,i'm just going to book your seat going out from Euston to Crewe,imperative
1086,you're not able to get an advance purchase ticket,assertive
1087,so i should get it tomorrow,interrogative
1088,thanks for calling now,assertive
1089,cos that's  it's,assertive
1090,and it's uh it's a room with 3 beds actually,assertive
1091,it's travelling tomorrow the 2nd of October from London Euston to Birmingham New Street,assertive
1092,i don't have a profile for F,assertive
1093,that evening,assertive
1094,i might keep a car which i'll have and simply drive up,imperative
1095,of October,assertive
1096,how many people are going to be travelling on this,interrogative
1097,Drink a port.,imperative
1098,and that's your Super Saver,assertive
1099,and your postcode to where your credit card's registered to,interrogative
1100,that's on the profile,imperative
1101,this,assertive
1102,i have an appointment Monday afternoon at San Bernadino,assertive
1103,Don't go anywhere.,imperative
1104,Delta flight1 4 0 9 on the 9th of August,assertive
1105,would you please,interrogative
1106,the return flight number 2 2 5,assertive
1107,quarter past and quarter to the hour,assertive
1108,forward facing,interrogative
1109,i'm going to have to arrange for you to collect your tickets from the train station,assertive
1110,and that's departing at 7:35 from Charlotte,assertive
1111,are there seats on both of those,interrogative
1112,that's a non-refundable non-changeable ticket,assertive
1113,and there was also a Un... United flight,interrogative
1114,Post those letters.,imperative
1115,and i'm going to arrange for you to collect your tickets tomorrow from London Euston,imperative
1116,or we could look at er er portions of your trip going to change,assertive
1117,and then they're they're probably going to say 5:30 they're going to pick him up,assertive
1118,i must what,interrogative
1119,Watch the videos and report back.,imperative
1120,it's fully booked up,imperative
1121,through Dallas into San Jose at 5:27,assertive
1122,you can do that with this kind of ticket,assertive
1123,on the 20th,assertive
1124,that's why their fare is lower then everyone else's,assertive
1125,we have a profile for G,assertive
1126,what time did you come back,interrogative
1127,20 pounds,interrogative
1128,and we'll st... you know try to switch it before then if possible,imperative
1129,right,imperative
1130,it looks like it would be slightly cheaper out of Oakland,assertive
1131,and what date is it you're travelling,interrogative
1132,but i will request non smoking windows,assertive
1133,i think this is her,assertive
1134,it's just up to you which time would be better or if you have a preference  to airlines,assertive
1135,in the morning,interrogative
1136,July 11th,assertive
1137,i'm wondering if there's any erm seats available on the Super Saver,interrogative
1138,and the last name is C,assertive
1139,there'd be a 4:40 departure uh on Alaskan Air,assertive
1140,if the seats were all booked or if it was busy,assertive
1141,Don't eat my grapes. ,imperative
1142,it's  for   for,assertive
1143,i'm B with WWW,assertive
1144,that's going to get into Newark,assertive
1145,non-restrictive air fare,assertive
1146,on the 7th and 8th of August,assertive
1147,then he's   finding his way to the check out window etcetera,assertive
1148,let me just go ahead and price this and double check,assertive
1149,you don't get responses at all on them for  days,interrogative
1150,what was that mor... morning one again,interrogative
1151,Turn on wifi!,imperative
1152,leaving Burbank at 4:15 p m and getting back into San Jose at 5:20 p m,assertive
1153,that would,assertive
1154,to return to either San Jose or San Francisco San Jose is preferable only because i live down in that direction,assertive
1155,and what date is he gonna go,interrogative
1156,that's Piedmont 1 9 0 9 on the 21 of June,interrogative
1157,there is no lodging,assertive
1158,it was the Holiday Inn in Boston,assertive
1159,seat number 41,assertive
1160,the credit card number,interrogative
1161,that would be uh something in the range of 400 to 410 round trip,assertive
1162,this is B  at American Express,assertive
1163,i can i can manage that,assertive
1164,that Delta flight looks the best,assertive
1165,but before departure time of the train,assertive
1166,if you want to keep this reservation,assertive
1167,you'll have to check that one too,assertive
1168,can we make a reservation on that one now,interrogative
1169,and he said they would um look into it when they check in in San Jose,assertive
1170,you can get your... any snacks tea and coffee beverages,assertive
1171,not necessary,assertive
1172,can i have the 19:09 then as well then on the Wednesday,interrogative
1173,but is the 13:50 train still suitable on the,interrogative
1174,and  for,assertive
1175,it's the 6th of October,assertive
1176,it's a non-stop from Dulles to San Francisco,assertive
1177,the same itinerary,imperative
1178,but it's very very close to that,assertive
1179,"Don't wait for my answer, get started right away.",imperative
1180,if you be there for quarter of an hour before departure time of the train,assertive
1181,that train must be particularly booked,assertive
1182,cos they're going to increase the fare,assertive
1183,do you want uh me to make those reservations for you,interrogative
1184,arriving at  10,interrogative
1185,and first class the business around the world fare would be 2999,assertive
1186,he will be leaving uh returning actually on the the Thursday after,assertive
1187,but this is his route,assertive
1188,that's the Boston Government Center it's called,assertive
1189,or or we're still waiting,interrogative
1190,and getting back into San Jose at 2:20 p m,assertive
1191,and what we've got him on is United flight 2 8 1,assertive
1192,fully booked,assertive
1193,show me the trailer,imperative
1194,i'm checking that the fare,imperative
1195,it's from Birmingham to em London Euston please,assertive
1196,does he have a US Air frequent flyer number,interrogative
1197,i'm afraid i can't take the booking until you find the appropriate address,assertive
1198,and i will see if i can change it up until that point,assertive
1199,do you want the flight numbers on these,interrogative
1200,Order the bags of fertilzer,imperative
1201,he's not been to Tahoe before and   nor beautiful down town San Jose,assertive
1202,i have two reservations to make,assertive
1203,and then first class round trip is gonna be 4892,assertive
1204,and what time would you like to depart,interrogative
1205,early afternoon,assertive
1206,i really need,assertive
1207,and what about United Express 2 6 8 6,interrogative
1208,anytime,assertive
1209,first name H,assertive
1210,the only availability with that fare in the evening is on the 19:09 train from Leeds,assertive
1211,and what time would the plane be leaving,interrogative
1212,9 24 out of Oakland,assertive
1213,the 15:20 is the same,assertive
1214,that's an American flight out of,interrogative
1215,i'm just selecting that service for you,imperative
1216,and that's 946 one way,assertive
1217,is that correct,interrogative
1218,he wants to fl... he wants to fly from Boston,assertive
1219,it used to be Business Advance,assertive
1220,they have connections that get you in at 1:55,assertive
1221,returning the same day at 17:25,assertive
1222,and the fare on this is 162 dollars,assertive
1223,i have to forfeit the rest of it,assertive
1224,if he can go business class,assertive
1225,it's flight 4 6 0 7,assertive
1226,and your contact telephone number is,interrogative
1227,that's the 8th of October,assertive
1228,worldwide Master card,assertive
1229,did i make that clear,interrogative
1230,th... thanks for your help,assertive
1231,when i got it reissued,assertive
1232,it has to be economy,assertive
1233,it's the erm the 6th of October,assertive
1234,and when do you like to return,interrogative
1235,then there's a connecting service from Wrexham General 15:26 to arrive in Wrexham Central at 15:29,assertive
1236,and is that a a Holiday Inn also,interrogative
1237,and then we need a hotel to stay in in Richmond,assertive
1238,Have a good morning.,imperative
1239,from Stockport  station at the  booking office,assertive
1240,and getting into San Francisco at 7:13 p m,assertive
1241,on the 4 o'clock,assertive
1242,if it if it if it comes,assertive
1243,at the moment,assertive
1244,is this for a new reservation,interrogative
1245,we're going to have a pretty full day meeting on the on Tuesday the 20th,imperative
1246,and the return would be i believe US Air 2 7 7 7,assertive
1247,and it must be on the company headed paper,assertive
1248,hold it,assertive
1249,on the return flight on the Sunday,assertive
1250,basic fare quote um prices can range anywhere from a full coach fare of what 1070 round trip   all the way down to a non-refundable price of 358 dollars,assertive
1251,depends on what you'd rather do,assertive
1252,what i'm saying is that uh  the next possibility would be Hong Kong to Bangkok to Heathrow to Moscow,imperative
1253,Clean the bathrooms.,imperative
1254,because everything on this,assertive
1255,and returning on which day,interrogative
1256,you must book by 2 o'clock the day before travel,assertive
1257,but the last part from  Crewe to Hertford is a  Central train,assertive
1258,but um   i just wasn't sure how far away this is or how he gets to work in the morning,assertive
1259,departing at what time,interrogative
1260,in other words,assertive
1261,on Monday,assertive
1262,i'll provisionally book you on the one returning,imperative
1263,the uh,assertive
1264,either the 12:17 or 12:22 on Saturday the 4th of Oct...,assertive
1265,this is your booking reference number that the ticket has been booked under,assertive
1266,if he changes again,assertive
1267,it arrives into Toronto at 8:55,assertive
1268,it's coming back that's bad,assertive
1269,and there's a United flight 9 2 7,assertive
1270,you arrive in London Euston for 17 hundred,assertive
1271,the cheaper of the two would be fine,assertive
1272,Find the lost treasure. ,imperative
1273,and there are three seats in the center of the plane and then two seats again,assertive
1274,why don't we look at uh Saturday morning,interrogative
1275,i would have to keep him on the same fl... airline coming back as i sent him out on,assertive
1276,that will be valid throught the 20th of July,assertive
1277,we can we can go with that one if you want,assertive
1278,he won't have any luggage,assertive
1279,what time would you like to depart tomorrow,interrogative
1280,91 pounds will be debited from that account,assertive
1281,non-smoking window if i could,assertive
1282,and the ticket will be posted out first class post this afternoon to you,assertive
1283,need to get a pen,assertive
1284,i'll take just a second longer,assertive
1285,Dont stop me now!,imperative
1286,or,assertive
1287,hey,assertive
1288,that's a Super Advance Return at 30 pounds,assertive
1289,it would be the same airfare,assertive
1290,i'll call you back on the Dulles non-stop flight so we'll,imperative
1291,Remove all the locks,imperative
1292,it's a full refund less 5 pounds admin charge,assertive
1293,the 8th of October,assertive
1294,he got some information from this conference he's going to,assertive
1295,i'll have the ticket's over to you today,imperative
1296,cos we're looking for the cheapest way,assertive
1297,what day's he returning,interrogative
1298,i prefer that,assertive
1299,the number 1,assertive
1300,the 28th,interrogative
1301,they call it North Burigan,assertive
1302,would you like me to book for the return,interrogative
1303,please join us for breakfast,imperative
1304,it's a little important to have enough time   to let me think about that,assertive
1305,and getting into San Francisco at 11:53 a m,assertive
1306,what can i help you with,interrogative
1307,so that's the erm,assertive
1308,i'd have to keep him for that kind of fare,assertive
1309,Please go and meet me at the middle of the dance floor after you perform your song,imperative
1310,and what time do you like to depart tomorrow,interrogative
1311,and the ticket will be waiting there for you,assertive
1312,how much earlier,interrogative
1313,i was able to get you a window seat in non smoking,assertive
1314,and there i only need a double room,assertive
1315,if there is one,assertive
1316,tell you what i what i need,assertive
1317,you're going to have to get the Saver Return which is 30 pounds  70 with the railcard discount,assertive
1318,but if i only use it one way,assertive
1319,what time tomorrow would you like to depart,interrogative
1320,those you need to stay over a Saturday night for,assertive
1321,it's going to be a higher rate,assertive
1322,with the discount,interrogative
1323,this is the reference number that your tickets have been booked  under,assertive
1324,one smoking place in first class,assertive
1325,if i ask you to be there for 60 minutes before departure time on the day of travel,assertive
1326,Send message to Google from alexa.,imperative
1327,there are lower fares into Los Angeles,assertive
1328,i don't show a 10:30 one,assertive
1329,"cross the pedestrian lane, do not jay walk",imperative
1330,Do not make the naughty list,imperative
1331,"Give me a few weeks, I'll get back to you when I have time.",imperative
1332,Check your email.,imperative
1333,i can confirm him 19F going out and 19A returning,assertive
1334,the bus runs from Wilmslow at 21:30 to arrive in Stockport at 22:00,assertive
1335,and the Super Saver,interrogative
1336,and do i actually purchase those tickets at the station or d... on the train or,interrogative
1337,the only trai...,assertive
1338,Lead the pack.,imperative
1339,consider the red dress,imperative
1340,i guess you could either look under arrivals at Tokyo or departures on Saturday night Sunday morning,assertive
1341,and this is from San Francisco,interrogative
1342,there's an afternoon train aval... available at 13:35,assertive
1343,i know subject to availability,assertive
1344,would the price have gone up if i had called just a couple days in advance,interrogative
1345,Turn on the microphone.,imperative
1346,i can see what seats are available,assertive
1347,it's American Express,assertive
1348,now that we've got all that,assertive
1349,7 day advanced purchase with a Saturday night stay over,assertive
1350,it gets in at ten thirty,assertive
1351,if you do miss any services that i have reserved you on,assertive
1352,Work fast.,imperative
1353,to,interrogative
1354,we could only get middle seating for all 3 passengers,assertive
1355,there's a 25 percent penalty ticket,assertive
1356,would have to be to fly all the way to the east coast um to fly to JFK,assertive
1357,and what is your last name,interrogative
1358,departing DFW at 6:40 pm on American 3 8 9,assertive
1359,at 12 midnight  basically,assertive
1360,there is a United US Air or American at 7,assertive
1361,but you're still getting  in at two in the mo... or two in the afternoon on Monday,assertive
1362,and hopefully the business class please,assertive
1363,it's 0 5 6 5,assertive
1364,can you confirm your address for me,interrogative
1365,my appointment is at 2 o'clock,assertive
1366,i was i changed at Stafford,assertive
1367,i've put that in there,assertive
1368,and Piedmont,assertive
1369,how do you spell the last name of the traveller again,interrogative
1370,the dates times and seat numbers will be printed on the tickets for you,assertive
1371,can i give you a call right back,interrogative
1372,leaving at 6:40,assertive
1373,any others,imperative
1374,and what was the date of travel,interrogative
1375,you say that the person's travelling has a disabled railcard,imperative
1376,with the Standard Open Single,assertive
1377,and that's for  27 pounds return,assertive
1378,that's the 10:50,assertive
1379,it's round  trip,assertive
1380,if it if the system lets me book it,assertive
1381,the 20:07 would be great,assertive
1382,that's  that's a little cruel,assertive
1383,and other then that,assertive
1384,i think there's one at 7:25 Eus... London Euston,assertive
1385,where you would connect to Piedmont flight 1 2 6 7,assertive
1386,and confirm the address for me please,assertive
1387,and United will go through,assertive
1388,with the Super Saver return,assertive
1389,you are you saying there definitely is one at 10 to 6,interrogative
1390,98 dollars would be the lowest confirm... confirmable fare,assertive
1391,and also uh open return,interrogative
1392,they're still going to get you in in the afternoon on Monday,assertive
1393,this is to Tokyo,interrogative
1394,and it has to be 2 or 4 people travelling,assertive
1395,Sunday the 11th,interrogative
1396,at that time,assertive
1397,the  latest one is 14:50 in the afternoon,assertive
1398,the two carriers service that,assertive
1399,you're able to get the next available service,assertive
1400,we we don't actually have a database as such,assertive
1401,and the non-refundable is uh 14 days prior to departure and provided that the flights are available,assertive
1402,that's probably better,assertive
1403,you need a letter of authorisation then from,assertive
1404,it's from Saint Louis right,interrogative
1405,everything's going to end up London Moscow,assertive
1406,and see exactly what their times are,assertive
1407,i'd prefer that,assertive
1408,and your title please,interrogative
1409,so if you've got a little extra time or something um,assertive
1410,my surname's,assertive
1411,they don't offer any morning flights to Tokyo,assertive
1412,at what time,interrogative
1413,because you sh... should have a new ticket,assertive
1414,Come back with their head.,imperative
1415,Search for a scala developer.,imperative
1416,probably  Road,assertive
1417,it's what,interrogative
1418,because you're you're gonna still arrive Monday at 1 2 in the afternoon,assertive
1419,is it a private card or a business card,interrogative
1420,out of San Jose at 2:10,assertive
1421,that time,assertive
1422,can we put them on American,interrogative
1423,Have a safe journey.,imperative
1424,so the 4 of yous are all sitting together,assertive
1425,arriving at 15:03 in Hertford,assertive
1426,the lowest one way fare out of San Francisco would be on United at 2 o... 205 dollars one way,assertive
1427,turns out i will be coming back to San Francisco as opposed to going to Chicago,assertive
1428,i want to book the ticket,imperative
1429,what time does he want to arrive,interrogative
1430,i can't guarantee that no one will be sitting between them,assertive
1431,say  the 19th of September,assertive
1432,Turn off the living room lights.,imperative
1433,now you know  where it is,interrogative
1434,their airfare is 59 dollars,assertive
1435,i...  if somebody was in some other city and wanted to go to Moscow,assertive
1436,the 11:15,assertive
1437,the new ticket shall be sent,assertive
1438,cheers then,assertive
1439,the Super Advance is available,assertive
1440,how much would that cost,interrogative
1441,Switch off the lights.,imperative
1442,that's been booked up,assertive
1443,not the Tuesday,interrogative
1444,the 7 a m from Derby,assertive
1445,and you'll have the tickets there,assertive
1446,Do not do what you shouldn't do.,imperative
1447,and l... let me schedule the 3:31,assertive
1448,United's fine,assertive
1449,Don't forget to feed the goldfish.,imperative
1450,he has changed his plans,assertive
1451,thank you for calling,assertive
1452,i can get that the 5th of September,assertive
1453,and within California,assertive
1454,p... p... put me on the American,assertive
1455,and i have to implement all this first,assertive
1456,it's a good thing i checked with him,assertive
1457,i don't think they're going to have service that late,assertive
1458,it's either the 22:45 train in the evening   available,assertive
1459,cos i mean i might have to end up booking the other people's tickets as well,assertive
1460,but it leaves leaves the night before at 11:40 p m,assertive
1461,could you could you just uh get sort of a i mean type out a,interrogative
1462,this particular one connects through Cleveland,assertive
1463,the 5th of July,interrogative
1464,and  that's non-smoking,assertive
1465,i'll just check that for you  now,imperative
1466,the 12:21,assertive
1467,presently let me tell you what we're holding,assertive
1468,Wirral Merseyside,assertive
1469,walk for the minimum,imperative
1470,cos that was on a Wednesday,assertive
1471,get in on Thursday,assertive
1472,Walk back to Chicago,imperative
1473,they don't service Traver City,assertive
1474,it's any train,assertive
1475,it leaves at 3:45,assertive
1476,US Air flight 2 7 or,assertive
1477,the very best fare i can get you is 138 dollars uh on... round trip,assertive
1478,and then,assertive
1479,it's  for,assertive
1480,because we're going all the way that way aren't we,interrogative
1481,this ticket must be booked by 2 o'clock today,assertive
1482,Pass through the intersection and take a right in 2 miles.,imperative
1483,i know Delta airlines flies to Rochester,assertive
1484,the 14 96 is the 5 right,interrogative
1485,and how do you spell that,interrogative
1486,coming back on June 20th,assertive
1487,it's Saturday October the 31stt,assertive
1488,i've got a Piedmont flight that leaves at 5:55,assertive
1489,so it's good for booking first class,assertive
1490,can we leave it open for returning,interrogative
1491,and are we going to be doing the ticketing on these then,interrogative
1492,"Please open the door, would you?",imperative
1493,the only  the only no-stop would have to be out of La Guardia,assertive
1494,Assist in the discovery!,imperative
1495,7 o'clock a m,assertive
1496,it would be at 9:30,assertive
1497,what date do you want me to book for you,interrogative
1498,so  you just need a single,imperative
1499,that is a Saturday,assertive
1500,so it's 10:50,assertive
1501,and the 70 pounds 50 is called a Saver Return,assertive
1502,thank you then,assertive
1503,it's   9  0,assertive
1504,the Super Advance is fully booked up,assertive
1505,if it was sold out,assertive
1506,that's based on a 7 day advanced purchase or 418 round trip also 25 percent penalty,assertive
1507,but leaving at 6 in the morning and,assertive
1508,if you want to change that return,assertive
1509,"Work hard, play hard.",imperative
1510,it's Friday the 9th of October  from Liverpool Lime Street to Edinburgh,assertive
1511,and what date is it you're departing,interrogative
1512,that's,assertive
1513,and the ticket will be waiting there with your supplement as well,assertive
1514,the connection is flight 4 6 0,assertive
1515,410 round trip,interrogative
1516,the fare on this is 138 dollars,assertive
1517,about 11:15,assertive
1518,including whatever i've got going the United flight going  out,interrogative
1519,on the 2nd of August out of um Newark at um 5:40 p m,assertive
1520,and the ticket will be posted out in the first class post this afternoon,assertive
1521,and  is it yourself as is a credit and debit card holder,interrogative
1522,what time tomorrow,interrogative
1523,we have 87,assertive
1524,it's a Midland business card which is a Mastercard,assertive
1525,and that's flying to what city,interrogative
1526,and once again what time does that leave,interrogative
1527,morning of the 10th,imperative
1528,i was a little confused there,assertive
1529,22nd of June,assertive
1530,or it will or he will be charged a penalty,assertive
1531,when do you want the tickets issued,interrogative
1532,such as,assertive
1533,i think building A,assertive
1534,if i could get a Super Advance Return,assertive
1535,i won't ticket without your approval on it,assertive
1536,and you arrive in Durham at,interrogative
1537,so that's great,assertive
1538,and then connecting to a United flight 6 8 6 out of Chicago at 4:40,assertive
1539,sometimes you have to make it directly with the airline,assertive
1540,that's just great,assertive
1541,and it's a full refund less 5 pounds if you have to cancel,assertive
1542,his travel advance,interrogative
1543,on that,assertive
1544,and that's departing from Stockport tomorrow the 2nd,assertive
1545,out of Newark at 6:22  p m,imperative
1546,let's see what would get you there then,interrogative
1547,the 9:19,interrogative
1548,there is one on United that leaves Oakland at 11:30 p m and arrives Chicago 5:25 a m,assertive
1549,i just learned today that i'm going to have to go to Richmond on Friday,imperative
1550,so if there was any problems with connections,assertive
1551,expiry 1  99,assertive
1552,that's out of Chicago at 9:50 p m,assertive
1553,i'm not there,assertive
1554,he has to pay uh 20 dollars more,interrogative
1555,if you miss that,assertive
1556,cos there's there's your road m k... railway works and things,assertive
1557,if he needs that,assertive
1558,you want me to book that ticket  for you,interrogative
1559,if you leave from Portland the evening before,assertive
1560,it has to be the the person who collects the tickets that signs for,assertive
1561,i can get her get him on a 14:10 flight,assertive
1562,what and when again,interrogative
1563,just the address,assertive
1564,what's the next name,interrogative
1565,which is  great,assertive
1566,all you really need to show   is your WWW badge,assertive
1567,Show me emails from Austin.,imperative
1568,Have a coke and a smile.,imperative
1569,and the first train that i can actually get you booked on is on the 10:30 from Manchester Picadilly,assertive
1570,so there's no Super Savers available or anything on that on there,interrogative
1571,and if you miss a service that i have booked you on,assertive
1572,Brough,assertive
1573,"when buying cotton to make yourself a nice blouse, be sure that it doesn’t have gum on it, because that way it won’t hold up well after a wash; soak salt fish overnight before you cook it",imperative
1574,it's non-penalty,assertive
1575,i'm going to give you the details,imperative
1576,please send the nurse in,imperative
1577,and and then there's some some more coming up,assertive
1578,the number please,assertive
1579,and that's  8 5,assertive
1580,that's the one that's holding the the 100 dollar penalty  and the 14 day advance purchase,assertive
1581,that sounds just fine,assertive
1582,so really i could get off at Wrexham General,interrogative
1583,you would probably be in Coach,assertive
1584,arriving into Phoenix at 5:55 p m,assertive
1585,on the 15:35,assertive
1586,the 1:30 Piedmont,assertive
1587,shut the front door,imperative
1588,United,assertive
1589,i'd like to make a couple of arrangements,imperative
1590,91 pounds exactly,assertive
1591,would you still you would still want to leave around the 4 o'clock 5 o'clock hour,interrogative
1592,and you've got to stick to that,assertive
1593,you arrive in Wrexham General 14:55,assertive
1594,thank you,assertive
1595,that is subject to availability,assertive
1596,Report on what you find.,imperative
1597,i'm trying to find out which arrival is the earliest,imperative
1598,what time do you like to depart from Euston,interrogative
1599,what um,interrogative
1600,Complete these files by tomorrow.,imperative
1601,again that's operated by American Eagle,assertive
1602,and they're both in the morning on Sunday,assertive
1603,this portion was for Baltimore San Francisco only,assertive
1604,you'll have to leave on a Saturday,assertive
1605,Spy on all developers.,imperative
1606,let me check the fares,assertive
1607,the 7th of October,assertive
1608,H  first,interrogative
1609,and your charge number please,assertive
1610,that's that's probably going to be via Chicago,assertive
1611,and if i can get out,assertive
1612,i'm just going to reserve your seat just now,imperative
1613,the 16th 17th and 18th,assertive
1614,i ne... i need to know the dates days  of the week,assertive
1615,departing Preston at what time,interrogative
1616,and that would be 26 pounds 50,interrogative
1617,the trains run on the hour from Euston to Macclesfield,assertive
1618,play nice in the sandbox,imperative
1619,we can't predict what a fare is going to be,assertive
1620,and that was 77 dollars plus tax,assertive
1621,returning from Taunton at 30th of October,assertive
1622,i know there used to be one about quarter to about 7 o'clock,assertive
1623,say from 4 o'clock onwards,assertive
1624,i do have that credit card,assertive
1625,Work to achive the goals,imperative
1626,when is it you're returning,interrogative
1627,and what's um what's the confirmation number first of all,interrogative
1628,it's for 1,assertive
1629,what's his wife's name,interrogative
1630,Keep your cell phones (or laptops) closed.,imperative
1631,it would have to go,assertive
1632,on the non-stop,assertive
1633,there's there's the WWW,assertive
1634,it's a change of planes in Charlotte North Carolina,assertive
1635,9th 99,assertive
1636,and you just collect your tickets half an hour before departure time tomorrow,assertive
1637,and that would be pretty much the uh the breakdown,assertive
1638,"Play hard, work hard.",imperative
1639,arrival in Nantucket is at 10:17 a m,assertive
1640,and does the person have a railcard who's travelling,interrogative
1641,this is for B C's trip,assertive
1642,let's do that,assertive
1643,but i need to know i... if the cheap ones are still ones are still available for Saturday,assertive
1644,it's coach  for,assertive
1645,you have to make the reservation er buy the ticket within 20 hours after reservations are made,assertive
1646,Kill the butterfly.,imperative
1647,i'm not i'm still making uh reservations or er appointments for the rest of the week,assertive
1648,we don't need to make reservations in the hotel,assertive
1649,27 pounds will be debited from that account,assertive
1650,i'm just checking to see whether or not the Super Advance with the railcard is available  so you can get a reduced rate travelling,imperative
1651,that's all confirmed,assertive
1652,it's just a matter of,assertive
1653,it's what's in his profile,assertive
1654,beginning of the week after next,assertive
1655,and your contact telephone number please,assertive
1656,leaving probabl... the 7th,assertive
1657,depends on what part of Wrexham you're travelling to,assertive
1658,and it's the booking office that you go into,assertive
1659,connecting to United flight 8 6 1,assertive
1660,where does it stop,interrogative
1661,you got me exactly where it is,assertive
1662,there's a first Open Return at a 100 and 33 pounds,assertive
1663,hold that TWA,assertive
1664,non-stop service,assertive
1665,and that's on Wednesday the 7th,assertive
1666,that's United,assertive
1667,i think we'll stick with US Air number i think 2 9 0 8,imperative
1668,and your ex... extension at WWW,interrogative
1669,you only gave me  British Airways,assertive
1670,if you wanted to change the time of that travel,assertive
1671,the 28th of August,assertive
1672,this is A from American Express,assertive
1673,July 12th,assertive
1674,i'm just checking it now,assertive
1675,this is B C at WWW,assertive
1676,and the fare on this is a 198 dollars,assertive
1677,arriving San Franciscso 2:20 a m,assertive
1678,there's only like a dollar difference between compact and midsized,assertive
1679,it's American flight 1 4 0  4,assertive
1680,and the purchase restrictions were 21 days in advance,assertive
1681,i... it's really going to be crazy routing to do it that way,assertive
1682,United doesn't service,assertive
1683,on the 14th of July,interrogative
1684,getting into San Francisco at 2:30 in the morning,assertive
1685,2 tickets will be posted out to you this afternoon first class mail,assertive
1686,how much is the cost of the train journey then please,interrogative
1687,we're talking about the Super Advance again,interrogative
1688,there's a like i say a 7 a m flight in the morning  out of San Diego,assertive
1689,the 61 pounds 50 is called a Super Saver,assertive
1690,we would have to issue the ticket today,assertive
1691,if you  don't want to specify a time,assertive
1692,also 3:30 p m,assertive
1693,we do a generic profile,assertive
1694,it's 1076 is the lowest fare that we could confirm,assertive
1695,on the Sunday,assertive
1696,you want to book that,interrogative
1697,i'm just checking on whose reservation i was in right now,assertive
1698,Research Triangle Park,assertive
1699,trying to work that out,assertive
1700,those are the only two available,assertive
1701,it is 200 dollars more,assertive
1702,Swing the golf club harder next time!,imperative
1703,seat number 15,assertive
1704,oversold the flight or something,imperative
1705,and you just collect your tickets 50 minutes before departure time tomorrow,assertive
1706,i've booked that for you,assertive
1707,arriving in Liverpool Lime Street at 10:50,assertive
1708,"Touch the great artery. Feel it bound like a deer in the might of its lightness, and know the thunderless boil of the blood. Lean for a bit against this bone. It is the only memento you will leave to this earth. Its tacitness is everlasting. In the hush of the tissue wait with me for the shaft of pronouncement. Press your ear against this body, the way you did when you were a child holding a seashell and heard faintly the half-remembered, longed-for sea.",imperative
1709,what about the next  best option for 19:00,interrogative
1710,that's available as well,assertive
1711,and they're signposted Telesales Collection,assertive
1712,and the only thing that uh was a stumbling block in the reservations was the return seat on American flight 3 7 2,assertive
1713,you just need the credit card's address,interrogative
1714,there's different carriers Bangkok to Heathrow to Moscow,assertive
1715,do they both go on the same,interrogative
1716,you need to be there for 50 minutes before departure time,assertive
1717,do you still provide the personal service of making reservations for WWW employees for air reservation,interrogative
1718,it's for one person,assertive
1719,United is,assertive
1720,and that's ok,assertive
1721,i'm just going to check to see what's your cheapest fare available to you,imperative
1722,will you be using this information to start a a profile for H F,interrogative
1723,getting you back in at 7:48,assertive
1724,but the credit card holder must be at the train station to collect the ticket,assertive
1725,out of Montreal at 8:03 p m,assertive
1726,the number 2,assertive
1727,you just want first class,imperative
1728,and they have to be confirmed,assertive
1729,so the only seats are left are in smoking,assertive
1730,if we go from Orlando to Miami on the Delta,assertive
1731,arriving in Newton Abbot is ok,assertive
1732,and is it less be... on on the way back because of the stop,interrogative
1733,it's Piedmont,assertive
1734,i'm just checking Sunday  now,assertive
1735,he's going to go San Francisco to Newark,assertive
1736,then it's treble  as in,assertive
1737,or unless you wanted to go with the fare that had no penalty,assertive
1738,for er Thursd... Saturday the 17th of October,assertive
1739,Park your car here.,imperative
1740,Flip the table.,imperative
1741,Don't choke.,imperative
1742,otherwise there's um more through Bangkok,assertive
1743,arriving at 19:13,assertive
1744,it's the 5th 2,assertive
1745,there are three point connections available,assertive
1746,and you have to have some type of government badge or government id,assertive
1747,i can give you a home phone number as well if you want,assertive
1748,it will be later that day,assertive
1749,it's going to be wide open on all of them at th... this far in advance,assertive
1750,and about what time,interrogative
1751,so that's that's a a wash,assertive
1752,the Thursday after,assertive
1753,Don't lose your way.,imperative
1754,Lets take a walk,imperative
1755,because we do not  have one in his profile,assertive
1756,that's a return  as well,interrogative
1757,Don't eat the cookies,imperative
1758,leaving Monday morning,assertive
1759,can you tell me what it costs for Business Class fo... for uh round trip,interrogative
1760,to Las Vegas on what date,interrogative
1761,connects with American flight 4 3 0 6,assertive
1762,and that's backward travel,assertive
1763,that's going to be sold out um,assertive
1764,Remember the Sabbath day by keeping it holy.,imperative
1765,this is called a Super Advance Return,assertive
1766,thi... that's what i'm trying to explain,imperative
1767,"After that, add a little milk.",imperative
1768,and those are the only ones i have right up you know before 6,assertive
1769,that's American flight 6 2 7 on the 2nd of August,imperative
1770,going out,interrogative
1771,cos the the two seats,assertive
1772,US Air flight 2 7 8 2,interrogative
1773,if i happen to miss a flight,assertive
1774,the total price is 48 pounds,assertive
1775,it's a full refund less 5 pounds  if you have to cancel your ticket,assertive
1776,that might do for me,assertive
1777,and into San Francisco at 8:33,assertive
1778,we've got that number in the system here i believe,assertive
1779,did you want me to verify it or uh,interrogative
1780,the first train available is 10 fi... 25 in the morning,assertive
1781,Monday isn't the best time,assertive
1782,then it's  6 7,assertive
1783,i've just checked these train times,assertive
1784,i don't think i can make it to that one,assertive
1785,Fairbanks would be the closest for it,assertive
1786,"Tell everyone goodnight, I'll see everyone early tomorrow.",imperative
1787,if a fare if the computer's telling us that it's going to go higher,assertive
1788,that's what i was wondering,assertive
1789,there's no actual name  printed on the ticket,assertive
1790,the fare the cheapest fare that i'm checking for is 19 pounds Virgin Value fare,assertive
1791,i'm going to throw this past him,imperative
1792,Hand over the assignment.,imperative
1793,cos they need that while they're on the train,assertive
1794,and then you're gonna call back with the rest of the itinerary on this,interrogative
1795,Su... Sunday the 4th,interrogative
1796,arriving Rugby at 16:05,assertive
1797,Lock the door!,imperative
1798,let me  go ahead and take care of it and get seat assignments,assertive
1799,leave the package at the door,imperative
1800,you can get the Virgin Value Single at 7 pounds,assertive
1801,Go to bed early.,imperative
1802,what i'm going to do is,imperative
1803,that's a flight that st... uh goes through San Jose,assertive
1804,what date is it you're travelling,interrogative
1805,and there'd be a middle seat that's empty between them right now,assertive
1806,what  what price is that,interrogative
1807,so what it boils down to is just one flight getting out of there,interrogative
1808,and they've changed some of the ticket names,assertive
1809,if he were travelling midweek still staying over a Saturday night,assertive
1810,i'm going to arrange for you to collect your ticket from the train station,imperative
1811,between those times,assertive
1812,does it have an issue number,interrogative
1813,that's not bad is it,interrogative
1814,what if i book,interrogative
1815,it sounds funny when they  have,assertive
1816,but the only train that is available is the 7:56 in the morning,assertive
1817,Give us the gate key.,imperative
1818,and did you want to go on the same same flight into Raleigh at 7:50 in the morning  nonstop,interrogative
1819,and this is travel from what city to what city,interrogative
1820,the only time that i can get availability on  is if you're travelling from Euston station at 9:35 in the morning,assertive
1821,that means tomorrow,assertive
1822,with the new timetable,assertive
1823,that would be where we'd have to ask for,assertive
1824,i'm going to have to arrange for the person to collect the tickets at the train station,imperative
1825,is it going to be for domestic travel,interrogative
1826,Don't let your dad know.,imperative
1827,it really isn't worth considering,assertive
1828,so it would be a Korean Airline 11 a m arriving 2:10 on Friday,assertive
1829,Sit closer.,imperative
1830,a later non-stop at 9,interrogative
1831,there is not an American flight,assertive
1832,and then we'll go to the next one,imperative
1833,but i'm not really fussy,assertive
1834,it's for 2 nights,assertive
1835,Delta has a flight at 7:05 a m,assertive
1836,this is for B,assertive
1837,a... i assumed that,assertive
1838,you're travelling from Liverpool Lime Street to Newcastle on Sunday,assertive
1839,is this going  back to,interrogative
1840,there's a United at 8:55,assertive
1841,fare is gonna be a lot higher for that one,assertive
1842,that's  what i need to find out,assertive
1843,there's not an advance purchase tickets available now,assertive
1844,4:50 sounds good,assertive
1845,but it'll be the same routing,assertive
1846,we're not even considering coach,assertive
1847,i have to be there for the July 4th weekend,assertive
1848,that's gonna be two fifty eight round trip instead of two ninety  six,assertive
1849,he's on American flight 2 6 2,assertive
1850,if you're travelling back on a Sunday,assertive
1851,i guess you've already got his tickets,interrogative
1852,probably around midnight or 11 at night,assertive
1853,from Macclesfield to London Euston return,assertive
1854,has it'll,assertive
1855,where's he going from to,interrogative
1856,and checking out on the 9th,assertive
1857,it's the last week of June,assertive
1858,Check the current value before purchasing.,imperative
1859,let's let's  go to another city first,assertive
1860,changing at Birmingham New Street,assertive
1861,Monday the 5th,assertive
1862,what d...,imperative
1863,what's the choice,interrogative
1864,and why don't you bring up my record,interrogative
1865,i don't know if this is the same trip we're thinking of,assertive
1866,but it it comes out at WWW,assertive
1867,so it's lower to go to LA i guess,assertive
1868,so you need to get  the bus from Macclesfield to Wilmslow then Wilmslow to Euston,assertive
1869,it's a 9 p m,assertive
1870,i don't have to be there until about 10 o'clock,assertive
1871,it wi... will be near the John Wayne Airport i guess,assertive
1872,or it's 18:38,assertive
1873,cos what's the other one,interrogative
1874,their last flight would be at 4:35 p m,assertive
1875,what what what availability do you have er from Euston to Wilmslow,interrogative
1876,and they don't need a car either,assertive
1877,and then he would take another flight to Heathrow,assertive
1878,travelling tomorrow on the 15 20 train,assertive
1879,Become a better person,imperative
1880,i you know i got a confirmation number from them,assertive
1881,63 pounds return,assertive
1882,there's there's a United,assertive
1883,the lowest require a confirmed return,assertive
1884,can you do that  one,interrogative
1885,and then on the Thursday,assertive
1886,he wants to go San Francisco to Phoenix on Monday June 17th,assertive
1887,and that's the 2nd,interrogative
1888,and the fare  is 19 pound 80,imperative
1889,leaving on the 16th Delta,assertive
1890,1 0 4 1 out of Vancouver,assertive
1891,"Aristotle, eleveate the matter.",imperative
1892,and it's 05,interrogative
1893,why don't i say um,interrogative
1894,through Pittsburg,interrogative
1895,or can you do for a week,interrogative
1896,about lunch time,assertive
1897,let's say mid-July,assertive
1898,9:50 9:50 a m arrives at what time,interrogative
1899,just checking that for you,assertive
1900,i'd almost i'd almost say uh the 5 ought to be able to do it,assertive
1901,subject to availability,assertive
1902,is this going to be business or personal,interrogative
1903,aisle seating is confirmed for the outbound,assertive
1904,this traveller is making,assertive
1905,it's Continental 8 2 4 on the 28th of July,assertive
1906,and the first one,assertive
1907,that's one,assertive
1908,please,assertive
1909,so they're either 8 minutes to 9 or 8 minutes to 10,assertive
1910,"let him cool down, then ask about the incident",imperative
1911,that's Hertz,assertive
1912,you mean departing from Helsinki to uh or Hong Kong  Helsinki,interrogative
1913,and we'd have to ticket it by Tuesday,assertive
1914,United flight 1 2 0 9,assertive
1915,evening would be fine,assertive
1916,you come back at any time,assertive
1917,if if he needs that right,imperative
1918,th... that's wrong,assertive
1919,Swing hard johnny!,imperative
1920,still no penalties e... either of them,assertive
1921,and that's spelled how,interrogative
1922,it's the  the 7th,assertive
1923,but you're flying back across the US to go to Tokyo,assertive
1924,and that's Monday the 5th of October,assertive
1925,if i leave on Thursday,assertive
1926,you arrive in Birmingham New Street at 10:15,assertive
1927,Live in peace,imperative
1928,Don't listen to a word I say.,imperative
1929,if you just like to bear with me a moment please,assertive
1930,is the credit card got a specific name on the card,interrogative
1931,that goes from Orange County to Lake Tahoe via San Jose,assertive
1932,is it yourself that is the credit card holder,interrogative
1933,is there any chance we can get the two of them together,interrogative
1934,Complete the model validation.,imperative
1935,what do you mean,interrogative
1936,the traveller will be CCC DDD,assertive
1937,aisle or window,interrogative
1938,do know wha... which award um,imperative
1939,same time as the other one,interrogative
1940,it's just a flat one way,interrogative
1941,returning the 10th,assertive
1942,from here,assertive
1943,he has a a family railcard,assertive
1944,is that the same day,interrogative
1945,it was worse  back,assertive
1946,and that's the 15:41 in the  afternoon,assertive
1947,cos they're all subject to what days you're travelling,assertive
1948,it's 05,assertive
1949,you want the 20:13 in the evening,interrogative
1950,to Orlando and then on to Miami and then,interrogative
1951,Invade france from the north,imperative
1952,do you have my frequent flyer number,interrogative
1953,i'm just thinking the convenience of the traveller,assertive
1954,Don't eat so much.,imperative
1955,as far as getting there,assertive
1956,the 28th is a Wednesday,assertive
1957,if any changes are made,assertive
1958,it's a little better out of San Jose,assertive
1959,Rise against the tyrannical government,imperative
1960,and it's subject to availability and 5 pounds charge,assertive
1961,or back-to-back as best as possible,assertive
1962,we have to get him to Riyadh one way or another,assertive
1963,shut the door,imperative
1964,and just confirm the rest of the address please,assertive
1965,let me take a look and price them both,assertive
1966,Breathe in the smoke.,imperative
1967,i spoke to you about 20 minutes ago about uh Japan around the world,assertive
1968,which one would you prefer,interrogative
1969,he's not,interrogative
1970,then on the return,assertive
1971,there's it it's cheaper actually if,assertive
1972,i better let E do his own,assertive
1973,let's see which way we can do this,assertive
1974,you're not going to get the lowest fare,assertive
1975,from Euston,assertive
1976,it's 15 2 54  Road,assertive
1977,why don't i just wait,interrogative
1978,is that going to foul up my ticketing,interrogative
1979,must be really busy,assertive
1980,if you had to change in the time of travel,assertive
1981,with an open return,assertive
1982,let me look there,assertive
1983,it it's 1 2 7 0,assertive
1984,you'd need to travel out an hour later on Saturday and come back on the 19:59 train in the evening on Monday,assertive
1985,he wants to change um United to U US Air,assertive
1986,Anchorage,assertive
1987,if you have to cancel however,assertive
1988,and um i need one more thing,assertive
1989,that sure is,assertive
1990,there's a flight offered,assertive
1991,leaving at 5:58,assertive
1992,what flights do you have returning to uh Orange county uh late afternoon,interrogative
1993,the normal connection would be a 5:55 departure,assertive
1994,and round trip fare is 198 dollars non-penalty,assertive
1995,the the er,assertive
1996,i have a feeling we're in Menlo Park,assertive
1997,that has now being booked up for tomorrow,assertive
1998,do you want me to book the seat just now,interrogative
1999,what about your,interrogative
2000,but  it's,assertive
2001,but i don't know if that's like going to be enough time to check in,assertive
2002,that's what it's giving me,assertive
2003,that's about where it belongs,assertive
2004,i've got a couple of queries first,assertive
2005,is there anything earlier or not at all,interrogative
2006,i can't actually take it with me,assertive
2007,what i'm going to have to do is arrange for you to collect your tickets from the train station,imperative
2008,what is that,interrogative
2009,that connects through Dallas,assertive
2010,you depart Birmingham New Street at 13:18,assertive
2011,Wait for it!,imperative
2012,arriving at 10:11,assertive
2013,they have a 98 one way and then a 148 one way,assertive
2014,you arrive in Wilmslow for 16:25,assertive
2015,next one is simple from   SFO to Washington DC and return,assertive
2016,seat number 6,assertive
2017,that's what i meant,assertive
2018,but with the Virgin Value fare,assertive
2019,"Complete all your work, or else!",imperative
2020,the postcode,interrogative
2021,they give really good service,assertive
2022,if i ask you to be there for half an hour before departure time of the train,assertive
2023,his travel advance is,interrogative
2024,first name is CC,assertive
2025,i fancy sort of,assertive
2026,i'm i'm thinking this is a minister that's going to be doing a wedding,assertive
2027,Redo all the work.,imperative
2028,the cheapest fare the is available travelling that day now  is going to be the Super Advance Return which is 33 pounds 50 each,assertive
2029,so it's just a Single,interrogative
2030,Saturday morning,interrogative
2031,and first class 3999,assertive
2032,this will be exactly the duplicate for Mr HHH,assertive
2033,Add the items to the shopping list so we don't forget next time we go.,imperative
2034,or you want me to ticket something with an open ticket,interrogative
2035,it is 1 8,assertive
2036,then it's a full refund less 5 pounds admin charge,assertive
2037,get the 3:30 flight please,assertive
2038,it's just that there's erm distance between  the stations,assertive
2039,the travel advance is,assertive
2040,what's the last name of the  passenger,interrogative
2041,can't do that,assertive
2042,out of San Francisco,assertive
2043,Mix together sugar and salt.,imperative
2044,i'd like it on my American Express card,assertive
2045,this is A,assertive
2046,and a DC 9,assertive
2047,he's going to Washington,interrogative
2048,what are we changing this to,interrogative
2049,"go back to South Carolina, go back to Georgia,",imperative
2050,departing out of San Francisco at 12 noon,assertive
2051,and getting into Syracuse at 5:11 p m,assertive
2052,he'll take that one,assertive
2053,that's enough,assertive
2054,it makes three  stops,assertive
2055,but they said there wasn't  there was only one a day from Liverpool,assertive
2056,otherwise do you want me to set up for a new ticket to be run for you,interrogative
2057,that's just American,interrogative
2058,we're just going to leave it with an open return,imperative
2059,CCC,assertive
2060,it's a bus from Macclesfield to Wilmslow departing 15:55,assertive
2061,Come into my  home,imperative
2062,that's brilliant,assertive
2063,when could i,interrogative
2064,and then you would connect with American flight 4 2 0 8,imperative
2065,from Euston to Manchester Picadilly please,assertive
2066,ge... are there any direct flights at all,interrogative
2067,it isn't actually,assertive
2068,whatever,interrogative
2069,Turn off bluetooth,imperative
2070,i'm i'm all set on that one,imperative
2071,for the 8  25 a m departure,assertive
2072,the 2 no-stops are on Canadian Airlines,assertive
2073,and then there's the flight from Nantucket back to Boston on Friday,assertive
2074,Cure the sick.,imperative
2075,th... there's a flight,assertive
2076,it's just that there's been new restrictions been added  since the 7th of September,assertive
2077,to be perfectly honest,assertive
2078,Love me too.,imperative
2079,the bus from Macclesfield at 15:55,assertive
2080,Discover the fall of the Roman Empire.,imperative
2081,it goes that way,assertive
2082,Turn left at the intersection.,imperative
2083,you arrive in Edinburgh at 13:30,assertive
2084,when i last did that,assertive
2085,and the date you need to leave,interrogative
2086,i want to pull a map,imperative
2087,i'm unfortunately i haven't got a copy of the a current copy of the timetable with me,assertive
2088,this is uh B,assertive
2089,they're on the same route,assertive
2090,or United has a 12 0  1 a m departure that arrives at Chicago 5:52 a m,assertive
2091,i want to try to take advantage of any Savers that are available,imperative
2092,the next one's 16:20,assertive
2093,arriving at 12:32 o'clock  in Stockport,assertive
2094,the other person,assertive
2095,American is the 9:50 flight,assertive
2096,connecting to US Air flight 3 0 1,assertive
2097,is that 4 adults,interrogative
2098,i'll i'll worry about the car in Southbend myself,imperative
2099,then let me go with 2 0 2 0 one E,assertive
2100,we are talking like a non-refundable fare correct,interrogative
2101,do i just purchase it for that day for those days   and travel any time,interrogative
2102,is there um,interrogative
2103,coming back,assertive
2104,this is B C WWW,assertive
2105,you're travelling tomorrow from Stockport,assertive
2106,arriving at 8:30 in London Euston,assertive
2107,i'm going up there this afternoon,imperative
2108,leaving San Jose at 7 a m,assertive
2109,if you cancel the Virgin Value,assertive
2110,that would be 2 95 each direction,assertive
2111,if that's going to make a difference,assertive
2112,about like at least by 6,assertive
2113,and when did you want to leave Chicago,interrogative
2114,the non-lowest non-penalty fare in that case would be 1010,assertive
2115,it's departing tomorrow 11:15 from Euston,assertive
2116,there's one Hong Kong to Tokyo to London to Moscow,assertive
2117,that's no good,assertive
2118,but you're defeating the whole purpose,assertive
2119,it is uh waivable the 25 percent,assertive
2120,i need the surname of the credit card holder please,interrogative
2121,Add your comments to the document.,imperative
2122,within my reservation,interrogative
2123,from Leicester to Newton Abbot,assertive
2124,what's your first 1 or 2 morning flights on the 9th,interrogative
2125,and that's um ge... leaving at 9 p m from San Francisco,assertive
2126,i guess that's it,assertive
2127,the total amount debited is 38 pounds,assertive
2128,which is the,interrogative
2129,the 17 hundred from Edinburgh,interrogative
2130,could you give me your credit card number,interrogative
2131,either the 27th or the 28th of October,assertive
2132,because the Delta flight would price lower than the uh Continental he had been booked on,assertive
2133,Remove any batteries from your luggage.,imperative
2134,and once again that's smoking,assertive
2135,you can only get up to 4 adults on a family card,assertive
2136,there's a train,assertive
2137,"Turn on the lights, so it's not dark",imperative
2138,you can leave that open,assertive
2139,so it's Northwest or American,imperative
2140,that's Delta flight,assertive
2141,we're getting a fare here of 398 dollars round trip,assertive
2142,i don't think he wanted to to spend 29 each way to be committed to it,assertive
2143,perhaps we can build our own like you say,assertive
2144,the twoso...  the twosome is no longer an available ticket,assertive
2145,flight 9 27,assertive
2146,into Las Vegas at 3:20,assertive
2147,and when would you like me to send this ticket over to you,interrogative
2148,and then take a Japan Airlines from Los Angeles at 10 a m,assertive
2149,i haven't confirmed it yet,assertive
2150,if you split that up,assertive
2151,we... are these  these called,interrogative
2152,there is no penalties or anything,assertive
2153,you're right,assertive
2154,and continuing or returning when,interrogative
2155,Play me a tune from your trumpet,imperative
2156,on the um on the outbound,assertive
2157,that's Alaska Airlines,interrogative
2158,would you like me to book this ticket for you,interrogative
2159,and he said around 6 p m,assertive
2160,is that  for,interrogative
2161,and it's a change of planes in Dallas and into  San Jose a... at 11,assertive
2162,then if it was due to the coach,assertive
2163,from Euston London,imperative
2164,i think they then have another one at,assertive
2165,could i have front facing from Taunton to erm,interrogative
2166,have they had a price increase,interrogative
2167,and the Visa number,interrogative
2168,this is B B,assertive
2169,4 98 each direction,assertive
2170,that's all right,assertive
2171,i would imagine we could depart around 5,assertive
2172,there's a train at 14:58 from Edinburgh,assertive
2173,and his employee number,assertive
2174,you must stick to the date and time that you book,assertive
2175,i'll just check that for you,imperative
2176,and they're leaving from Wigan at 12:28 to Edinburgh,assertive
2177,that's  non-smoking,assertive
2178,go ahead with that,imperative
2179,because i think he's going to fly back up to New York and come back on his regularly scheduled return on Saturday,assertive
2180,and they don't offer night service from the west coast to Tokyo,assertive
2181,that sounds ideal,assertive
2182,there's a United at 6:26,assertive
2183,you must book your return,assertive
2184,you've just got to stipulate the date and time,assertive
2185,if he takes the limousine,assertive
2186,returning the same day at 17:30 from London St Pancreas,assertive
2187,that 524 dollars one way,imperative
2188,it's not so important,assertive
2189,then you're all set and non-penalty fare,assertive
2190,the... they're going to go around and make pick ups,assertive
2191,and you are,interrogative
2192,the long number across the switch card,interrogative
2193,that would get you there at 4 o'clock,assertive
2194,can i make the reservation and and change it by tomorrow,interrogative
2195,what time around did you initially want to get,interrogative
2196,that gets in at 5:14,assertive
2197,arriving Chicago 5:52,assertive
2198,and the long number across the Visa please,interrogative
2199,connects to Air Canada flight 7 5 0 7,assertive
2200,i need your long number across your swi... your credit card,imperative
2201,lemme look at the return and see if that might have something to do with it,assertive
2202,it's a ro... round trip,assertive
2203,are you travelling by train today,interrogative
2204,that's on the 19th,imperative
2205,that's if just want the postcode or,assertive
2206,and the 2,assertive
2207,really,interrogative
2208,on a Friday,assertive
2209,turn right on red,imperative
2210,it would probably be uh leaving on June 17th,assertive
2211,business class is a minimum,assertive
2212,spelt with an,assertive
2213,and what time do you need to be in San Bernadino by,interrogative
2214,it is sold out,assertive
2215,and i guess a couple of United connections,assertive
2216,which is the 9th i think,assertive
2217,and what about a car or hotel up there,interrogative
2218,then it's the 14:52 from Crewe,assertive
2219,and your two sets of tickets will be waiting there,assertive
2220,the only way we'll start a permanent profile,imperative
2221,that sounds  good,assertive
2222,to 5:05,imperative
2223,that's kind of what  i thought,assertive
2224,and then on his return,assertive
2225,and this is on the 21st of June,interrogative
2226,tomorrow as well,assertive
2227,were you looking at leaving after work around 5 p mish or something,interrogative
2228,i see what you mean,assertive
2229,tell me what you think,imperative
2230,you need to do so by by  this afternoon,assertive
2231,don't mind that,assertive
2232,so that's probably why it's so  so low,assertive
2233,Monday the,assertive
2234,then,assertive
2235,but that 9:05 is booked up on the outward service,assertive
2236,it arrives Copenhagen at 1:05 p m on the 27th of May,assertive
2237,i just want you to understand that,assertive
2238,did you need any hotels for this,interrogative
2239,let me talk it over with him uh,assertive
2240,so if you have,assertive
2241,returning that day,assertive
2242,i'll just catch a cab from Wilmslow,imperative
2243,the lowest airfare would be on Pan Am at 6 a m,assertive
2244,it's uh a regular um mileage plus upgrade where you use the miles you've accumulated,assertive
2245,i'll take that 4:38 United 5 2 5,imperative
2246,other than that,assertive
2247,address on that one,assertive
2248,you get a full refund less 5 pounds  if you cancel by 2 o'clock the day before the outward  journey,assertive
2249,the Super Saver is not valid at that time in the morning,assertive
2250,and what date you'd like to travel out on,interrogative
2251,9 o'clock p m,assertive
2252,there's unfortunately there are no um aisles across from each other this way,assertive
2253,so that's gonna have to do,assertive
2254,Keep an eye on the time.,imperative
2255,so i can still leave during this 6:53,interrogative
2256,after work on that day,assertive
2257,so um we generate the tickets from here,assertive
2258,maybe that's why it's so cheap,assertive
2259,that's United flight 4 7 0,assertive
2260,tomorrow  please,assertive
2261,i can get it off anoth ... another person  who has it,assertive
2262,do you not know the person who you're booking the travel for,interrogative
2263,19 pound 80 is a Return innit,interrogative
2264,and the number please,assertive
2265,End my call,imperative
2266,Edit the document adding our comments.,imperative
2267,who's calling please,interrogative
2268,you want to do that,interrogative
2269,it's flight 8 6 5 on Tuesday the 6th,assertive
2270,and what date would you like to travel out,interrogative
2271,i think it that would have to be using a 25 percent penalty on TWA,assertive
2272,if you just bear with me a moment,assertive
2273,but we're not always getting them,assertive
2274,why not,interrogative
2275,i'd like to purchase a ticket for the journey from Euston to Liverpool Lime Street,imperative
2276,and that address for me please,interrogative
2277,and that is a non-refundable fare,assertive
2278,the 51 pounds,assertive
2279,the cheapest fare available is going to be the Apex at 26 pounds 50 return,assertive
2280,then departing there at 16:06 to arrive in Leicester at 17:01,assertive
2281,what about the 15:20,interrogative
2282,it is available on Tuesday morning at 1:05 in the morning,assertive
2283,but it won't matter if the ticket says that time will it,interrogative
2284,i'll just going to reserve your seats,imperative
2285,and what else needed to be changed then,interrogative
2286,you said by the lowest fare available you,imperative
2287,that is  don't matter,assertive
2288,and his travel advance number,interrogative
2289,thing,assertive
2290,why didn't we go ahead and book him on the um American flight leaving at 6:22   through Dallas,interrogative
2291,and do you have a railcard at all,interrogative
2292,on that train,assertive
2293,you must do so by 6 o'clock the day before,assertive
2294,and i want to go on a value place tomorrow,imperative
2295,about 6,assertive
2296,what was the time on the 8th that you wanted to come back around,interrogative
2297,i don't know if i can get them together,assertive
2298,those are 78 round trip,assertive
2299,a table would be good,assertive
2300,cos it is the day of the departure,assertive
2301,you arrive in Wrexham General at 14:55,assertive
2302,Pause the song,imperative
2303,that'll be 30 pounds each,assertive
2304,Turn off airplane mode,imperative
2305,and that's going out on the Saturday the 17th at 13:50,assertive
2306,they don't have morning service that will get you there any earlier,assertive
2307,when i've done this journey,assertive
2308,on the 5th of June,assertive
2309,i was wanting to make some arrangements for a trip that i'm going to be taking uh to LA,imperative
2310,and they're g... and they were to go to,assertive
2311,i seem to have a very slow computer here,assertive
2312,and how many people's travelling,interrogative
2313,is is there one one that gets there just a little bit earlier   in case of any problems,interrogative
2314,and your two sets of tickets will be waiting there,imperative
2315,that's the schedule for December,assertive
2316,what's your expiry date,interrogative
2317,t... the buses that we've put on is specifically for  connecting with the trains,assertive
2318,Be there at 4am,imperative
2319,and  i can leave Leeds at,interrogative
2320,there might be two of us,assertive
2321,coach business and first,interrogative
2322,this is to San Jose did you say,interrogative
2323,this is tough isn't it,interrogative
2324,but that also includes any tea and coffee complimentary meal,assertive
2325,thanks for calling,assertive
2326,that's that's ok now,assertive
2327,i uh wanted to check to see if it was possible to reput me back on that 2 2 9 flight,imperative
2328,how about the 28th,interrogative
2329,let me see what we have um seating-wise,assertive
2330,bring me a suitcase from my closet,imperative
2331,let me pull up the profile for him,assertive
2332,that's on Alaska,assertive
2333,what i have to do is like a generic request instead of asking for specific seats,assertive
2334,i i'll go ahead and book that,imperative
2335,i it's it's um for my own my own flight,assertive
2336,Show me the TV guide,imperative
2337,Save the date.,imperative
2338,14:18 in the afternoon,assertive
2339,Reboot the computer,imperative
2340,they've not actually got the appropriate ticket on their booking system,assertive
2341,i i'll just you know book the US Air,imperative
2342,please find my yellow leotard.,imperative
2343,but the...,assertive
2344,right,interrogative
2345,w... what's your advice,interrogative
2346,it's 25 percent penalty um attached to all all of those fares economy business and first,assertive
2347,it's it's in that ballpark,assertive
2348,and it's 50,assertive
2349,is the 3rd 99,assertive
2350,and  going to arrange for you to collect your tickets from the train station,assertive
2351,and the 2 weeks will be what,interrogative
2352,and then i don't know if you even want to hear the coach round trip,interrogative
2353,but when would you prefer,interrogative
2354,and coming back when,interrogative
2355,i just have a question first before i i purchase my ticket,assertive
2356,and that,assertive
2357,does it matter to them,interrogative
2358,and this is just going to be one way only right,interrogative
2359,there's an eight o'clock i believe United flight,assertive
2360,"Heat the house, so you don't freeze.",imperative
2361,just get the arrival time again,assertive
2362,the earliest if it's available would be the Japan Airlines,assertive
2363,it's 10 to the hour,assertive
2364,we will actually phone and have to confirm this reservation with  Southwestern,assertive
2365,these will be ready,assertive
2366,i'll pay the extra money,imperative
2367,thanks for your help,assertive
2368,you must do so by 2 o'clock the day before travel as well,assertive
2369,is that London Euston,interrogative
2370,do you have his seating request by any chance,interrogative
2371,Let the water boil for at least fifteen minutes.,imperative
2372,i'll take the Piedmont flight,imperative
2373,and if you have to cancel this ticket,assertive
2374,and i think that's it,assertive
2375,and that is a non-penalty fare as well,assertive
2376,the first,assertive
2377,i'm just trying to think of which is the best huh,imperative
2378,stopping over in Seattle for a few hours,assertive
2379,if he walks or what,assertive
2380,i ne... i need to um change that to United on the return,assertive
2381,i think there's a United at 7:45,assertive
2382,the cheapest Single fare is 7 pounds,assertive
2383,what type of seats does she want,interrogative
2384,that's Ilford Essex,assertive
2385,or Saturday   at the latest ok,interrogative
2386,the same evening,assertive
2387,the 10:35,imperative
2388,but it's always change time between,assertive
2389,and um NNN will give you a call on Monday when they're both uh ready to be picked up,assertive
2390,i have an O A P railcard,assertive
2391,so i'd be leaving on Friday,assertive
2392,Break the eggs.,imperative
2393,you can't go from Euston to Macclesfield then Wilmslow to Euston,assertive
2394,it really won't affect the cost,assertive
2395,and then what about Saturday a flight next Saturday,interrogative
2396,which is a Thursday,assertive
2397,Use this website!,imperative
2398,i can give you a registered address if you just hold on a second,assertive
2399,it's not been recognised,assertive
2400,what i need right now are um choices,assertive
2401,that was United,assertive
2402,and also there has to be some other airlines too uh that are flying into Moscow besides,assertive
2403,you would not get in until 10:41,assertive
2404,to tell you for the times on that,assertive
2405,21:00 gets me into what Wilmslow at what time,interrogative
2406,i don't need that,assertive
2407,would you rather fly on the Alaska flight,interrogative
2408,the highest for the lowest,assertive
2409,7:50 is the last anybody has out of   Seattle,interrogative
2410,North,assertive
2411,we can get him that 6... 18:40 rather,assertive
2412,and that's going to get into Birmingham at,interrogative
2413,Stay alive and avoid zombies,imperative
2414,has a hundred percent penalty on it,assertive
2415,Season the cast iron pan,imperative
2416,you need to buy it at the booking office before your board the train,assertive
2417,and your surname please,interrogative
2418,and then connecting to San Francisco flight 2 9 7,assertive
2419,that's  on request,assertive
2420,i want to see if i can get seats for him on those flights,imperative
2421,can i just get it for that d...,interrogative
2422,i'm not bothered by that,imperative
2423,not sure why,assertive
2424,50 in the afternoon,assertive
2425,and  if you have to cancel,assertive
2426,but that would be,assertive
2427,i'd like to get the cheapest rates you can,imperative
2428,there are no penalties for cancellation if changes are made,assertive
2429,using the business class upgrade of 4 4 9 one way,assertive
2430,coming back same day on the 6 p m flight,interrogative
2431,and that's already confirmed,assertive
2432,cos then i'd know what train i was taking down there,assertive
2433,there's engineering works going on at the moment,assertive
2434,for the same price,assertive
2435,that's that's in September right,interrogative
2436,which would be 2 96,assertive
2437,Whisper when you tell me that.,imperative
2438,so  i'm just double checking  that there's still a business class available,imperative
2439,it's uh flight 1 8 0 9 out of Ottawa at 6:50 a m,assertive
2440,that does  that sounds low,assertive
2441,if we wind up having a productive meeting,assertive
2442,the train from Wilmslow at 16:46,assertive
2443,Fold the blanket.,imperative
2444,the one going out is especially the one we want to be on,imperative
2445,they said to me you know we're government contractor,assertive
2446,Never yield to the apparently overwhelming might of the enemy.,imperative
2447,that's uh that's fairly uh fairly low in fact,assertive
2448,do you want to book the return or leave this return journey open,interrogative
2449,Stop the bus.,imperative
2450,that,assertive
2451,let me get it the right way round,assertive
2452,join our table during the wedding,imperative
2453,it's 7,assertive
2454,"Let it occur, then arrest them.",imperative
2455,you need to take your credit card with you tomorrow,assertive
2456,and it's the North Burigan New Jersey Hotel,assertive
2457,i was just going to send you an itinerary with the   the um the addresses and confirmation numbers all printed out on each segment,assertive
2458,and i need to make a change,assertive
2459,out of Syracuse at 7:55 a m,assertive
2460,it looks like it's airport check in  on the flight,assertive
2461,Set the temperature 1 degree higher.,imperative
2462,which is a Saver Single,assertive
2463,53  Edge  Street,assertive
2464,that does have a 25 percent change cancellation penalty on it,assertive
2465,that's the Super Advance,assertive
2466,it's the 14:19 from Preston,assertive
2467,the 2nd of August,assertive
2468,be coach  for,assertive
2469,so the train from Liverpool goes to Wigan anyway yeah,interrogative
2470,and that would have the the address and phone number and all that kind of stuff about the hotel plus the confirmation number,assertive
2471,and the flight from Atlanta to Raleigh on Delta 8 1 6,assertive
2472,i'll get on the 7:15,imperative
2473,Do not waste your time.,imperative
2474,otherwise you'll have to call US Air,assertive
2475,from San Fran to Philadelphia,assertive
2476,which what is the departure date that you're referring to,interrogative
2477,at about midday,assertive
2478,a little bit higher,assertive
2479,Throw the ball.,imperative
2480,if it's the Sunday you were travelling back,assertive
2481,cos i'm i'm only visiting here um,assertive
2482,n... n... that's too late,assertive
2483,Paint the door.,imperative
2484,out of SFO to DFW on American thirteen hundred leaving at 11 am,assertive
2485,leaving JFK at 9:15 p m,assertive
2486,even to to any one of those stations,interrogative
2487,i'm afraid you... we're going to have to wait until he comes out of the meeting then and give the ring back to book this  ticket,imperative
2488,you are A right,interrogative
2489,and the two tickets will be posted out first class to you this afternoon,assertive
2490,out of San Francisco at 8 a m,assertive
2491,all the advance,assertive
2492,Shop on sundays.,imperative
2493,a 100 and 33 pounds will be debited from that account,assertive
2494,that's a fully changeable ticket also,assertive
2495,unless you can specify a date and a time,assertive
2496,if you don't want to pick them up right away,assertive
2497,it's a Diner's card,assertive
2498,i've got my auto club map,assertive
2499,Make up your mind to pool your resources and get the moust out of your remaining years of life.,imperative
2500,we've done this before over the over the phone with a company credit card,assertive
2501,i could print up an order for them,assertive
2502,the first train that is available is the 15:50 in the afternoon,assertive
2503,Please join my wife and I for dinner,imperative
2504,what about for the Wednesday,interrogative
2505,we... if you give me the days,assertive
2506,everything's set,assertive
2507,1st of August,assertive
2508,Use oil in the pan.,imperative
2509,it's going from Oxenholme to London Euston on Monday the 5th,assertive
2510,i can get a window seat,assertive
2511,arriving at 8:30,assertive
2512,is there ever any other you know what you call them,interrogative
2513,United also,assertive
2514,get on the train at 16:25,assertive
2515,the cheapest fare that's going to be available  is your Walk-on,assertive
2516,do you have a rail card at all,interrogative
2517,Wednesday night,assertive
2518,if i provisionally book you on a return service,assertive
2519,Question everything.,imperative
2520,is that from San Francisco or San Jose,interrogative
2521,they wen...,assertive
2522,on his return,assertive
2523,and they have said that uh they they recommended somebody down in Saint Petersburg Beach,assertive
2524,and then coming back down,assertive
2525,it's not going to come out,assertive
2526,there's an early Air Canada connection through Toronto again,assertive
2527,75 pounds will be debited  from that account,assertive
2528,Please clap,imperative
2529,and it's coach  for,assertive
2530,from Birmingham International,interrogative
2531,let me look at the bottom for the credit card,assertive
2532,that uh leaves on the 19th of June,assertive
2533,and i'm back on United at uh 4:38 the next day,assertive
2534,that's with the discount,assertive
2535,the Super Advance is now fully booked up the entire day,assertive
2536,what time does the uh United flight return,interrogative
2537,because he may want to make some adjustments,assertive
2538,i i hesitate uh for him particularly to get anything uh because he does change a lot,assertive
2539,that's the same day,assertive
2540,is it San Francisco,interrogative
2541,that would be American 4 7 9 on the 5th of September,assertive
2542,and you arrive in Milton Keynes for 20:05,assertive
2543,and what was the time you were wanting on the return,interrogative
2544,what time is the pickup,interrogative
2545,i'm just checking that out for you,imperative
2546,seat number 27,assertive
2547,and what is the,interrogative
2548,lets see what kind of fares they have,assertive
2549,reaching 1 o'clock,imperative
2550,if you have to cancel your ticket,assertive
2551,but checking out on the 10th,imperative
2552,there is one later at 6 6:17,assertive
2553,you're looking at something that's going to be uh after work on Friday,interrogative
2554,if he wants to go for like a three point connection,assertive
2555,do you want that now,interrogative
2556,because the Dulles non-stop,assertive
2557,are the rates better on the US Air,interrogative
2558,then there's a 16:31,assertive
2559,could i er   2 o' clock,interrogative
2560,i do show space avaliable,assertive
2561,he's at the  block of,assertive
2562,in  the morning,assertive
2563,Finish your JIRA tasks.,imperative
2564,so it would have to be American or Northwest,assertive
2565,you mean  they,interrogative
2566,this is C,assertive
2567,734 63 each direction,assertive
2568,it's just going to be a simple round trip,interrogative
2569,and the last one is Oklahoma City,imperative
2570,your surname please,interrogative
2571,he's what i guess you'd call a seldom flyer,assertive
2572,and the date you wanted to go to Los Angeles is,interrogative
2573,but it would be 153 dollars round trip,assertive
2574,does he want the Airport Connection that just picks up right at WWW,interrogative
2575,so these are open on both going and coming,interrogative
2576,arriving at 19:08,assertive
2577,i'm just going to go over the dates  and times,imperative
2578,i have to make three separate  reservations,assertive
2579,i i would need that code number to apply for that conference rate,assertive
2580,if if that's poss...,assertive
2581,it's si... 70 pounds 50,assertive
2582,going out on Saturday the 17th  of October,assertive
2583,"go back to the slums and ghettos of our northern cities, knowing that somehow this situation can and will be changed",imperative
2584,and i give you his him to give you the details then shall i,interrogative
2585,in the in the in the WWW office there,assertive
2586,on their seats maps are really,assertive
2587,but it won't be earlier than that,assertive
2588,that's Saturday,assertive
2589,but uh otherwise,assertive
2590,let me get you on a on a one-stop here,assertive
2591,this is his Montreal trip,assertive
2592,that's the one on Blossom Street,assertive
2593,but there's none available for the dates and times on the 29th or the 30th,assertive
2594,the 8:20 a m,assertive
2595,he thinks a smoking window would be great,assertive
2596,and that's for Monday the 5th now,interrogative
2597,in  the evening,interrogative
2598,that's US Air 2 9 0 8,assertive
2599,Please leave.,imperative
2600,cos the schedules to Los Angeles Japan Airlines doesn't service a service on Thursday,assertive
2601,and arrives San Francisco at 12:23 a m on the 26th,assertive
2602,you're coming back y... come back at any time,assertive
2603,we'll just go ahead and hold the um,imperative
2604,1 family railcard and 1 without,assertive
2605,524 one way,assertive
2606,but it's preferable a table,assertive
2607,we have an emergency traveller who is going t... uh Copenhagen from San Francisco to Los Angeles,assertive
2608,that's Piedmont what,interrogative
2609,and this is for his trip on uh September September to uh Frankfurt Germany,assertive
2610,i was quoted 19 pounds,assertive
2611,what's what's the total cost on that then,interrogative
2612,whether that's gonna,imperative
2613,Friday the 9th of October,assertive
2614,i've already made it with um EEE FFF,assertive
2615,is there any particular date that you're looking for,interrogative
2616,seat number 34,assertive
2617,you would be eligible for the 2 58 fare,assertive
2618,is that two adults,interrogative
2619,out of Denver at 14:10,assertive
2620,it leaves 4:50 p m and arrives San Francisco at 7:08 p m,assertive
2621,this service that you're actually booked on is going to be diverted between Birmingham and Wolverhampton,assertive
2622,does it have to be 11:41 train that you get travelling out,interrogative
2623,let me see what the last day for ticketing is,interrogative
2624,and we have to do one more,assertive
2625,so that's why i wanna know what time the one from Liverpool is,imperative
2626,as to other carriers aside from that,assertive
2627,that's where the ticket will be posted out to,assertive
2628,you would arrive o... on a Sunday their time,assertive
2629,the Saturday which is the 3rd i think,assertive
2630,the rest of the adults pay 30 pounds 70,assertive
2631,pretty good,assertive
2632,let's just go the direct return leaving around 5 p m,assertive
2633,Monday's fine,assertive
2634,Show me movie times,imperative
2635,arriving at 9:05 in Euston,assertive
2636,and that's what it's giving me as available connections,assertive
2637,again asking for Hong Kong to uh   Moscow,assertive
2638,it's the 8th,assertive
2639,thank you now,assertive
2640,thank you very much then,assertive
2641,this ticket,assertive
2642,we've got you then on United flight 1 1 5  7 on the 10th of August,assertive
2643,i'm trying to think,imperative
2644,Leave the class.,imperative
2645,it's a 50 percent refund less 5 pounds,assertive
2646,and that's it huh,interrogative
2647,i... it's just a Single ticket,assertive
2648,it's San Francisco,assertive
2649,Stand up when you are on the ground.,imperative
2650,it doesn't it really doesn't matter whether i go into Macclesfield or Wilmslow,assertive
2651,Stop that.,imperative
2652,but that ticket,assertive
2653,i don't know if there are any red eyes from there,assertive
2654,the,assertive
2655,i could get you on a 4:38 United out of Vancouver,assertive
2656,they told me you can try,assertive
2657,this is B over in Dr C's office,assertive
2658,do you want me to book that ticket for you,interrogative
2659,can i can i change the the start to  came from Stockport to  Euston  and then from Euston to Stockport please,interrogative
2660,and that's on the 31st of October,assertive
2661,and and and i will call back to confirm,assertive
2662,it's the 10th of October,assertive
2663,i show a a Piedmont flight f... at 9:25 a m,assertive
2664,Complete mowing the lawn.,imperative
2665,let me get this right,assertive
2666,and there's also what we call er business class tickets called Virgin business,assertive
2667,Dont take things too seriously,imperative
2668,you'd leave here Thursday,assertive
2669,i'm just checking throughout the day when that is available,imperative
2670,Don't go out on the ice.,imperative
2671,and that's confirmed right,interrogative
2672,and arrives at 4:45 and departs again at 5:41,assertive
2673,this is for Mr C,interrogative
2674,does Stephen actually smoke,interrogative
2675,coming back you mean,interrogative
2676,departing at 17:20  from Newcastle,interrogative
2677,"Silence, please.",imperative
2678,gets into Chicago at 3:58 so,assertive
2679,call me after 10am,imperative
2680,it's a business trip,assertive
2681,and  the contact telephone number,interrogative
2682,and then does he know there is a non-stop that goes from Dulles to San Francisco instead of connection through St Louis,interrogative
2683,do you take accept American Express,interrogative
2684,and that's fully booked for tomorrow now,assertive
2685,Get out of my way,imperative
2686,there's a 5 fif... 33 from Wigan,assertive
2687,i can come home on the 19:09,assertive
2688,that's the one,assertive
2689,changing planes in Pittsburg,assertive
2690,and then i can just ca...,assertive
2691,if you  can... if you have to cancel,interrogative
2692,sat nearer nearer to the an exit door i suppose would be the best one,assertive
2693,and they'll have to call you directly with the travel advance numbers and so forth,assertive
2694,hang on just a sec,assertive
2695,a 100 and 33 pounds,assertive
2696,but it would probably be something like the uh 19th of September,assertive
2697,that's United 1 9 5 on the 19th,assertive
2698,that way you'll have them before the weekend,assertive
2699,the cheapest fare is 14 pounds for the Virgin Value fare each,assertive
2700,if not,assertive
2701,i'm just going to check to see what's your cheapest fare available,imperative
2702,if you wanted to wait,assertive
2703,Eat the lunch full.,imperative
2704,they're available in the travel office if he does want to fill one out,assertive
2705,July 28th,assertive
2706,but there is those restrictions on the week day that i've explained to you,assertive
2707,i can't travel down after 6 in the morning,interrogative
2708,that's ok,assertive
2709,connecting through Pittsburg,assertive
2710,we really can't tell you what it's going to go up to,assertive
2711,so what's the cheapest fare i could do it,interrogative
2712,what you're going to have to do  is get the train from Euston to Wilmslow,assertive
2713,are they,interrogative
2714,Manchester Picadilly to Birmingham 9 am,assertive
2715,Wolverhampton,assertive
2716,5 pounds charge,assertive
2717,dont take things too seriously,imperative
2718,there's a train at 15:05 from Crewe,assertive
2719,to Wrexham from,interrogative
2720,i don't show that Continental flies there from San Jose,assertive
2721,and  the Saver Single is 45 pounds 50,assertive
2722,but either United or American level,assertive
2723,preferably around 7 o'clock,assertive
2724,and that's smoking,assertive
2725,the trains run at quarter past and quarter to the hour,assertive
2726,Run for cover!,imperative
2727,and he needs to leave early in the morning,assertive
2728,so that's a two-hour hold there   waiting for that flight,interrogative
2729,just to let you know what the coach fare is there,assertive
2730,and i requested that,assertive
2731,and he needs to be there in time for an evening meeting if he can be,assertive
2732,that's too late erm  so that literally the only morning train available is 6:35,assertive
2733,so when you request them,assertive
2734,from Hong Kong to Moscow,assertive
2735,returning on the same day on United flight 1 0 4 4,assertive
2736,on 16th of October as well,assertive
2737,we have flights starting at 6:15 a m,assertive
2738,what what type of fare do you want to go or  know about,interrogative
2739,Reboot the router,imperative
2740,just going to phone my sister,assertive
2741,sometime this week,assertive
2742,we don't have a profile for him,assertive
2743,and you arrive at 13:03 in Macclesfield,assertive
2744,there's um a like,assertive
2745,i was a bit concerned that erm  i... if i miss that connection there's another one fairly soon after isn't there,interrogative
2746,but i mean that's no big deal,assertive
2747,do you want to start on the Friday again,interrogative
2748,Oakland would be good too on that,assertive
2749,and that's 65 pounds 30,assertive
2750,can i  erm  do a... actually nominate the return,interrogative
2751,a little over an hour,assertive
2752,what time does he want to leave,interrogative
2753,the Super Advance Return,assertive
2754,wh... what happens to the cost if i change and leave from Oakland,interrogative
2755,you can leave the return journey open so you can return back within in a calendar month,assertive
2756,we do have a Delta flight that lands at 5:20,assertive
2757,the 10:35,interrogative
2758,it's flight 9 2 7 on the 26th of July Dallas to Denver,assertive
2759,Order a new phone.,imperative
2760,you must travel out on the time specified,assertive
2761,it's the 7:45 in the morning,assertive
2762,they don't offer,assertive
2763,Tell me whats in your wallet,imperative
2764,is that easier,interrogative
2765,it gets into Seattle at 12:15,assertive
2766,Drink is cool with honey.,imperative
2767,why can't he get that 11 24 whatever round trip,interrogative
2768,that's at the right time what,interrogative
2769,"Please, go on reading.",imperative
2770,is it 15:39,interrogative
2771,this is two weeks in advance,assertive
2772,and then he'd connect to a British Air flight out of London Heathrow airport,assertive
2773,can i put it on my Diner's then please,interrogative
2774,which is flight 3 6 2,assertive
2775,that'd be beneficial,assertive
2776,the next one earlier leaves at 6:50,assertive
2777,i think it's the 8th,assertive
2778,and i'll be right with you here,imperative
2779,that was... that was a good time at 5:20,assertive
2780,the question is how can i get can i get to Ne... Newark to Richmond either Thursday afternoon or Friday morning early,assertive
2781,it is,assertive
2782,or one stop maybe in either Portland or Seattle and continuing on down,interrogative
2783,so i'm just making sure it's going to be valid on the kind of ticket  we're going to sell you,imperative
2784,that may not be appropriate,assertive
2785,is is San Jose closer to them er,interrogative
2786,change your clothes after playing outside,imperative
2787,i need some round trip air fares,assertive
2788,i'm just wondering how far he really is from c... from our site,imperative
2789,Chop the carrots.,imperative
2790,it's tomorrow from Stock...    Stockport at 20:13 in the evening,assertive
2791,the um,assertive
2792,the number 8,assertive
2793,i'll just check the time,imperative
2794,Finish your task.,imperative
2795,the 7:55    arrives at 10:30,assertive
2796,stop eating too much,imperative
2797,i'll do it that way,imperative
2798,going up to Vancouver,assertive
2799,when does that leave,interrogative
2800,it's er Barclay card,assertive
2801,and then i'll get Euston to Wilmslow cos i'll drive park my car there,imperative
2802,and what time did she tell you it left it was,interrogative
2803,change that one,assertive
2804,this is the reference number the ticket has been booked under,assertive
2805,Turn on the kitchen light.,imperative
2806,and the only service,assertive
2807,what are the rates,interrogative
2808,it's not,assertive
2809,Return the slaves,imperative
2810,it looks like probably the best connections are to go out to Ontario and to come back by way of Orange County,assertive
2811,and um that was the Holiday Inn in Palo Alto,interrogative
2812,and let me just make sure that i can get him his um non-smoke aisle seat on that one,assertive
2813,got that listing and,assertive
2814,then 17:20,assertive
2815,and the next line of the address,interrogative
2816,the surname of the credit card holder,interrogative
2817,and morning or afternoon,interrogative
2818,there is not any Virgin Value fares the entire day,assertive
2819,i just wanna book a one way ticket,assertive
2820,it's kind of tough to decide what would work,assertive
2821,what do you want to do,interrogative
2822,that a young person's railcard,interrogative
2823,you can cancel cancel that any time,assertive
2824,you got a lot of projects going,assertive
2825,i'm going to set these up to be issued on Monday,imperative
2826,Euston to erm  er Macclesfield,assertive
2827,i'll send these others back now then,imperative
2828,the credit card holder must be at the train station to collect and sign for the tickets,assertive
2829,is there,interrogative
2830,it's from Edinburgh to Milton Keynes,assertive
2831,Wash your shirts.,imperative
2832,Wigan North Western to London Euston please,assertive
2833,i'm going to have to arrange for you to collect your tickets tomorrow at the train station,assertive
2834,it's Airport Connection,assertive
2835,the Northern the Northern Line train,assertive
2836,because non-stop,assertive
2837,this is just all one way travel,interrogative
2838,and that's your Virgin Value Single,assertive
2839,the following morning,assertive
2840,and he would like to arrive in Newark around 6 o'clock at night,assertive
2841,pour me a glass of bourbon.,imperative
2842,the 4th,assertive
2843,May 29th from Copenhagen to uh Sandestrom,assertive
2844,so there's availability on the 10:11 and 12 o'clock train,assertive
2845,the fare we were holding at was 258,assertive
2846,it's just been giving me the quickest change time  the system works out,assertive
2847,and the first name,interrogative
2848,what if the coach Ma... is is not running properly or something,interrogative
2849,Extract the information you can.,imperative
2850,looking at the timetable,assertive
2851,it's about an hour and 3 quarters,assertive
2852,and arriving 1:55 p m,assertive
2853,probably 20 till,assertive
2854,just check that ev... that's alright,assertive
2855,from Stockport to London Euston,interrogative
2856,and when is it you're returning,interrogative
2857,i think it's the 10th anyway,assertive
2858,and the... then we have to cancel that first fare,assertive
2859,Don't you talk to me like that.,imperative
2860,arriving at 13 hundred in London Euston,assertive
2861,the flight number for December is 5 5 8,assertive
2862,but the connection to Ottawa doesn't leave until 5:15,assertive
2863,and let me give you all the flight information too,assertive
2864,there's no penalty uh if it's cancelled,assertive
2865,let me request seating on that one,assertive
2866,no restrictions on it,assertive
2867,one will  be in the middle ok,imperative
2868,i don't need the tickets today,assertive
2869,i think so,assertive
2870,got that,interrogative
2871,American Express Travel,assertive
2872,and arrives at Toronto,imperative
2873,if you cancel by 2 o'clock today,assertive
2874,you're welcome,assertive
2875,whatever's available really,assertive
2876,of October,interrogative
2877,that's what i'm looking at,assertive
2878,which means that the ticket would be open for a calendar month,assertive
2879,on United flight 94,assertive
2880,cos the buses are from each train station,assertive
2881,it would be a 25 percent penalty for changes or refunds,assertive
2882,Leave me here alone to collect my things.,imperative
2883,i want to book the um i want to book the 3 what is it 3 p m or so United flight out of Chicago,imperative
2884,and it arrives in Taunton at 14:28,assertive
2885,it's 4 adults and 4 children with the family railcard discount,assertive
2886,he has asked if it wouldn't be any problem if he can have a Newark to Los Angeles open return,assertive
2887,they had a month ago,assertive
2888,wh... wh... when she comes back,assertive
2889,then you can do so,assertive
2890,so the only possiblity real remote one is 7:50 US Air flight huh,interrogative
2891,let me pull up the profile for you,assertive
2892,sort of facing you know the  the direction of travel,assertive
2893,i've already booked out one,assertive
2894,the last direct service i have from Euston to Wigan is the 18:25 arriving at 21:06,assertive
2895,Do what you need to do to survive.,imperative
2896,this is your reference number to quote at the train station on Saturday,assertive
2897,is it a Miss Mrs,interrogative
2898,you can change at Preston before that,assertive
2899,American has an 11:41 flight from San Francisco that arrives Chicago 5:54  and,assertive
2900,let me see the table on Tuesday,assertive
2901,what's that number then,interrogative
2902,when would you be returning,interrogative
2903,or there was a 7:45,assertive
2904,and from San Jose to LA at what time,interrogative
2905,thank  you,assertive
2906,"Go straight ahead, then turn left.",imperative
2907,you said the 19th,interrogative
2908,departing at what time from London Euston,interrogative
2909,he's returning on the 16 of June on US Air flight 2 6 6 5,assertive
2910,sort of late afternoon,assertive
2911,they must of changed all their flight numbers,assertive
2912,Write a blog post on Google Search.,imperative
2913,Stop and Go,imperative
2914,it connects to CP Air flight 7 2 2,assertive
2915,he's in Palo Alto,assertive
2916,which is an awfully long wait,assertive
2917,Saturday the 24th of October,assertive
2918,if we just go ahead and reticket the whole thing,assertive
2919,i think i'm going to call back later and just take a chance,imperative
2920,we've got him on Piedmont flight f... 11:54,assertive
2921,and that is available what with the return date that would be on that,assertive
2922,for  Road,assertive
2923,"Please, tidy up your room.",imperative
2924,Dont steal the cookies from the cookie jar,imperative
2925,he's on United flight 4 3 6 leaving Phoenix at 6:35 p m,assertive
2926,could you give me your contact telephone number please,interrogative
2927,what do you need first,interrogative
2928,arriving Newark at 6:35 in the morning on Sunday,assertive
2929,on what day,interrogative
2930,and as i say request,assertive
2931,Call your parents on sunday.,imperative
2932,and i know one could presumably maybe go Richmond to Raleigh Durham,assertive
2933,you just need to be at the train station for about half an hour before departure time of the train  to collect the ticket,assertive
2934,but that's too l...,assertive
2935,it's 1:05 in the morning,assertive
2936,probably afternoon,assertive
2937,it's 33  Street,assertive
2938,then i can go into another area and do the other person,assertive
2939,we'll try that one first of all to see if that's going to suit your times,imperative
2940,you must cancel by 2 o'clock the day before travel,assertive
2941,and they have another flight at 8:25 a m that connects through Atlanta which would get in at 6:10,assertive
2942,what i'm saying is you don't need to take the card,imperative
2943,on the 15:05,assertive
2944,it costs more than i thought,assertive
2945,1 18 will be what's declined,assertive
2946,i'm looking at a Switch card,assertive
2947,if you just put it on the  19 hundred  from erm  probably from Euston actually,assertive
2948,it's a new one i think,assertive
2949,i just wondered if you if they went direct erm,interrogative
2950,just wants me to get all the options down for him,assertive
2951,he can do so,assertive
2952,and you made the reservation for me for for the last week,assertive
2953,let's just consider that 4:30 Alaska,assertive
2954,how much is,interrogative
2955,wh... what day would i leave,interrogative
2956,leaving  er Birmingham International at 17:25,assertive
2957,i can't leave until after 10:30 or 11 o'clock at night,assertive
2958,i don't think they offer a Business uh Class around the world,assertive
2959,he's already purchased his ticket,assertive
2960,because there was a 25 percent penalty on that,assertive
2961,"Switch on the fan, please.",imperative
2962,that is completely non-refundable,assertive
2963,return June 7th,assertive
2964,Su... Sunday the 18th,assertive
2965,and informational purposes,assertive
2966,i want to make sure you get the pr... the right B,imperative
2967,Come to my house when you can.,imperative
2968,but what i do need is,assertive
2969,but it doesn't arrive into Ottawa until 6:10,assertive
2970,you must do so by 6 o'clock the day before your outward journey,assertive
2971,and then you go into San Francisco,assertive
2972,and you need to quote this reference number,assertive
2973,what was the name of the business,interrogative
2974,or it might be one after,assertive
2975,there's a   4:50 p m,assertive
2976,and i do need to advise you,assertive
2977,can you hold please,interrogative
2978,what time,interrogative
2979,arriving at 23:35,assertive
2980,what time on the Saturday do you want to depart,interrogative
2981,Remember to wash under your armpits.,imperative
2982,and so you get enough time to collect your tickets and board your train,assertive
2983,leaving Chicago 7:40 a m and arriving Greenbay 8:51,assertive
2984,is there anything available more expensively,interrogative
2985,on Wednesday then correct,interrogative
2986,Find documents from May 2017,imperative
2987,just give him a full fare coach and don't worry about it,assertive
2988,he's departing on June 14th,assertive
2989,it's on the envelope uh uh enclosed when the tickets arrive,assertive
2990,i think we're all set right,imperative
2991,that's wonderf...,assertive
2992,coming back they have a 6 p m,assertive
2993,and erm  it gets in at erm  to Birmingham at 10:15,assertive
2994,i don't know if they offer,assertive
2995,the only thing i've got is his number,assertive
2996,that's  what i was wondering,assertive
2997,it is 8 fo... 8 1 6 1,assertive
2998,as in,assertive
2999,Drive slowly,imperative
3000,and that's on the 15:20 train tomorrow from Preston,assertive
3001,but if you re... miss the train on the return journey,assertive
3002,he would like a non-smoking window,assertive
3003,say around 6 o'clock,assertive
3004,is it a Mr or Mrs,interrogative
3005,in the middle of the night would be acceptable to me anytime,assertive
3006,we'd have to build our own connection,assertive
3007,and it's 4 4 2 1,assertive
3008,you want a ticket from Wigan now,interrogative
3009,and leaves Toronto at 10:30,interrogative
3010,then i i i won't be able to make a Monday morning,assertive
3011,where are you going,interrogative
3012,the 9:52 train on Saturday morning,assertive
3013,and i he mentioned a couple,assertive
3014,where were you thinking of from,interrogative
3015,we can put him on US Air 2 9 5 4,assertive
3016,Drink a beer with me!,imperative
3017,that would be a penalty,interrogative
3018,is there anything from Los Angeles,interrogative
3019,there's a CP Air f... uh connection through Vancouver,assertive
3020,is that right,interrogative
3021,if it can't be San J...,assertive
3022,i'll get back to you as soon as i can,imperative
3023,can you just give me a price if there's er 2 of us travelling,interrogative
3024,then it's 469,assertive
3025,Pick the nicest thing you can think of.,imperative
3026,they're all the same,assertive
3027,Never speak to me like that again,imperative
3028,the trouble is i've just had a ticket,assertive
3029,then i'm,assertive
3030,can you help me with that,interrogative
3031,i think that,assertive
3032,so that's going to save you 21 pounds 50 there,assertive
3033,let me just  start a new reservation for him,assertive
3034,Enrich the poor,imperative
3035,as i said they don't offer night service from the west coast to Tokyo,assertive
3036,a journey from Liverpool to Newcastle,assertive
3037,and i think there's a train to that,assertive
3038,Do your chores.,imperative
3039,that's the earliest  they have,assertive
3040,just the information about what we have,interrogative
3041,that's leaving on the 13th at 2:10  p m on America West,assertive
3042,what happens,interrogative
3043,on the 8th,assertive
3044,then you depart Birmingham New Street at 16:06 to arrive in Leicester at 17:01,assertive
3045,and getting into San Jose a... at 11:14 p m,assertive
3046,if i if i changed en route er while i was there,assertive
3047,and when will we get that,interrogative
3048,it becomes red eye flights,assertive
3049,i'll try and book that for you,imperative
3050,and what date is it you're travelling out,interrogative
3051,it's going to cost you 52 pounds each,assertive
3052,46  pounds 50,assertive
3053,that would be a total of 916 round trip for the lowest fare,assertive
3054,do they require assistance at all,interrogative
3055,what time would you like to depart from Birmingham New Street,interrogative
3056,my wife was told it was 30 50,assertive
3057,sort of like Manchester or anything like that,interrogative
3058,can we just go over it one more time,interrogative
3059,November this year,assertive
3060,and   for,assertive
3061,you can't do that with an advance purchase ticket,assertive
3062,Don't eat all the cookies,imperative
3063,that's uh a DC 10 from Newark to Dallas and then a DC 9 from Dallas to to San Jose,interrogative
3064,it's 7 8 3 3,assertive
3065,in North Burigan,assertive
3066,possibly facing forward,assertive
3067,Please don't take the train tonight.,imperative
3068,just flight information then,interrogative
3069,it's it's either i leave on Wednesday,assertive
3070,if you're actually buying a return ticket,assertive
3071,and the ticket will be waiting there at the train station,assertive
3072,but maybe to be on the safe side,assertive
3073,is it is this the booking offices,interrogative
3074,that is correct,assertive
3075,we can run them today now,assertive
3076,i think  i think it usually is because normally i've travelled,assertive
3077,you must do so by 2 o'clock the day before as well,assertive
3078,the only thing that's going to apply is full coach,assertive
3079,that just with the one change,interrogative
3080,Tell me about the weather.,imperative
3081,it's the address is the next bit,assertive
3082,Remember what it's worth to you.,imperative
3083,maybe he can't leave that early,assertive
3084,Fill in the blanks.,imperative
3085,keep me where i am then,assertive
3086,this would uh increase it by 40 dollars,assertive
3087,can you change the outward journey,interrogative
3088,that was my mistake there,assertive
3089,in  the evening,assertive
3090,Read the text aloud.,imperative
3091,and same class of service,interrogative
3092,and i'm just confirming that for you right now,imperative
3093,and how much is that one,interrogative
3094,and p... penalty,assertive
3095,come to the ball with me,imperative
3096,do i need to specify train times  or is that,interrogative
3097,if it is possible,assertive
3098,he wants to take a Piedmont flight that leaves Phoenix aimed for Baltimore at 10:30 in the morning,assertive
3099,it's going from  Derby  to St Pancreas,interrogative
3100,i believe there's one at 5:16,assertive
3101,i don't know if i want to want to to do a red eye,imperative
3102,again this is provided that the flights are available,assertive
3103,about Delta airline's flights,assertive
3104,i need to uh,assertive
3105,flight 1 2 5 0,assertive
3106,can it be San Francisco Long Beach,interrogative
3107,but he is not one of the regulars,assertive
3108,there's nothing else,interrogative
3109,that's good,assertive
3110,isn't it,interrogative
3111,back to San Francisco,interrogative
3112,may i speak to MMM please,interrogative
3113,Stop beating the cat!,imperative
3114,i'm actually coming back by car,assertive
3115,that's thir... 13:03,interrogative
3116,it's 10:35 in the morning  for returning,assertive
3117,on Monday the 10th,assertive
3118,15 what,interrogative
3119,and no hotel right,interrogative
3120,3rd of October,assertive
3121,leaving at what time,interrogative
3122,Eat the eggs.,imperative
3123,you depart Birmingham New Street 11 a m  to arrive in Newton Abbot at 14:02,assertive
3124,and we're all set to go with that,imperative
3125,arriving in London,assertive
3126,this Friday,assertive
3127,there's uh,assertive
3128,complete these by tomorrow.,imperative
3129,it leaves Orlando at 4:30,assertive
3130,and i need a flight uh let's see i guess mid to late morning back uh,assertive
3131,the tickets would be ready for pickup  probably,assertive
3132,and what type of credit card was that you said you hold,interrogative
3133,do you want to go ahead with the 6 p m departure then,interrogative
3134,a shared ride limousine for 29 dollars,assertive
3135,and is there any seat prefrence,interrogative
3136,that leaves at 4:50,assertive
3137,and goes on to Bangkok,assertive
3138,if you have to  estimate a price,assertive
3139,the 26th,imperative
3140,on the return,assertive
3141,on the 10:50 train,assertive
3142,and it's on US Air flight 2 7 8 2,assertive
3143,Compose your atoms with Protons and neutrons.,imperative
3144,there's a 10:31 arriving at 13:30,assertive
3145,reserve your seat,assertive
3146,and when is you like to return,interrogative
3147,Iron the shirt.,imperative
3148,i'm too old now,assertive
3149,because the system could a... actually cut me off trying to book,assertive
3150,can you do for 2 weeks,interrogative
3151,you're travelling from Birmingham New Street at 13:15,assertive
3152,you use it or lose it,assertive
3153,and the postcode actually on this is   23 6,assertive
3154,it is telling us that it has to be ticketed within 24 hours of making the reservation,assertive
3155,and then back from Wilmslow to Euston,assertive
3156,WWW policy allows you to fly business on anything over 6 hours,assertive
3157,so there are options,interrogative
3158,the only fare that allows you that is the 5 24,assertive
3159,there's also a Braniff flight at 4:15 departing,assertive
3160,and i think it's the same train,assertive
3161,you collect them from the booking office in London Euston,assertive
3162,H F does not drive and needs uh some kind of arrangement from his home to the airport,assertive
3163,this is like the 11th,assertive
3164,there's only smoking best available that i can reserve you in  on the 20:07 tomorrow,assertive
3165,thanks for that information,assertive
3166,and you'll be able to get the 10:50 going out on the  Saturday the 17th,assertive
3167,you send those tickets back  to our customer services department,assertive
3168,Bury the bodies out back.,imperative
3169,there's a 7:55 Piedmont that goes through Baltimore as a connecting city and gets into Richmond at 10:29,assertive
3170,she has to collect hers from Euston  no,interrogative
3171,the 10:50 train,assertive
3172,14 pounds,assertive
3173,what time do you like to depart on  Tuesday,interrogative
3174,i might come back in a week's time you know,assertive
3175,into Pittsburg at 9:05 a m,assertive
3176,that going out,assertive
3177,it's in the same time zone as Juno's in,interrogative
3178,maybe SFO's fine,assertive
3179,otherwise i think we should get the limo,assertive
3180,open the back door,imperative
3181,that's United flight 12 on the 19th of June,interrogative
3182,you'd be on United flight 5 2 0 8,assertive
3183,please join me at the after party,imperative
3184,and is it just for 1,interrogative
3185,Wash your hands before eating.,imperative
3186,that would be Tuesday,assertive
3187,there are no non-stop flights,assertive
3188,what what about,interrogative
3189,looking at specific flight times,assertive
3190,arriving in Preston at 20:33,assertive
3191,arriving in Birmingham International 11:07,assertive
3192,by the window please,assertive
3193,for the 1st of August,assertive
3194,one's at 9:50,assertive
3195,and the other option will be leaving a little earlier,assertive
3196,Buy the bags of seed,imperative
3197,Springfield  Illinois,assertive
3198,you would have to go into San Francisco though in order to take that,assertive
3199,and it's for 2,interrogative
3200,i need to make some reservations for two people,assertive
3201,it won't,assertive
3202,a single ticket from Birmingham International  to London Euston on Sunday,assertive
3203,again full coach would be 531 dollars each direction,assertive
3204,i probably need to think about that,assertive
3205,30 pounds 70's going to be de... deducted from that card,assertive
3206,departing Tahoe at 3:30 p m and arriving John Wayne at 6:03 p m,assertive
3207,from Durham to Leeds please,assertive
3208,book that for  me,assertive
3209,if ther... if it's going to be a higher rate,assertive
3210,stop yelling,imperative
3211,the lowest available would be 600 and 60 dollars round trip,assertive
3212,and that's 5:30 in the afternoon,interrogative
3213,just a moment while it uh it looks up,assertive
3214,it could be ok,assertive
3215,fully changeable,assertive
3216,and i leave out of the Irvine which i guess is John Wayne Airport on the Tuesday,assertive
3217,they have one flight,assertive
3218,returning on the 1st of June,assertive
3219,they come through the post,interrogative
3220,and it's  pound per child,assertive
3221,i want to travel on Tuesday the 6th,imperative
3222,here's the problem,assertive
3223,do you know what his seating preference would be for that,interrogative
3224,Continental 1 3 3 on the 1st of August Tuesday,assertive
3225,i want to know if there's any cheap tickets still available from Euston to Manchester   er,imperative
3226,in the  in the morning,assertive
3227,this is C with American Express,assertive
3228,they don't want to talk to me,assertive
3229,you can come back within the calendar month as well,assertive
3230,in terms of something,assertive
3231,i wish to travel to London tomorrow morning,imperative
3232,and if it's confirmed,interrogative
3233,and then fly from JFK to Tokyo,assertive
3234,Open the window.,imperative
3235,arriving at 13:30,assertive
3236,due to emergency engineering works on Sunday,assertive
3237,but it's backward travel at a table,assertive
3238,in the,assertive
3239,Please end the call.,imperative
3240,the train from Wilmslow from 15:46 is forward facing at the window non-smoking,assertive
3241,Shoot straight.,imperative
3242,and it leaves at 3,assertive
3243,these are all American,assertive
3244,please lower your voice,imperative
3245,this is a new reservation here,interrogative
3246,or was it,interrogative
3247,what date would you like to travel,interrogative
3248,and your extension,imperative
3249,i... i... is this a Saturday,interrogative
3250,get into Birmingham,assertive
3251,it's almost the same price if you go round trip,assertive
3252,then it's going to be 20 pounds 40,assertive
3253,so it should be,assertive
3254,you you you would get business class from the US to your European gateway city,assertive
3255,Find the remote!,imperative
3256,have you said you have to arrive on a Thursday,interrogative
3257,that sounds,assertive
3258,that's uh United flight 12 on the 12th of June,interrogative
3259,or it's the 9:35,assertive
3260,can i leave it open please,interrogative
3261,leaving from Atlanta at 8:32 p_m,assertive
3262,you have no idea what they are,assertive
3263,full Y would be 495 07 each direction for uh to get him up to uh,assertive
3264,when i've had just received them,assertive
3265,and that's for the 8th of October,interrogative
3266,what date would you like to depart from London,interrogative
3267,i think that'll,assertive
3268,hold the line,assertive
3269,does that change uh the cost,interrogative
3270,and you said you wanted to travel next week,interrogative
3271,take the 7 o'clock a m American flight,assertive
3272,and you arrive in Blackpool North for 20:15,assertive
3273,and that's the only available one there,interrogative
3274,you arrive at 21:06,assertive
3275,i don't need his yet,assertive
3276,arriving in Euston at 12:32,assertive
3277,have to wait to the very last day on some of these people,assertive
3278,what date is it you're returning,interrogative
3279,i can do it right now actually uh,assertive
3280,and you said that was on the 14th of July that you had to travel,interrogative
3281,to Wrexham,assertive
3282,then the cheapest fare that's going to be available is your Super Saver return at 50 pounds 50,assertive
3283,it's a full refund less five pounds,assertive
3284,and your contact telephone number,interrogative
3285,but i could do other business  there,assertive
3286,it leaves at 3:43,assertive
3287,nights of 7th and 8th of August in New York,assertive
3288,it goes to Charlotte North Carolina as a connection city,assertive
3289,so i need to get the information on that,assertive
3290,Crack your iphone.,imperative
3291,the 4 of us will be sat together won't we,interrogative
3292,and,assertive
3293,that is a Super Saver is it,interrogative
3294,nothing,interrogative
3295,i would need to know the date you're checking in and the date you're checking out,assertive
3296,rear facing if you have it please,assertive
3297,one of them is,assertive
3298,so we need to take an earlier flight,assertive
3299,the 4th,interrogative
3300,and this is your reference number to quote,assertive
3301,and if and if you just want me to verify,assertive
3302,Respect the elders.,imperative
3303,one child,assertive
3304,can you do can is there availability on that  one,interrogative
3305,there is a Piedmont flight at 1:35 through Charlotte North Carolina,assertive
3306,if i bring you back at 4:35 p m on America West,assertive
3307,have you been quoted a fare for the journey,interrogative
3308,it's going to be,assertive
3309,come with me to church,imperative
3310,thank you  very much for your help,assertive
3311,you must return from the station  that you get off at the destination,assertive
3312,and that's why er,assertive
3313,you get the railcard discount which works out to 19 pounds 80,assertive
3314,and the other one's  is leaving at 10:30 from Wigan,interrogative
3315,and i did give you a charge number on that didn't i,imperative
3316,i need to go to from San Jose to Los Angeles on Friday the 14th of July,assertive
3317,14 to 15,assertive
3318,Put down the spoon,imperative
3319,Collect nice books.,imperative
3320,departing  at what time around,interrogative
3321,"Take, if you must, this little bag of dreams",imperative
3322,we have you returning on the 17th of September on US Air flight 5 0 7,assertive
3323,one on the aisle,assertive
3324,it's a Super Saver return i think i need,assertive
3325,getting in at 2:20 in the morning,assertive
3326,but i don't know what um,interrogative
3327,that gets in at 9:40,assertive
3328,bu... but the time seems to be about right,assertive
3329,and what time would you like to depart from  Leicester,interrogative
3330,the day before,interrogative
3331,the 25 percent penalty fare,assertive
3332,we've got the first thing that that comes up is that 9:30 pm flight  otherwise,assertive
3333,and it it's a through train,assertive
3334,we've gotten the car in uh in at LAX from wh... wh... what rental agency,interrogative
3335,Don't press that button.,imperative
3336,it's going to be 98 for round trip,imperative
3337,connects through Denver,assertive
3338,but do they,interrogative
3339,and we want to go ahead with the 258 dollar fare that  has the 25,imperative
3340,there's nothing really that gets in that early,assertive
3341,and then on the return on Sunday,assertive
3342,i'm just checking early morning,assertive
3343,i can send your United number to Hertz,assertive
3344,"Come over here, let me show you!",imperative
3345,so probably SFO is better actually,assertive
3346,which is 0 1 1 9 0 8,assertive
3347,can you confirm that address for me please,interrogative
3348,i'm just going to check to see what's the cheapest fare available to you,imperative
3349,can we book on that one please,interrogative
3350,at what time does it get to Toronto,interrogative
3351,why,interrogative
3352,it's 50 percent refund less five pounds,assertive
3353,they're going to be exactly the same,assertive
3354,if you see what i mean,assertive
3355,Write an email to your boss.,imperative
3356,Help the poor.,imperative
3357,lets take a walk on the wild side.,imperative
3358,but travelling on weekend days,assertive
3359,he needs   he needs to arrive in Miami sooner than what shows,assertive
3360,and that get... get's back in the bay area at what time,interrogative
3361,flying to Miami right,interrogative
3362,and if you needed to change any of the times of travel,assertive
3363,we have him on US Air flight 2 6 5 0 on the 14th of June,assertive
3364,i need to catch the first flight from ORD out to Greenbay Wisconsin uh Monday morning,assertive
3365,as far as you're inquiring about penalties and stuff,assertive
3366,could you pull up a reservation for me please,interrogative
3367,for instance i can get you a 158 dollar 25 percent penalty round trip fare out of San Jose,assertive
3368,the 9:18,assertive
3369,i've just been in touch with the 0 3 4 5 1 2 1 9 6 2 number,assertive
3370,if you could leave at like 1 in the morning,assertive
3371,this is A B,assertive
3372,are you only going one way or do you have transportation returning,interrogative
3373,Go back to Mississippi,imperative
3374,it's the best available,assertive
3375,what type of credit card is that you hold,interrogative
3376,we can put him,assertive
3377,it turns out there's an earlier United flight a 3:40,assertive
3378,to get that 449,assertive
3379,if you can't make your journey and wish to cancel,assertive
3380,that's what i needed,assertive
3381,and that start at the 3rd of October,interrogative
3382,the railcard,interrogative
3383,i think i i got a Super Advance or a Super Saver or something like that,assertive
3384,there's a Delta non-stop at 7:40 a m,assertive
3385,British Air has a 174 14 round trip,assertive
3386,could you give me a contact telephone number please,interrogative
3387,Get vaccinated before the age of twelve months.,imperative
3388,and do you have a current railcard,interrogative
3389,it doesn't really matter  whatever,assertive
3390,to Newark,assertive
3391,"Find the document titled ""test""",imperative
3392,and we're thinking about whether we should ask them to pay for first class travel,imperative
3393,un... unless you can find a three point by going to Moscow,assertive
3394,you're saying i can't go on the 14:58 anyway,interrogative
3395,we've got you on American flight 9 3 0 8,assertive
3396,about 9 o'clock,assertive
3397,but then you... you're probably just as easy to take,assertive
3398,tha... i i thought you said December,assertive
3399,on the 6:34 from Wigan please,assertive
3400,arriving in Blackpool North for 13:24,assertive
3401,forward facing preferably,assertive
3402,is this going to be put on a credit card,interrogative
3403,not at the moment,assertive
3404,the only seat that i can reserve you in is in the smoking coach,assertive
3405,or depart from a different city,assertive
3406,Latterworth,assertive
3407,Bring that to me.,imperative
3408,this Monday coming,interrogative
3409,it's a disabled card,assertive
3410,Show mercy to the captives.,imperative
3411,and then United flight 2 97,assertive
3412,it's still the 15:55,assertive
3413,and the other passenger wants what kind of seating,interrogative
3414,on the return,interrogative
3415,that's out of Toronto at 10:30 p m,assertive
3416,they  the 4  the 5 adults,assertive
3417,but you've got to stick to the date and time that you book,assertive
3418,and that would be uh SAS flight 2 9 1,assertive
3419,and if if i need to change,assertive
3420,we can get him on a non-refundable fare for you know a fairly good price compared to 1070,assertive
3421,and what type of credit is that you hold,interrogative
3422,and arrives uh John Wayne at 6:03 p m with a stop in San Jose,assertive
3423,using Saudi on the 11th or,assertive
3424,out of San Francisco at 4:10 p m,assertive
3425,and everything is confirmed for that,assertive
3426,the first ticket ticket i checked for was a Virgin Value,assertive
3427,Japan versus Business Class uh  around the world's flight,interrogative
3428,not business or first,assertive
3429,how about London to Newcastle,interrogative
3430,Driver carefully!,imperative
3431,doing a little pricing now,assertive
3432,they're just,assertive
3433,what what signal do i have to give the Holiday Inn people to what proof that i'm you know that i'm with WWW and i'm i'm a gov government on this government thing,interrogative
3434,let's go with that then to for the,assertive
3435,but with your Super Advance return,assertive
3436,that's stands the same,assertive
3437,and from  Wigan,assertive
3438,the full coach,assertive
3439,listen to your teacher,imperative
3440,the dates times and seat numbers are printed on the tickets for you,assertive
3441,i don't want him to both have to walk all walk over to WWW and   um you know be here,assertive
3442,Tell us the lies!,imperative
3443,so it jumps up pretty high,assertive
3444,American Express,assertive
3445,Skip what you can.,imperative
3446,and in order to,interrogative
3447,it's just subject to whatever the new fare is,assertive
3448,i i uh they they'll want to get on the same uh flight that i do,assertive
3449,no changes once the uh ticket is issued,assertive
3450,then we have one at 6:40 a m which would get you there at 4:36,assertive
3451,i need to go in from San Francisco to Wild Wood New Jersey and return,assertive
3452,let me see what the 25 percent penalty ticket would be,assertive
3453,there is no penalty attached to the conference rate,assertive
3454,and could you give me the long number across your credit card,interrogative
3455,there is a possibility i could do it on on Monday i suppose,assertive
3456,so what i'll want to do is um probably not leave Seattle until about 8:30 or so,imperative
3457,go back to Louisiana.,imperative
3458,Monday the 4th of October,interrogative
3459,whichever's cheaper,assertive
3460,if he he he should at least arrive 20 minutes before the flight,assertive
3461,so there is 21 minutes for you,assertive
3462,it's out of San Francisco at 9:10 a m,assertive
3463,Plow the lawn if you have time.,imperative
3464,and arriving Springfield 12:31 p m,assertive
3465,on the 8th of September,assertive
3466,the 17:25 returns arrives in Euston at 19:08,assertive
3467,"You needn't give me a lift, I will go by train",imperative
3468,and that'll be the 14:50 i think then,assertive
3469,i'm just checking that from Euston,imperative
3470,that's all they have,assertive
3471,it's been a busy  morning,assertive
3472,i want to go from Chicago to Southbend on i believe it's United Express 2 6 8 6,imperative
3473,that's on Monday the 5th of October,interrogative
3474,but i'd need to definitely get on that train,assertive
3475,the routing that you suggested to Los Angeles,interrogative
3476,they've changed,assertive
3477,they only of...,assertive
3478,i think Monday's fine,assertive
3479,i could get you,assertive
3480,there's a train at 14 hundred from Euston,assertive
3481,i'll go for the 9:35,imperative
3482,can i put you on hold for a moment,interrogative
3483,Save the children!,imperative
3484,the best one for farewise would be a America West flight at 2:10 p m,assertive
3485,if it's not back within an hour,assertive
3486,h... h... how close is that,interrogative
3487,Become who you need to be.,imperative
3488,Summarize the news for me.,imperative
3489,when G was,assertive
3490,and  your credit card number,interrogative
3491,we have you on Amer... confirmed on America West flight 8 0 8,assertive
3492,thanks a lot for callling,assertive
3493,there's two of us at least now,assertive
3494,because of the time that you're travelling out  of Birmingham New Street,assertive
3495,how about non-smoking and window aisle and all that stuff,interrogative
3496,Don't forget to take your passport with you,imperative
3497,Air Canada has a connection through Toronto that leaves San Francisco at 7:50 a m,assertive
3498,it's a Virgin groupie,assertive
3499,start with,interrogative
3500,Redo the translation.,imperative
3501,that's where the 2 tickets will be posted out to,assertive
3502,seat number 47 and 48,assertive
3503,or they have a 6 p m,assertive
3504,two adults please,assertive
3505,but um what time do you think he should arrive at the airport if he has no luggage and wants to get on the 7 o'clock flight,interrogative
3506,thank you for holding there,assertive
3507,i think it's 1 9 0 8,assertive
3508,a three day advance purchase fare,assertive
3509,i don't know that there is anything available,assertive
3510,connecting there with PanAm flight 10 66,assertive
3511,where,interrogative
3512,i'm going to put you on hold for just a second while  you check that out,imperative
3513,he's coming back on Lufthansa,assertive
3514,and your postcode to where your credit card is registered to,interrogative
3515,would you like to send it to me at E,interrogative
3516,Super Advance at 30 pounds each,assertive
3517,from Euston to London,assertive
3518,that's what he wants,assertive
3519,clean the sidewalk!,imperative
3520,just one way,assertive
3521,i need to arrange for you to collect your ticket from the train station,assertive
3522,it's still 6:08 any which way we do this,assertive
3523,i think as long as you've got your WWW id,assertive
3524,it's A with American Express Travel,assertive
3525,except that his um advance number is,assertive
3526,61 pounds 50,assertive
3527,just so i can make sure i've got a seat on there,assertive
3528,i i remembered a couple,assertive
3529,that is that should be all it takes,assertive
3530,Don't scare me like that!,imperative
3531,Don't tease him!,imperative
3532,that would be row nine seat number five,assertive
3533,it would be on the the 5th,assertive
3534,so we should be able to do something here,assertive
3535,they have now been booked up,assertive
3536,and is it just for one person,interrogative
3537,and these are walk-on tickets that we can keep it for you or you can buy at the train station before you board the train,assertive
3538,but that w... but that would be completely non-refundable,assertive
3539,that's the best available that i can get,assertive
3540,is the first flight out,assertive
3541,so let's book that midnight red eye out of SFO,assertive
3542,can you hold on one sec,interrogative
3543,leaving Chicago 11:25,assertive
3544,5 adults and 4 children,assertive
3545,from San Francisco or San Jose,interrogative
3546,so let's let's leave it the way we have it,assertive
3547,you can't leave that ticket open,assertive
3548,which again is too early,assertive
3549,if they have one at 6:15,assertive
3550,the next Thursday,assertive
3551,it looks like approximately right,assertive
3552,"If this is coffee, please bring me some tea; but if this is tea, please bring me some coffee.",imperative
3553,or i can provisionally book it and arrange for you to collect the tickets at the train station as long as you are a credit or debit card holder,assertive
3554,that's the 9:50 you say,imperative
3555,but there's road er road works listen me engineering works isn't there or something,interrogative
3556,and then i'll book the one,imperative
3557,the only the only way you're going,assertive
3558,it's not not great,assertive
3559,the same day,interrogative
3560,and i have to be there on Monday morning,assertive
3561,the 9,assertive
3562,we could get it for um 1079,assertive
3563,but that's only available in the dates and times,assertive
3564,but you er  but er but what happen is that 2  2  2 of my sisters are travelling,assertive
3565,i know they have them 10 minutes to the hour,assertive
3566,on that outward service on the 16:20,assertive
3567,it's Continental flight 8 2 4,assertive
3568,you could take the same 6:40 flight,assertive
3569,it's it's going to be the same airfare out out of ei... either airport,assertive
3570,it's 4 adults and 4 children on 6 family railcard,interrogative
3571,but it's just the fare,assertive
3572,the person,assertive
3573,right then,assertive
3574,have a break.,imperative
3575,i think the best thing to do is just ta... ge... go one way on that other one to guarantee his flight,assertive
3576,arriving in Newton Abbot for 14:02,interrogative
3577,i need to make uh reservations,assertive
3578,that round trip um so to speak round trip with open return is 1055,assertive
3579,and i,assertive
3580,arriving in Euston at 9:05,assertive
3581,C W,assertive
3582,i don't know if they care if they sit together,assertive
3583,it's  8 8 0 9,assertive
3584,then it's the 12:28 from Wigan to arrive in Edinburgh at 15:30,assertive
3585,maybe she was looking out of San Francisco,interrogative
3586,then everything would be a connecting flight either to San Francisco or to San Jose,assertive
3587,ok then,imperative
3588,you'll be able to get the Virgin Value Business at 45 pounds,assertive
3589,round trip Delta and Piedmont is the first one i'm going to price,imperative
3590,the name comes up,assertive
3591,Turn on the radio!,imperative
3592,was that the 6 o'clock flight,interrogative
3593,you can get the next available service,assertive
3594,Friday's going to be the 21,assertive
3595,the issue number is 8,interrogative
3596,for whom,interrogative
3597,arriving 14:28,assertive
3598,Move out of the way!,imperative
3599,and that's your Standard Open,assertive
3600,when you check in in San Jose before you leave,assertive
3601,in the past,assertive
3602,the only advance purchase ticket is available is on the train after,assertive
3603,it's just that,assertive
3604,what's the next one after that,interrogative
3605,like only thing available would be fifteen C on the return flight,assertive
3606,it's a company card in your name,interrogative
3607,and that's going to be 14 pounds return,assertive
3608,Come out with us tonight.,imperative
3609,to the airlines,assertive
3610,and the surname of the credit card holder,interrogative
3611,the credit card number is,interrogative
3612,if you miss any services that i've reserved you on,assertive
3613,from Chicago to where,interrogative
3614,honor your father and your mother.,imperative
3615,if the 6:20 flight was available,imperative
3616,or Richmond to Dallas,interrogative
3617,i think it's just different fares,assertive
3618,and is it Sunday the 4th  of  October,interrogative
3619,09:35 from Euston,imperative
3620,Work in pairs.,imperative
3621,there is no any availability,assertive
3622,let's go ahead and stick with it,assertive
3623,Launch the missles!,imperative
3624,Warrington to London tomorrow morning on the 8:44,assertive
3625,that's in the afternoon,imperative
3626,1 99 is what's being paid,assertive
3627,Turn off your phones.,imperative
3628,why d... don't you just leave the reservation as is,interrogative
3629,th... th... that's a direct flight so you were looking,assertive
3630,and then i'll have to call US Air to find out if if we're allowed to make her reservations,imperative
3631,it's um credit card there,assertive
3632,he's going all the way through to Copenhagen,interrogative
3633,what time do you like to depart at,interrogative
3634,is that got the the tea and coffee as well,interrogative
3635,this man travels so much though,assertive
3636,Write in Irish.,imperative
3637,that arrives Greenbay at 8:51,assertive
3638,this Saturday,interrogative
3639,leaving Birmingham New Street on Saturday and returning on the Sunday from London Euston,assertive
3640,and if the expiration date says it's expired,assertive
3641,with with a table if possible,assertive
3642,but we do need the credit card address details,assertive
3643,it's the 24th of October,assertive
3644,could i travel erm front facing  please,interrogative
3645,it's 6 8 0,assertive
3646,if i could have got a Super Advance or whatever it was,assertive
3647,what i'm going to do is i'm going to check to see what's the cheapest fare available  for the dates and times specified,imperative
3648,that way,assertive
3649,can can we go to the center section of three seats and get them two side by side,interrogative
3650,first name,interrogative
3651,how about um if we do it Thursday of next week or we...,interrogative
3652,arriving Crewe 13:54,assertive
3653,Feed the hungry.,imperative
3654,and he would request an United flight,assertive
3655,the credit card number please,assertive
3656,and that's 23 45,assertive
3657,i've got er just heard the other one er was  14 something,assertive
3658,i wanted to know how much it would be for a one way ticket to Las Vegas,interrogative
3659,if his profile says  midsized car,assertive
3660,there is s... some restrictions with the Saver Return,assertive
3661,Set phasers to kill!,imperative
3662,that's the 19th,assertive
3663,if i'm not there 50 minutes beforehand,assertive
3664,it looks like we're not having any luck with um ou... the Delta flight on the 16 the July from San Francisco to Atlanta,imperative
3665,and there's not any availability there for the Virgin Value fare,assertive
3666,i i indicated i said the only  thing that was given to me was a flight that goes into He... you know was flights going into Heathrow,assertive
3667,Blind everyone with your smile.,imperative
3668,that's a 4:25 arriving John Wayne at 7:41,assertive
3669,i'll check Saturday for you,imperative
3670,Always play where I can see you.,imperative
3671,there's no non-stops,assertive
3672,and the dates times and seat numbers will be printed on the tickets for you,assertive
3673,Launch Firefox,imperative
3674,flying direct from here,assertive
3675,7 a m on the 10th,interrogative
3676,Don't trouble the children.,imperative
3677,can you give me that again,interrogative
3678,i think it's called the Holiday Inn Lincoln Tunnel if i'm not mistaken,assertive
3679,and how early would you like to get to the airport,interrogative
3680,Walk the line.,imperative
3681,you're travelling from Durham  at 6 thir... 53 in the morning,assertive
3682,and that's 7 pounds for your Single,assertive
3683,Always remember who your boss is,imperative
3684,somewhere between 2 and 3,interrogative
3685,and that is the lowest no-penalty available in that market,assertive
3686,those are both aisles  round trip,assertive
3687,then the bus is departing at 23:30,assertive
3688,it's eh going out at uh 2 o'clock today,assertive
3689,that's not a,assertive
3690,that would be United f...,assertive
3691,i will be there,assertive
3692,i'm all set then,assertive
3693,in the morning or  evening,interrogative
3694,Choose wisely my friend.,imperative
3695,your surname is please,interrogative
3696,again on United here,interrogative
3697,Work Hard!,imperative
3698,back to the airport by 7:15,assertive
3699,not for the Super Advance,assertive
3700,2 42 each direction,assertive
3701,it's Miss,assertive
3702,out of LAX at 5:30 p m,assertive
3703,i'll leave the return journey open,imperative
3704,but if it's,assertive
3705,so i'll have someone call you as soon as they're ready to be picked up,imperative
3706,"stir toegether flour, baking soda, and baking powder.",imperative
3707,apart from the travelling on a Friday,assertive
3708,you would need to get the 16:31,assertive
3709,Don't touch me!,imperative
3710,play the song Mercy Me by Alkaline Trio,imperative
3711,and the  fare on this is a 198 dollars,assertive
3712,when,interrogative
3713,open the app,imperative
3714,but from Chicago,assertive
3715,and you  remember to take the disabled railcard with whoever's travelling tomorrow,assertive
3716,if you miss any train,assertive
3717,but the east coast does have night service,interrogative
3718,that's a Sunday,assertive
3719,that's flight 14 13,assertive
3720,and so do we have final approval,interrogative
3721,there's a flight on on a Tuesday in August,assertive
3722,that was,assertive
3723,is it for domestic or international,interrogative
3724,you're travelling from Leicester at 9:18 in the morning,interrogative
3725,it would give you the,assertive
3726,is it Wrexham Central or General,interrogative
3727,if i leave much after two in the morning on Sunday,assertive
3728,you could conceivably get in earlier,assertive
3729,which is 75 pounds return,assertive
3730,it's for eh the outbound would be on June 17th,assertive
3731,and was there anything else,interrogative
3732,and i'll get back to you later today,imperative
3733,Leicestershire,assertive
3734,tack the package before you leave,imperative
3735,i don't know what you,assertive
3736,i need the full credit card address,assertive
3737,but then they don't tell us which ones we can't,assertive
3738,is that a Delta card,interrogative
3739,Boston to Nantucket,assertive
3740,Open up the fridge.,imperative
3741,if you stayed over Saturday,imperative
3742,5 or 6,assertive
3743,and i'll put him on the best one we can,imperative
3744,Air Europe has a flight round trip for 2 13 59,assertive
3745,for the same price,interrogative
3746,arriving in Birmingham New Street 12:50,assertive
3747,the Wednesday's the same,assertive
3748,with the Saver ticket,assertive
3749,if you have to cancel this ticket,assertive
3750,the first one is Air Canada flight 7 5 0 8,assertive
3751,i guess Alaska has a snack on it and American doesn't,assertive
3752,round trip  round trip,assertive
3753,i  i might very well call you back in a few days and change it  to make it earlier,assertive
3754,9:45 in the morning,assertive
3755,it's a connect Barclay Visa,assertive
3756,visit us in the hospital after the baby is born,imperative
3757,for that Lufthansa flight,assertive
3758,that 11 24 or something close to that,interrogative
3759,what i need to do is have someone go from Orange County to Lake Tahoe,assertive
3760,he's returning on the 13th of June on United flight 1 1 1 8,assertive
3761,Northwest will go through Detroit,assertive
3762,Hum to the next song you hear.,imperative
3763,let me check with him um,assertive
3764,and they have a pickup right at WWW,assertive
3765,do you want me go ahead and book this ticket for you,interrogative
3766,Work on your own.,imperative
3767,Stop feeding the lions.,imperative
3768,and uh,assertive
3769,i have two of them,assertive
3770,that's 8 a m,interrogative
3771,that sounds good,assertive
3772,arriving at 14:18,assertive
3773,getting you there at 5:11,assertive
3774,Monday to Friday,assertive
3775,it gets you back into San Francisco at 11:53 a m,assertive
3776,so i know you don't have a profile on him,assertive
3777,on the 9th of September out of San Francisco at 7:40 a m,assertive
3778,there's the 7:33 from Birmingham New Street,assertive
3779,it's 61 pounds 50,assertive
3780,is it,interrogative
3781,i've i've  always wondered if i get bumped on one of these legs because i am flying two different airlines,assertive
3782,what time would you like to depart Durham,interrogative
3783,seat number 22,assertive
3784,on the 20,assertive
3785,it's a 1:05 in the morning,assertive
3786,and then continuing or returning on what date,interrogative
3787,and uh i think that's going to do it those two ho... hotel reservations and and the one flight,assertive
3788,we're having a lot of problems on the US Air seat maps,assertive
3789,if that's the only place,assertive
3790,from Wilmslow to Euston,interrogative
3791,the total price is 51 pounds return,assertive
3792,i  don't normally,assertive
3793,was it just going to be for one way,interrogative
3794,and how about exact location of pickup,interrogative
3795,and it's gonna be for May 11 if you're at that point yet,assertive
3796,it's        Retpot Close,assertive
3797,it would be exactly the same fare,assertive
3798,but it's at 12:23 p m,assertive
3799,because he could change his mind,assertive
3800,there's a train at 14:30 from Manchester Picadilly,assertive
3801,and i am wondering now if we can we add another leg to that uh,imperative
3802,is it just for one,interrogative
3803,it has to be ticketed by the15th of June,assertive
3804,when it does list,assertive
3805,i'm leaving 7:15 a m from Birmingham New Street and leaving London Euston at 10:35 a m on Sunday,interrogative
3806,5 adults 4 children,assertive
3807,and then he wants to return from um Baltimore Washington  to San Francisco on the 23rd of June,assertive
3808,is that Alaska,interrogative
3809,she told me that,assertive
3810,what happened to the 78 dollar fares or those sort of things,imperative
3811,the outbound flight is pricing at a discounted fare without um without any penalty,assertive
3812,returning on US Air,assertive
3813,just the 1,assertive
3814,if he wanted to go without a penalty,assertive
3815,which is this D,interrogative
3816,you had not made a reservation for this person yet right,interrogative
3817,why don't we do that one,interrogative
3818,it's acting very strange,assertive
3819,Mrs GG,assertive
3820,2 hours,assertive
3821,and you want the lowest fare available,interrogative
3822,there's there's no condi...,assertive
3823,and i would like to get uh aisle seats on those please,imperative
3824,i went there last Wednesday,assertive
3825,because of the connections,assertive
3826,3 7 2 arrival San Jose at 7:15,assertive
3827,w... what about your return,interrogative
3828,there's not any allocation earlier on  at the times that you want for the Virgin Value fare,assertive
3829,C,assertive
3830,Red Gail Head,assertive
3831,on Friday Piedmont flight 1 0 0 5,assertive
3832,and it's returning on the same day,assertive
3833,Please tidy your room.,imperative
3834,this is business,assertive
3835,i was just actually double checking that because  all part of the journey that you're doing is actually on Virgin trains,assertive
3836,call the doctor.,imperative
3837,seat number 8,assertive
3838,and this is a connection in what city,interrogative
3839,it's 98 round trip,assertive
3840,bye now,assertive
3841,that  gets you into Wilmslow for 23:23,assertive
3842,you never know,assertive
3843,cos the time zone's in our v... our favor coming  this direction,assertive
3844,and what is the last name of the passenger,interrogative
3845,the calendar month,assertive
3846,and you want to travel ag... again on what day now,interrogative
3847,should i wait till Monday,interrogative
3848,Help in the arrest.,imperative
3849,the cheapest fare that i'm checking for is the Virgin Value Return which is 12 pounds each,assertive
3850,at least that is a bulkhead seat,assertive
3851,we're going to hold,interrogative
3852,the last United flight and almost one of the last direct flights is 7:45,assertive
3853,he travels a lot,assertive
3854,i grabbed the wrong flight,assertive
3855,is there any later connections of any sort,interrogative
3856,Include the required attachement(s).,imperative
3857,he needs to figure that out,assertive
3858,when would be the e... the earliest flight arriving on uh for Friday so,interrogative
3859,i think the last time the guy told him it was almost 12 hundred,assertive
3860,on the 9th,assertive
3861,but i can get it,assertive
3862,arriving in London Euston at 12:17,assertive
3863,you can extend it two years,assertive
3864,he's in a meeting,assertive
3865,and do you want me to read off the flights,interrogative
3866,we're going to have to void that,imperative
3867,and its a non-penalty fare of 1079,assertive
3868,when are you returning,interrogative
3869,arriving at 22:37,assertive
3870,they were run on the 31st,assertive
3871,i think we had better price rates on the US Air didn't we,interrogative
3872,what  date is it you're returning,interrogative
3873,and does he want to fly Continental or United,interrogative
3874,i don't know if that makes  any difference,assertive
3875,a Switch,assertive
3876,i don't think i'll get to seat them together on that,imperative
3877,Don't ever speak to me like that again.,imperative
3878,and that then you're saying connects with a 6:30 United,interrogative
3879,you have to change at Wigan Northwestern anyway  to arrive at 12:22,assertive
3880,let me check where Wild Wood is here,assertive
3881,and you need to take your credit card with you,assertive
3882,then uh i ha...,assertive
3883,black me out,imperative
3884,if he's leaving on the 28th,assertive
3885,there's a later non-stop at 9,assertive
3886,the 15:35 on Sunday from Euston arrives back in Warrington Bank Quay at 18:03,assertive
3887,they're no longer available,assertive
3888,so  you don't have to collect it again,assertive
3889,and i advised Mr FFF of that,assertive
3890,and i'll get back with you,imperative
3891,and this is for personal travel,interrogative
3892,there's a 12 noon arrives 2:45,assertive
3893,Fetch a glass of water.,imperative
3894,i'll specify Crewe and see what it brings up,imperative
3895,that's all i needed to know,assertive
3896,since  it would be leaving on Sunday,assertive
3897,of the company,interrogative
3898,the postcode please,assertive
3899,they're in different buildings,assertive
3900,the last flight out is going to be at 1:47 p m on TWA,assertive
3901,it's not available on the 6:34 in the morning,assertive
3902,then i i could go the morning of the 9th of September,assertive
3903,seat number 13,assertive
3904,we have one tha... on Air Canada that goes to Toronto huh,interrogative
3905,even a one-stop that's that's showing to be the last flight out,assertive
3906,to get the 19:00 train,assertive
3907,buy one and save 50% on your next purchase,imperative
3908,that's 5 hours of driving,assertive
3909,and we are talking Columbus Ohio correct,interrogative
3910,it it's it's er the 10th of er 98,assertive
3911,thanks,assertive
3912,it's a full refund if you have to cancel this ticket,assertive
3913,it looks like that might be the one that's holding whatever penalty,assertive
3914,i'm just checking through the day for you for an advance purchase ticket,assertive
3915,i think the 10 to 6 would be the most appropriate one,assertive
3916,it's erm April 01,assertive
3917,and checking out 1st of August,assertive
3918,i want to fly from San Francisco to Syracuse New York,imperative
3919,it's real frustrating,assertive
3920,coach and business  class are the same,interrogative
3921,put me on the American flight,assertive
3922,my mistake there,assertive
3923,and er boo... er a seat on the return,interrogative
3924,we'll um have them call her when the itinerary is all ready to be picked up,imperative
3925,i really prefer to go the middle seat non-smoking,assertive
3926,i have to arrive Friday,assertive
3927,i don't need any hotels,assertive
3928,it's number 3,assertive
3929,and it leaves San Jose 9:50 a m  and arrives Ontario 11:02,assertive
3930,seat number 33,assertive
3931,Play the song test,imperative
3932,it's up to you,assertive
3933,i could book it just now,assertive
3934,you said on the 8th of August,interrogative
3935,your name and extension,interrogative
3936,it'll be one person,assertive
3937,b... book me on that then,assertive
3938,there's a train from Preston at 16:31,assertive
3939,Dont look back,imperative
3940,i see that,assertive
3941,to leave em going on the 9th of October,assertive
3942,i'm sorry about that,assertive
3943,9:50 is American,assertive
3944,arriving in St Pancreas at 8:50,assertive
3945,coming back Sunday,assertive
3946,and you cancel by 2 o'clock the day before travel,assertive
3947,it's  it's the 9:19 at Wolverhampton please,assertive
3948,or there's a Richmond to Dallas,assertive
3949,this p... this will be from Traver City Michigan to SFO,assertive
3950,i'm afraid that's not possible with that type of ticket for travelling tomorrow,assertive
3951,if you leave on a Sunday,assertive
3952,Enjoy some fresh apples,imperative
3953,there's also a US Air flight at 6:20,assertive
3954,and it's what you'd always be charged as long as you're travelling at the appropriate times,assertive
3955,it's flight 6 4 0,assertive
3956,500 each direction,assertive
3957,i don't know if you prefer United over American or,assertive
3958,i'm calling about a trip for C D,assertive
3959,i'm checking for the Super Advance Return at 41 pounds 50 each,assertive
3960,the eighth,assertive
3961,i've got a  i'm using a credit card to pay for this,assertive
3962,and do you have a charge number at this time,interrogative
3963,he hasn't he hasn't filled out the form probably in any case,assertive
3964,and that is 99 dollars one way,assertive
3965,we better do the 6,assertive
3966,Dallas to Denver,assertive
3967,and it's going to be the same,assertive
3968,we'll post the tickets out to the credit card holder's address,imperative
3969,Switch is fine,assertive
3970,the 29th,interrogative
3971,and what's what's the next one,interrogative
3972,not that easy,assertive
3973,you uh spoke with me earlier,assertive
3974,i thought there was only one station there,assertive
3975,let's try  em i want to try and book that coming back on the on the 19:00,imperative
3976,there  had to be several different cities you can go through like Beijing to Helsinki,assertive
3977,i... it's American US Air i think are our,assertive
3978,there's a 9:40 flight,assertive
3979,i'd rather get on the 7:15,assertive
3980,the flight number,interrogative
3981,he said either l... late on the 23rd or or any time on the 24th,assertive
3982,arrival is at 10:30,assertive
3983,so once you buy it,assertive
3984,and do you have a preference as to airlines,interrogative
3985,and there are probably connections,interrogative
3986,Say I love you.,imperative
3987,it doesn't tell us what it's going to be tomorrow,assertive
3988,he's not stopping in San Jose,interrogative
3989,treble  as in,assertive
3990,Smile for the camera.,imperative
3991,wha... er,assertive
3992,so i've got to send these back,assertive
3993,any time after 6:20,assertive
3994,but the ticket would need to be issued today,assertive
3995,i'll remember this one,imperative
3996,and you arrive in London Euston for 13 hundred,assertive
3997,Eat your popcorn.,imperative
3998,that 7 o'clock train doesn't have  any of the 19 pounds Virgin Value fares  for Super Advance,assertive
3999,and if um bu... in case of illness or death or anything like that,assertive
4000,i will call him right now,assertive
4001,let me pull it up here,assertive
4002,is there any,interrogative
4003,is it just for 1,interrogative
4004,but if you're travelling on a weekday Monday to Friday,assertive
4005,and just trying to think it would be,assertive
4006,if i gave you the confirmation number,assertive
4007,6th of October,assertive
4008,let's go for it,assertive
4009,Manchester Picadilly 5:30 tomorrow evening,assertive
4010,and it is subject to availability,assertive
4011,departing at what time around,interrogative
4012,do you want me to book those seats for you,interrogative
4013,they would just have be in the middle section there,assertive
4014,Speak in spanish.,imperative
4015,you've actually passed the booking deadline now,assertive
4016,Consider the lily,imperative
4017,and what date does he want to travel,interrogative
4018,"Write an email to kim saying ""This is not a test of the emergency broadcast system.""",imperative
4019,that's a on...,assertive
4020,from from Stockport to Euston,assertive
4021,you get a full refund within 21 days of the flight,assertive
4022,and you just  quote that reference number,assertive
4023,but i mean it's on this in this atlas,assertive
4024,and arriving back into San Francisco at 8:33 p m,assertive
4025,it you do have y... you have to ticket this in order for this reservation to remain intact  by the end of tomorrow,assertive
4026,i'll pull that one up,imperative
4027,if you have to cancel,assertive
4028,next er next Friday,assertive
4029,Tell me the truth.,imperative
4030,it  it's better for me if you put it,assertive
4031,they all are competitive with one another,assertive
4032,it's supposedly coming today,assertive
4033,and then the connection from Crewe is 14:52,assertive
4034,what time do you like to depart from Macclesfield,interrogative
4035,i think i'm going to do the 1 p m thing,imperative
4036,and the title,interrogative
4037,all the flights are afternoon,assertive
4038,new reservation on June 21,assertive
4039,it's it's uh the number one priority type of uh,assertive
4040,all of these are going to be connecting flights,assertive
4041,it's 2 1 2 0,assertive
4042,on the em 17:15,assertive
4043,if he can uh go with the penalty,assertive
4044,if we wait and the Lufthansa flight does come up,assertive
4045,Saturday the  3rd of October,assertive
4046,there's an American flight at 7:30,assertive
4047,i'm afraid on the Wilmslow to Euston route,assertive
4048,we could get it down to a 124 dollars round trip,assertive
4049,that's the cheapest,interrogative
4050,Tell the truth.,imperative
4051,the 19 pounds Virgin Value fare  not available until 15:52 in the afternoon on Saturday,assertive
4052,his pick up time,assertive
4053,from San Jose or San Francisco,imperative
4054,i've just had a thought,assertive
4055,what time around would you like to depart,interrogative
4056,it's the 5th of October,assertive
4057,i have  a Monday morning meeting,assertive
4058,you're all set then,assertive
4059,Unlock my phone.,imperative
4060,i'll put forward facing  anyway,imperative
4061,leave it open,assertive
4062,if you're returning on a Friday,assertive
4063,i thought i'd been there later than that,assertive
4064,it's em the year 2001,assertive
4065,have you got your postcode first of all,interrogative
4066,that it  it says here it's going to put an extra 40 minutes on if it is  going to be,assertive
4067,do you have any that get in... into uh Ottawa later in the evening,interrogative
4068,make sure to pack warm clothes.,imperative
4069,that's going to be the cheapest fare to you,assertive
4070,it's erm Fanshawe Cottage,assertive
4071,then it's  as in,assertive
4072,and you just need to quote this reference number,assertive
4073,they they do some cheap one as well,assertive
4074,so i need to leave Saturday night or around midnight,assertive
4075,Coxhoe,assertive
4076,we just have to offer it and notate that it was declined,assertive
4077,if you want to look that up,assertive
4078,seems a little ridiculous i think,assertive
4079,and i understand another group has made the reservations,assertive
4080,but i have a feeling that fli... a flight won't be available direct,assertive
4081,there is one at what time on Thursday afternoon,interrogative
4082,on the 13th,assertive
4083,travelling from Derby at 7 a m in the morning,assertive
4084,they don't have any competition,assertive
4085,4 of them will go on the railcard,assertive
4086,he's not,assertive
4087,so it's the same,imperative
4088,it depends on who you're using,assertive
4089,if that's going to be the best station for you,assertive
4090,"Let the river rock you like a cradle Climb to the treetops, child, if you're able Let your hands tie a knot across the table.",imperative
4091,hold on just a second,assertive
4092,i want to know erm,imperative
4093,if there's anything Thursday night    from Wigan,interrogative
4094,five in the afternoon,assertive
4095,Let them cool,imperative
4096,both of them,imperative
4097,i'll check the whole thing,imperative
4098,there has to be some other options,assertive
4099,so i i'd rather get the 20 dollars,assertive
4100,Turn on airplane mode,imperative
4101,if we could,assertive
4102,so that leaves it open,assertive
4103,and this is the reference number your tickets have been booked under,assertive
4104,instead of 5:10,assertive
4105,they've changed their flight number,assertive
4106,you have a you have a Super Saver one as well don't you,interrogative
4107,i'll do it under my own steam,imperative
4108,then the round trip fare is 11 62,assertive
4109,but i think we picked this one because um he could get the business traveller  uh seating,assertive
4110,or is there always tickets,interrogative
4111,you want me to book that for you,interrogative
4112,Talk to me about dan,imperative
4113,i need to know some prices uh to compare against subcontract,assertive
4114,it's a Barclays Connect,assertive
4115,Start a fire with your bare hands.,imperative
4116,out of San Francisco at 11:55 p m,assertive
4117,as in,interrogative
4118,i don't know what to do,assertive
4119,it's 7:34,assertive
4120,with the Virgin Value Business,assertive
4121,on uh Sunday the 17th of September,assertive
4122,there's the Super Saver and the Super Advance Saver,assertive
4123,if it's if you're not returning on a Friday,assertive
4124,SFO to LAX then,imperative
4125,then the outward service tomorrow in 8:34 arrives at London 11:15,assertive
4126,round trip,interrogative
4127,Change regularly,imperative
4128,and this is on US Air 2 5 1 1,assertive
4129,and the initial,interrogative
4130,you've got to travel out on the 7:55 tomorrow,assertive
4131,it's 26 05 or something is it,interrogative
4132,"Steep turn, go slow.",imperative
4133,that that 10  25 gets me in at what time,interrogative
4134,so the fare's going to be 23 pounds 45,assertive
4135,i think i'm going to check the fare,imperative
4136,if it's after the 2 o'clock deadline,assertive
4137,"Write an email to austin saying ""You're the best""",imperative
4138,i'll go for a smoking then,imperative
4139,meaning he'd  have to get between the two,assertive
4140,but you would have to connect going to Dallas,assertive
4141,i'm it leaves Ottawa,assertive
4142,it's a United changing planes in Chicago and getting in at 9:30 into San Jose,assertive
4143,and then you're going to return from Chicago on the fourteen or,interrogative
4144,then the fare could range anywhere even higher than that 378 for a 25 percent penalty fare travelling mid-week,assertive
4145,that would be San Francisco,assertive
4146,"Serve your guests some good food, else they wont come back.",imperative
4147,this is C D,assertive
4148,there's a United flight that leaves at 6:20,assertive
4149,Thursday is what time,interrogative
4150,you must do so by 2 o'clock the day before again,assertive
4151,we issue the tickets out of WWW,assertive
4152,what about,interrogative
4153,do you have to be there on uh Sunday mo... Sunday night or Monday morning,interrogative
4154,leaving on the20th of June out of Orange County John Wayne Airport at 7:30 p m,assertive
4155,they don't,assertive
4156,it says reservations for CC and his wife and,assertive
4157,forward facing,assertive
4158,and then a Saudia flight to Riyadh,assertive
4159,it depends on what you know day of the week we're looking at,assertive
4160,and you're going to pay for cash,interrogative
4161,it's two flight numbers,assertive
4162,arriving at 17:35,assertive
4163,i'll send that address in,imperative
4164,but i've checked that out,assertive
4165,you collect your tickets 45 minutes before departure time  at the booking office in Liverpool Lime Street,assertive
4166,on the half hour,assertive
4167,and from there,imperative
4168,so the Super Advance is the the  next one that's cheaper,assertive
4169,wha... why,interrogative
4170,would it have been cheaper if i had called a couple weeks in advance,interrogative
4171,i'd like to find out the one the one way and the round trip,imperative
4172,Come play super smash with me.,imperative
4173,"Select a winner, then rank order the losers.",imperative
4174,do you want to book the return or leave the return journey open,interrogative
4175,that's called forcing a connection,assertive
4176,they only have,assertive
4177,what time does it the train leave or something,interrogative
4178,is he is he he's not going to stop in San J...,interrogative
4179,i want to get the cheap fare,imperative
4180,and a 5:59,assertive
4181,facing towards the journey,assertive
4182,but you can come back at any time that suits yourself,assertive
4183,although that stops someplace too doesn't it,interrogative
4184,i i uh i just want to make the reservation to make sure i have a spot,assertive
4185,that ticket's fully booked up as well,assertive
4186,and that's Sunday the 4th,interrogative
4187,then it's then it'll be great,assertive
4188,i think it's like 10 to si... 10 to 6 or then,assertive
4189,Hit the ball.,imperative
4190,what is it,interrogative
4191,the one i gave you is Sunday morning,assertive
4192,cos we're flying together on the 4 o'clock Newark,assertive
4193,Watch your step!,imperative
4194,going out isn't bad,assertive
4195,what's the first destination,interrogative
4196,and the Barclay card number is,interrogative
4197,some of them are blo... blacked out for restrictions or like  or whatever,assertive
4198,from the sound of it,assertive
4199,not really,assertive
4200,that's  lovely,assertive
4201,they've all now being booked up,assertive
4202,is that round trip or just the one way,interrogative
4203,that's           Gargrave          Limited,assertive
4204,and i'm just going to check your return time,imperative
4205,and the credit card the contact telephone number,interrogative
4206,we can't look at their seat maps,assertive
4207,i need to make some um uh travel arrangements please,assertive
4208,that is the only one available now,assertive
4209,which is,assertive
4210,it wasn't any better,assertive
4211,a... and is there anything late on Saturday night,interrogative
4212,Remember the test date.,imperative
4213,i need H first,assertive
4214,there's a direct flight at 3:30 p m,assertive
4215,whereas th... this non-refundable is non-refundable,assertive
4216,that's  a walk-on fare  whether or not you might not manage to get on that particular train,assertive
4217,do you want to book a ticket or are you just enquiring   at the moment,interrogative
4218,and the travel advance number,imperative
4219,but the er,assertive
4220,American flight 1 4 3,assertive
4221,there's a train at 17:31 from Wigan  arriving in Edinburgh  21:08,assertive
4222,"buy now, while supplies last!",imperative
4223,but it's not as usually as good as taking the uh the penalty fare,assertive
4224,this is what when i ask for for Hong Kong,assertive
4225,it's ok,assertive
4226,so once you get off at Birmingham,assertive
4227,how much is the ticket,interrogative
4228,i do  think about it,assertive
4229,you want to go ahead and and go with the Delta flight,interrogative
4230,i'm just looking at this fare we got back,imperative
4231,it'll be the cheap Day Single at 20 pounds 40,assertive
4232,then we're not missing that in the profile at least,imperative
4233,and is this a business trip we're doing,interrogative
4234,so i can get to an office by,assertive
4235,Don't eat too much.,imperative
4236,Clean the desk.,imperative
4237,Change the lightbulbs,imperative
4238,the only train that i can get availability on is the 16:34  from Euston,assertive
4239,is there one sort of er twoish,interrogative
4240,if you miss the service i've reserved you on,assertive
4241,could you put me in smoking as well please both ways,interrogative
4242,looks like we might need to get you something earlier if you want that kind of time in Seattle,assertive
4243,and that's 30 pounds return,assertive
4244,it shouldn't be ba... too bad traffic-wise,assertive
4245,i've checked them first of all,assertive
4246,a form has to be filled out and completed by him and signed,assertive
4247,and will you cancel the then both the flight to Chicago and the flight from Chicago,interrogative
4248,is this going to be business class,interrogative
4249,Study hard for the math exam!,imperative
4250,what's that,interrogative
4251,and what type of credit card is that you hold,interrogative
4252,i... i...  if i was to leave at,assertive
4253,and  that  the  33 pounds 50 each,interrogative
4254,you do need to bring proof of U... United States citizenship,assertive
4255,how about from London to Belgium,interrogative
4256,this is um May 12th,assertive
4257,you'll be travelling in coach  as in,assertive
4258,there's the 8:05,assertive
4259,talk to the hand,imperative
4260,if you return on a Friday,assertive
4261,i cannot get you a aisle on the return,assertive
4262,let me take a look and see if i can get you a window,assertive
4263,there isn't any one carrier that flies all the way in there,assertive
4264,cos it's the normal price is gonna be standard open return at 61 pounds 50,assertive
4265,and that's forward facing seats,assertive
4266,and then what date would you be returning,interrogative
4267,it's from London Euston to Birmingham International,assertive
4268,the only train you can use your railcard with a Super Advance is on the 20:13 in the evening,assertive
4269,so  hopefully we will get a new system,assertive
4270,Wash the white clothes on Monday and put them on the stone heap; wash the color clothes on Tuesday and put them on the clothesline to dry; don’t walk barehead in the hot sun,imperative
4271,would you like me to go ahead and set this up to ticket today,interrogative
4272,arriving in Derby at 19:25,assertive
4273,or you can take American both legs,assertive
4274,and that's not available,assertive
4275,i'm just going to check that cos the fares are actually off change,imperative
4276,we don't know when t... he's gonna come back yet,assertive
4277,Jump on the count of three.,imperative
4278,i'm supposed to get an aisle seat for him for both flights,assertive
4279,it's just  allowing yourself extra time there,assertive
4280,and he's only about a block from there,assertive
4281,he he would get there about 6:30 right,imperative
4282,except that if we issue the ticket today,assertive
4283,and what time on the Sunday,interrogative
4284,and then a return for you,interrogative
4285,and again the coach was 1714,assertive
4286,arrival back in San Francisco at 9:54,assertive
4287,that does make one stop between Vancouver and Ottawa,assertive
4288,Join the war effort.,imperative
4289,you are able to get the next available one,assertive
4290,would you mind try... er checking for me then erm to travel on the Thursday  in the evening,interrogative
4291,Play the guitar for me.,imperative
4292,the other adult,assertive
4293,arriving at 20:56 in Liverpool Lime Street,interrogative
4294,i'm just checking to see what's the nearest time to that is a... is available,imperative
4295,they asked me before about that,assertive
4296,it's not going to be on either of those carriers,assertive
4297,departing what time in the morning,interrogative
4298,Let the dog out for play.,imperative
4299,and arrives,interrogative
4300,because obviously i want,imperative
4301,and they said   it was good until 89,assertive
4302,and arrived in San Jose at 11 a m,assertive
4303,and then it would jump from there to the full coach non-penalty for 1070,assertive
4304,Warrington,assertive
4305,i have to be in Richmond on Friday,assertive
4306,i have to arrive on a Friday,assertive
4307,i was going to say that if i had my choice i'd pick American simply because i've got the uh advantage,assertive
4308,the first train that you're ab...  a... able to use is on the 10:45 from Birmingham New Street,assertive
4309,for which journey do you wish to purchase a ticket,interrogative
4310,and i'm just checking to see what's your cheapest fare available to you,imperative
4311,and arrives Ottawa at 9:48 p m,assertive
4312,thank you  very much,assertive
4313,with this ticket,assertive
4314,just  booking your seat again,assertive
4315,that's that's alright,assertive
4316,this is B C calling from WWW,assertive
4317,can i just repeat the reference please,interrogative
4318,i'm just going to check to see what's your cheapest fare available  to you,imperative
4319,i haven't u...  had a call or anything,assertive
4320,what do you mean 1 p m,interrogative
4321,i'm just going to get a booking form to fill in refax to the train station,imperative
4322,9 46 out of Sa... San Francisco,assertive
4323,the cheapest fare that i can offer you going out at that time and returning at 6:45,assertive
4324,the 10th 98,assertive
4325,what,imperative
4326,when when do i have to book this by,interrogative
4327,and on the 11th,assertive
4328,and it's the booking office in Euston,assertive
4329,of 11 24,assertive
4330,15:20 from Preston,assertive
4331,and that's backwards seats this time,assertive
4332,or if you wanted to go in the morning of the 4th,assertive
4333,and about what time on the 16th,interrogative
4334,so  i may as well get on with them in Wigan then,assertive
4335,you're not gonna arrive there till in the afternoon,assertive
4336,it connects up with a United flight at 6:30,assertive
4337,and who's calling,interrogative
4338,every hour,assertive
4339,on the 6th of October,interrogative
4340,these are all  American,interrogative
4341,it's by 6 o'clock the day before again,assertive
4342,you arrive in Birmingham New Street at 15:42,assertive
4343,the   last flight of the day to San Francisco's at 6:39,assertive
4344,"You watch your mouth, young man!",imperative
4345,Have fun at the fair tonight,imperative
4346,i i'll have to take a chance and call back later and see if i can get the other one,imperative
4347,if he needs to change that or take a later flight,assertive
4348,you must cancel by 6 o'clock the day before your outward travel,assertive
4349,and all departing from San Francisco,assertive
4350,it has to be the credit card holder that collects the tickets from the train station,assertive
4351,on the 16th of October,interrogative
4352,at 6 o'clock,assertive
4353,or you don't need to book a return,assertive
4354,i'm just going to check with you what's your cheapest fare available to you,imperative
4355,and you wanted to leave from Orange County correct,imperative
4356,cos it has to be in today,assertive
4357,that's with a 25 percent penalty,assertive
4358,and it's,assertive
4359,it was just the non-refundable had to be issued within 24 hours,assertive
4360,Take me to the library,imperative
4361,and you would arrive in Crewe at 17:05,assertive
4362,if it's you made it directly with them,assertive
4363,travelling at what time tomorrow from Nuneaton,interrogative
4364,from Taunton,assertive
4365,so i guess what we've got to do is uh figure into Fairbanks,assertive
4366,it changes so much,assertive
4367,and then,interrogative
4368,what's the name of the business please,interrogative
4369,do you know where he's at,interrogative
4370,on the day of travel,assertive
4371,the best i could do would be um a middle seat right now,assertive
4372,the US Air flight was recommended by the manager,assertive
4373,if you have to,assertive
4374,i believe there's one leaving at 11 o'clock in the morning,assertive
4375,6:53 please,assertive
4376,out of Toronto at 9:30 a m,assertive
4377,i think there's one leaving Crewe at about 5:30 the following morning,assertive
4378,United has a 3:45 non-stop that arrives San Francisco 6:03,assertive
4379,because you're ticket's going to stay at Watford,assertive
4380,can i get originally from Wilmslow in that case,interrogative
4381,ar... are we done with um B,interrogative
4382,leaving Pittsburg at 9:55 a m,assertive
4383,in co... connecting through Dallas would get in at 8:40,assertive
4384,what's the next flight earlier than the the uh one that arrives,interrogative
4385,how's he getting to Boston,interrogative
4386,we're going San Francisco to Syracuse,imperative
4387,Slap the naughty boy.,imperative
4388,cos the last direct direct service  is that 17:14 from Wilmslow,assertive
4389,arriving LAX at 3:15 p m,assertive
4390,you need to take your credit card with you as well,assertive
4391,and this is the reference number the tickets have been booked under,assertive
4392,did you want round trip or one way,interrogative
4393,that early,assertive
4394,and your t...,assertive
4395,that's American or Northwest,assertive
4396,so  e... even  the limousine,assertive
4397,there's a 6:11 train in the morning arriving 10:31,assertive
4398,by late he means something like nine ten like that,interrogative
4399,Monday morning,assertive
4400,you have to take a 25 percent penalty fare,assertive
4401,what's the passenger's last name,interrogative
4402,and we'll go ahead and set that up for reticket,imperative
4403,other than leaving the evening before,assertive
4404,so there's st... still seats available,assertive
4405,that's uh uh uh,assertive
4406,you're talking about,assertive
4407,just check that for you,assertive
4408,how long's the journey,interrogative
4409,Continue to work with the faith that unearned suffering is redemptive,imperative
4410,but the US Air um is selling out in the lower classes of service,assertive
4411,anything else,interrogative
4412,on the Wednesday,interrogative
4413,so i'd have to a full price ticket would i  for Sunday,interrogative
4414,his,assertive
4415,with the disabled railcard,assertive
4416,they're both going to come out to the same fare,assertive
4417,is that Super  that Super Advance,interrogative
4418,and returning on what day,interrogative
4419,i'll i'll tell their secretary to give you a call,imperative
4420,and San Jose is a little better market for going into Las Vegas than San Francisco is,assertive
4421,and a first name,interrogative
4422,is it uh non-stop or,interrogative
4423,i thought thought you'd,assertive
4424,that leaves Vancouver at 1 p m,assertive
4425,facing the way the train's going if possible,assertive
4426,let's leave the return open right now,assertive
4427,i think we'd like to pay just with the full fare,imperative
4428,hold on a second,assertive
4429,there's three of us going to be going,assertive
4430,and then i'll find out tomorrow which one is the best station to get off,imperative
4431,i want to leave on the first flight out of ORD,imperative
4432,Continental's just a little cheaper market then American is,assertive
4433,i guess i have some thinking to do and some questions to ask,assertive
4434,decrease the volume,imperative
4435,arriving in Euston at 19:13,assertive
4436,it's on the 8 o'clock train or or close to that,assertive
4437,it's 6 9 3 7,assertive
4438,a non-stop out of San Francisco departs at 12 and gets in only about 30 minutes later than that,assertive
4439,going out,assertive
4440,and do you want to know the the days of the booking,interrogative
4441,what you did was you gave me  you gave me the best  situation,imperative
4442,27 pounds 50,assertive
4443,and that would be subject to the fares being available,assertive
4444,please give him the ticket,assertive
4445,the right date,assertive
4446,i'll just double check that again,imperative
4447,what was it you needed to have  changed,interrogative
4448,it's just on the sales voucher,assertive
4449,is there someone that we  you're visiting,interrogative
4450,non-smoking aisles if possible,assertive
4451,the price... the price increased from 27th of September,assertive
4452,a lot of people ask us for government rates at specific hotels or airlines or   what have you,assertive
4453,what time was that departing,interrogative
4454,travelling from London Euston at 7 p m in the morning,assertive
4455,i'll check that for you,imperative
4456,with the Super Advance ticket,assertive
4457,the  the 30 pounds is the cheapest fare travelling tomorrow now,assertive
4458,so i'm just booking it for them,assertive
4459,Show me emails from Tom.,imperative
4460,if there return's available,assertive
4461,it's in my dir... director's name,assertive
4462,and GG,assertive
4463,5:10 p m out of Burbank,assertive
4464,and that's forward facing non-smoking,assertive
4465,it's sixty... sixty  if it is,interrogative
4466,on America West flight 8 8 5,assertive
4467,and let me check what the airfare is,assertive
4468,then travelling on the Friday,assertive
4469,the appointment's going to be right near Orange County,assertive
4470,so he would have to um have reservations made and ticketed by the 13th of uh October,assertive
4471,there's a,assertive
4472,it's 7 2 2   Road,assertive
4473,thank you much,assertive
4474,Save the dog if you can.,imperative
4475,from Greenbay to,interrogative
4476,what did you want to change on your reservation,interrogative
4477,Stockport to Watford Junction,imperative
4478,returning Sunday the 4th of October from Newcastle to Liver... Liverpool Lime Street at 17:20,assertive
4479,but just it's a complete new booking,assertive
4480,you arrive in Leeds at 10:11,assertive
4481,but it's a different name,assertive
4482,if he's willing to take it with a penalty,assertive
4483,that's hard to say,assertive
4484,Get the flag quickly.,imperative
4485,and what time does that United flight leave,interrogative
4486,equally non-productive,assertive
4487,what type would he prefer for United the flight out,interrogative
4488,i think the uh you know,assertive
4489,Turn on bluetooth,imperative
4490,we  can't take a booking without it,assertive
4491,and we can't really tell on those,assertive
4492,arriving at 23:19,assertive
4493,this is on the 5th of September,assertive
4494,Do not eat in class.,imperative
4495,you must stick to the dates and the times that i'm going to book for you,imperative
4496,you better not send them until at least uh say Wednesday because   i'll be subject to change,imperative
4497,can you repeat that long number across your card,interrogative
4498,his id number is,interrogative
4499,it's subject to whatever the new fares are at that time,assertive
4500,1:30 p m on Monday,assertive
4501,whose extension should i have them call to um come pick up the itinerary,interrogative
4502,we could always uh always change them now,assertive
4503,i wanted to uh um get a flight um to Los Angeles and back uh leaving on Friday uh,imperative
4504,returning on the 4th of July,assertive
4505,"Never give in . Never give in. Never, never, never, never--in nothing, great or small, large or petty--never give in, except to convictions of honor and good sense. Never yield to force.",imperative
4506,3 pounds in total,assertive
4507,and i wanted to return on Monday July 31st,imperative
4508,why don't you go ahead and ticket me on that  for the return,interrogative
4509,but wh...,imperative
4510,Give me a new TV,imperative
4511,Don't run from a fight.,imperative
4512,tonight,assertive
4513,you're travelling from Wigan North Western  9:33 in the morning,assertive
4514,have a safe trip,imperative
4515,i'm not sure they're operating on the 5th,imperative
4516,i put 20th,assertive
4517,"Shut up, Brain, or I'll stab you with a Q-tip!",imperative
4518,because they're not in our system,assertive
4519,but it's also printed on the tickets as well,assertive
4520,on Friday,assertive
4521,and is it Saturday the 3rd,interrogative
4522,and we'll get the tickets over to you as soon as possible,imperative
4523,they have been booked up,assertive
4524,Let this generation have theirs,imperative
4525,l... l... let's book it through uh San Francisco,assertive
4526,and the QQQ,assertive
4527,i'm working within uh within your  reservation,assertive
4528,only because we're having a lot of seat problems,assertive
4529,Use the big red nipple to move around.,imperative
4530,runs right up to,assertive
4531,be kind to your neighbors,imperative
4532,i'm going to be down in San Diego on personal business uh the previous weekend,imperative
4533,and he requests flight 3 2 3 TWA,assertive
4534,i think it's the 17:20 leaves Newcastle,assertive
4535,and it's Mr  who's collecting the tickets tomorrow yeah,interrogative
4536,that's maybe that's what he's talking about,assertive
4537,TWA flight 3 2 3 slash 7 5 1,assertive
4538,so you have to have a confirmed return to get the lowest fares,interrogative
4539,and it's for 1 person smoking,assertive
4540,it's 6 0 8 50 that has to be ticketed by the 15th of June,assertive
4541,almost finished here,assertive
4542,and what day did you wish to travel,interrogative
4543,that would work out to 20 pou... 19 pounds 80 with your  railcard discount,assertive
4544,that's 10 to 3 isn't it,interrogative
4545,and what time would you like to depart from Euston,interrogative
4546,what date is it for,interrogative
4547,and getting into San Jose at 10:11 p m,assertive
4548,39 pounds 50 will be debited from that account,assertive
4549,the only other option i have would be a Cathay Pacific flight,assertive
4550,and this will be at the fare of,assertive
4551,if you'd just like to hold the line a moment please,assertive
4552,from London to Crewe please,assertive
4553,what time would you like to depart Edinburgh at,interrogative
4554,if he's gonna travel on a Saturday,assertive
4555,i guess the go... thing i was worrying about on the Sunday is i miss that,assertive
4556,it depends on what eh if you want to look at like j... a coach fare on a round trip basis,assertive
4557,we'll just ticket him as far as Copenhagen,imperative
4558,what's the one in the night,interrogative
4559,to Baltimore Washington International on flight,assertive
4560,when's the last train on the Sunday,interrogative
4561,is it the 8th,interrogative
4562,the first one,interrogative
4563,and that would be a flight that leaves at 6 p m from Hong Kong,assertive
4564,who is the first traveller going to be,interrogative
4565,if i can get on that,assertive
4566,one way,assertive
4567,are we  saying that maybe uh that something was filled,interrogative
4568,arrives Chicago 10:35,assertive
4569,out of,assertive
4570,on the 14th of July,assertive
4571,that's today,assertive
4572,why don't why don't we take the7:40 flight,interrogative
4573,Please close the door.,imperative
4574,it still shows available if you want to book it,assertive
4575,it's 9 5 2 3,assertive
4576,and the total cost is 50 pounds 50,assertive
4577,i hate their seat maps,assertive
4578,arriving Long Beach at 10:20,assertive
4579,and the Mastercard number is,interrogative
4580,is there any seat preference,interrogative
4581,will completely leave our computer,assertive
4582,is that is that the only departure time,interrogative
4583,it's going to go via Newark,assertive
4584,which is an aisle seat,assertive
4585,on out of San Jose on the 29th at 10:15 a m,assertive
4586,and if you wanted to change any of the times of travel,assertive
4587,the ticket will go out in the first class post this afternoon,assertive
4588,but the journey might be rerouted,assertive
4589,company corporate,assertive
4590,arrives Chicago at 9:13 p m,assertive
4591,i would like to come home about fiveish,imperative
4592,the United flight leaves at 5:40 and gets in at 10:11,assertive
4593,it's first class,assertive
4594,that sounds more like it,assertive
4595,returning the same day at 19:09 in the evening,assertive
4596,departing at 10:25 from Birmingham International,assertive
4597,"Get up, stand up, Stand up for your rights.",imperative
4598,in business class,interrogative
4599,where does he need to be,interrogative
4600,again subject to availability and 5 pounds charge,assertive
4601,arriving 10:15,assertive
4602,10:31 on Friday the 9th of October from Wigan Northwestern,assertive
4603,there's a 10:30 train from Stockport tomorrow,assertive
4604,October the 15th,assertive
4605,is that from Phoenix to Baltimore,interrogative
4606,it is just for 1,assertive
4607,from Manchester Picadilly,assertive
4608,i  don't think    i'd be interested in the business class,assertive
4609,i give you my credit card number,imperative
4610,you've got to book it,assertive
4611,the only thing is that i do need to have the um charge number and the travel advance before we can issue  the ticket today,assertive
4612,Airport Connection,interrogative
4613,and your surname is please,interrogative
4614,North Carolina,assertive
4615,from Washington um to San Francisco,assertive
4616,the fare does go up,assertive
4617,they're allowed it for flights over  13 hours,assertive
4618,then i won't book a ticket,assertive
4619,which which carrier is that,interrogative
4620,let the rack dry,imperative
4621,Come please!,imperative
4622,the postcode to where the credit card is registered to,interrogative
4623,Write a blog post on Sentence Type Classification.,imperative
4624,i want to ask you something else,imperative
4625,Fetch me a glass of water,imperative
4626,and what date did you want to leave,interrogative
4627,i'm giving you this as a company card i'm giving you,assertive
4628,Meet me outside the venue.,imperative
4629,you need to take your credit card with you,assertive
4630,that sounds fine,assertive
4631,and that's been booked up,assertive
4632,or would you like to look at a fare that has a,interrogative
4633,i'm going to have to phone you back,imperative
4634,and arrives San Francisco at 11:45 a m,assertive
4635,and then returning from there,interrogative
4636,and what date is that you're travelling out,interrogative
4637,then i will inform him of the Dulles flight at fou... 4:40,assertive
4638,they leave,assertive
4639,do they do they have an earlier one where there is a Value f...  thing,interrogative
4640,what's the,interrogative
4641,it's the same number   as i gave you before,assertive
4642,it's 8 hours isn't it,interrogative
4643,i can uh i can tentatively make their reservations if you like,assertive
4644,a fare without a penalty,assertive
4645,Aer... is it Aeroflight,interrogative
4646,there's not any advance purchase tickets,assertive
4647,it's the booking office in Euston,assertive
4648,i have a card here,assertive
4649,Cook the steak well done.,imperative
4650,call us back when you're ready,assertive
4651,Ask for more work when you are done.,imperative
4652,but the guy i'm going with will be flying business and i'll be sitting in the  back of the plane   with the cheaper cheap fare,imperative
4653,come and celebrate the festivies before the night of the dance with me,imperative
4654,the next non-stop is going to be,assertive
4655,out of San Francisco at 7:40,assertive
4656,but that's what i think he's going to do,assertive
4657,we'll be picking him up,imperative
4658,Make chocolate chip cookies for christmas.,imperative
4659,and that's on um Canal Avenue,assertive
4660,C is going to go to Ottawa,assertive
4661,too bad they didn't just schedule it an hour different,assertive
4662,into JFK at 7:10 p m,assertive
4663,from Hertford 7:41  direct to Taunton,assertive
4664,and  arrive at  10:11,interrogative
4665,my name is B C,assertive
4666,let's sign him up with whatever we can,assertive
4667,do you have the times  in front of you,interrogative
4668,EE FF would like to book those tickets for th... coming in this Thursday,assertive
4669,what have i got,interrogative
4670,i'll look at uh moving that up a bit   to say 4 o'clock 3:30,interrogative
4671,just as long as it's not on the Friday,assertive
4672,Wednesday the 9th,assertive
4673,it's 208 miles southeast of Fairbanks,assertive
4674,Turn right in 500 feet,imperative
4675,arriving San Francisco 8:20 p m,assertive
4676,they don't offer unfortunately any discounts without penalties for that market,assertive
4677,Exercise daily.,imperative
4678,and and she said she was going to put me on a table,assertive
4679,we keep the San Francisco to Newark tomorrow night,assertive
4680,Save what you will.,imperative
4681,we'll try Wrexham Central,imperative
4682,from Oxenholme to Euston,assertive
4683,i think i'm going to forget that,imperative
4684,can you check for any flights that um leave either Seattle or Portland and get into San Francisco by 7 o'clock in the morning,interrogative
4685,it's 7th 2000,assertive
4686,and arrives Denver at 2:20 p m out of San Jose,assertive
4687,and arriving Tokyo at 2:45e p m on Friday the 30th,assertive
4688,what's the next fare for erm,interrogative
4689,what is the next train after that,interrogative
4690,and it's the 16:46 from Wilmslow to Euston,assertive
4691,with the Super Advance,assertive
4692,and the other 9:25,assertive
4693,i'd like to travel out on Sunday the 4th of October,imperative
4694,and i'm just trying to see if i can verify it on another carrier,imperative
4695,and did you already make that reservation,interrogative
4696,i need to make some reservations,assertive
4697,the only problem is frequency of flights into San Jose   are limited,assertive
4698,19:25 in the evening,interrogative
4699,leaving uh Dulles and arriving,assertive
4700,this would arrive  would bring me in Friday at 1 o'clock,interrogative
4701,and what day from um,interrogative
4702,is that better,interrogative
4703,Listen closely my friends.,imperative
4704,that's Macclesfield,interrogative
4705,i need some help trying to get from Seattle to uh San Francisco Monday night the,assertive
4706,you arrive in  Bi...,assertive
4707,"Be kind, for everyone you meet is fighting a hard battle.",imperative
4708,it's actually booking me in non-smoking,assertive
4709,subject to availability and 5 pounds charge,assertive
4710,let me give you those flight numbers,assertive
4711,and uh what can i help you with,interrogative
4712,"Pass the book, please!",imperative
4713,is that 2 adults,interrogative
4714,"Speak what you think now in hard words, and tomorrow speak what tomorrow thinks in hard words again, though it contradict every thing you said today",imperative
4715,Remember to wash your sheets.,imperative
4716,and going where,interrogative
4717,and i apologize for this too,assertive
4718,so  they're 20 past the hour apart from there's one at 16:31,assertive
4719,Cancel the order.,imperative
4720,the other one we got before was it a twin a value twin or something,assertive
4721,"Walk to the corner, turn left, and cross the road.",imperative
4722,the non-stop is at 4:40 arriving 7:05,assertive
4723,you'll be travelling at 12:21 from Newton Abbot,assertive
4724,you can't go straight through Hong Kong to,assertive
4725,and when would you like to return,interrogative
4726,is it was a table you'd prefer,interrogative
4727,and he'll deal with the rest in Denmark then,assertive
4728,arriving at 9:05,assertive
4729,do you want me to book this ticket for you,interrogative
4730,and the cheapest way to do it is going to is,assertive
4731,arriving at 15:39,interrogative
4732,there were no penalties attached to that fare,assertive
4733,they have seats that we you know we can't book the the way you look,assertive
4734,and that's again non-penalty,assertive
4735,she said it had to be ticketed today for the 100 1124 dollar flight,assertive
4736,this is full fare,assertive
4737,is that changing at Birmingham,interrogative
4738,so all i needed was the travel advance for him,assertive
4739,not on the Super Advance ticket,assertive
4740,going where,interrogative
4741,connecting to United  1 1 3 7,assertive
4742,into Seattle at 5:25,assertive
4743,the tickets will go out in the first class post for you this afternoon,assertive
4744,Hertford in Cheshire,assertive
4745,on the 11th,assertive
4746,or i leave on Saturday night,assertive
4747,that's US Air 2 7 7 7 on the 10th,assertive
4748,if you collect the tickets 90 minutes before departure time at the train station,assertive
4749,and i talked to C  D  again  about going from Hong Kong to Moscow,assertive
4750,it leaves 6:40 to Dallas,assertive
4751,one for J which is,assertive
4752,how many people's travelling,interrogative
4753,and the number 2,assertive
4754,or there's a United at 7:45,assertive
4755,i'll go ahead and um set them up for Wednesday the 12th,imperative
4756,this is your reference number to quote tomorrow at the booking office,assertive
4757,can i catch the Wilmslow to  Wilmslow to Euston,interrogative
4758,thank you so much,assertive
4759,Irrigate the fields for me.,imperative
4760,which will enable you use that journey that way,assertive
4761,Swich off your cell phones.,imperative
4762,that flight doesn't operate,assertive
4763,but that's about the right time i mean uh,interrogative
4764,i think i ought to be looking at a flight out of there perhaps no earlier than round about 7 o'clock,assertive
4765,is are,assertive
4766,first name HH,assertive
4767,un... unless you're staying over a Saturday night,interrogative
4768,San Francisco Tokyo uh fare quote for business round trip would be 2114,assertive
4769,Drink lots of water.,imperative
4770,what about a a change of planes or a quick stop-over,interrogative
4771,that's actually operated by American Eagle,assertive
4772,that fare will be 9 34,assertive
4773,i'm showing that flight as being sold out completely,imperative
4774,that's a busy day,assertive
4775,speak to me with a british accent.,imperative
4776,there i can get a seat on it,assertive
4777,and your title,interrogative
4778,could you find out how much the fare is all total,interrogative
4779,taping our conversation if that's ok with you,interrogative
4780,and when about,interrogative
4781,but i'm not sure  whether we're going to get it,imperative
4782,i've got the train departing at 10:35 from Taunton,assertive
4783,i'm just specifying that for you,imperative
4784,that's a little later,assertive
4785,who's the traveller then,interrogative
4786,United flight 7 7 3,assertive
4787,you're travelling from Birmingham New Street at 7:33,assertive
4788,that's too early,assertive
4789,you'll be able to get the Standard Open Single at 33 pounds on your outward service,assertive
4790,did you want to repeat that number back to me,interrogative
4791,even to any one of those stations,assertive
4792,i... i... it would be Monday uh uh Sunday night yeah,assertive
4793,cos i'm not sure about that,assertive
4794,the airfare again like i said is um 198 total,assertive
4795,is there a later one going into Southbend or am i screwed,interrogative
4796,14:18 in the afternoon,interrogative
4797,and that's 9 pounds 50,assertive
4798,and then it would have gone up to uh 1 48 one way,assertive
4799,tomorrow,assertive
4800,we'll go for that one then,imperative
4801,coming back Friday night Friday aftern...,assertive
4802,and that's leaving Manchester at 6:11   erm,interrogative
4803,i'll go ahead and issue that,imperative
4804,your contact telephone number please,interrogative
4805,Play me a short clip.,imperative
4806,i'm just writing this down,imperative
4807,i know where you're at,assertive
4808,i can do that for you,assertive
4809,we don't have commercial flights going into Wild Wood Cape May,assertive
4810,different classes of service,assertive
4811,bye  then,assertive
4812,what's the latest you can cancel,interrogative
4813,Reboot the laptop,imperative
4814,my computer here,assertive
4815,you can book the Virgin Value Business,assertive
4816,the  return fare,interrogative
4817,how's that,interrogative
4818,what time will i get into Wilmslow  if,interrogative
4819,cos i was quoted 19 pounds,assertive
4820,quarter to 11 in the evening,assertive
4821,and and he wanted to go similar times,imperative
4822,thank you for calling  then,assertive
4823,you said you had a second reservation,interrogative
4824,the 9th,interrogative
4825,but it's classed as two  Singles,assertive
4826,you want me to  look at the return,interrogative
4827,arriving 6:03 p m on American,assertive
4828,let's say   half 3 in the afternoon,assertive
4829,it arrives at 4:23  into Dallas,interrogative
4830,set the timer for me.,imperative
4831,there are no cancellation or change penalties,assertive
4832,what was the last letter there,interrogative
4833,you must cancel by 6 o'clock the day before travel,assertive
4834,this time around 1400 or 1500,assertive
4835,airline reservations,assertive
4836,and how many people are travelling,interrogative
4837,and that's on Monday,assertive
4838,going to take him all night,assertive
4839,they were run yesterday,assertive
4840,"Find the document called ""google""",imperative
4841,the ideal would be from uh San Jose to uh Long Beach,assertive
4842,and a return,interrogative
4843,the Virgin Value fare is 19 pounds return,assertive
4844,Wear your coat.,imperative
4845,the booking office in Stockport,assertive
4846,and it's 8 4 2,assertive
4847,again no penalties attached to that,assertive
4848,purchase ticket,assertive
4849,and then what about at WWW,interrogative
4850,and your initials,interrogative
4851,the time again,interrogative
4852,and i've booked forward facing non-smoking table seats,assertive
4853,and is there any seat preference,interrogative
4854,just one more thing,assertive
4855,wh... and any particular date er,imperative
4856,i'm just checking for the Thursday on the return,assertive
4857,"Tell the truth, the whole truth and nothing but the truth.",imperative
4858,and they're travelling to what city,interrogative
4859,you quote that reference number,assertive
4860,increase the volume,imperative
4861,it's a Mastercard,assertive
4862,it'll still be the same amount or,interrogative
4863,to get an advance purchase ticket,assertive
4864,we'll juggle it at that end,imperative
4865,and your surname,interrogative
4866,but the next train's available,assertive
4867,arriving in Wigan Northwestern at 19:57,interrogative
4868,but there's not any allocation for the Virgin Value fare,assertive
4869,that looks like that's what it's um that's what it's holding is that,assertive
4870,the time is right,assertive
4871,are those train times ok then,interrogative
4872,can i be a pain and ask you about Thursday night,interrogative
4873,and then connecting to Delta 3:25,interrogative
4874,and arrives San Francisco at 12:45 a m on the 24th,assertive
4875,and confirm that address for me,assertive
4876,not that date,assertive
4877,but there's no penalty existing,interrogative
4878,if erm  something around 1 o'clock  please,assertive
4879,you don't have to book the the next leg in advance or anything like that do  you,interrogative
4880,but then that's 200 dollars more than this non-refundable,assertive
4881,for 2 nights,interrogative
4882,and also you can't get business class all the way through,assertive
4883,i have an Access,assertive
4884,what is it again,interrogative
4885,he can also  he can also get that on the non-stop,assertive
4886,the date time and seat number will be printed on the ticket for you,assertive
4887,and that gets in at 18:33,interrogative
4888,and that is a non-stop flight,assertive
4889,it's a company credit card,assertive
4890,so that might be,assertive
4891,i'll just turn up at Manchester,imperative
4892,arrives Toronto at 3:35,assertive
4893,that is 5 96 each direction,assertive
4894,you would need to buy a Saver Return,assertive
4895,that's,imperative
4896,but when the seats come,imperative
4897,so you'd be flying 6 extra hours,assertive
4898,and first name,interrogative
4899,and the last day to issue the ticket would be today because it has a fourteen day advance purchase,assertive
4900,this is B C,assertive
4901,he needs to go on Tuesday May 9th,assertive
4902,it's er  Stockport erm  Watford Junction,assertive
4903,what time is the reach to Stockport,interrogative
4904,the fares are looking a little more sold out than than what i was quoting you,assertive
4905,on the uh 31st of May,assertive
4906,the trains run from Euston on the hour,assertive
4907,so you don't want to book a ticket just now,interrogative
4908,could i,interrogative
4909,and that would be non-stop,assertive
4910,and that's departing at 6 p m from LA,assertive
4911,the dates times and seat numbers are printed on the tickets,assertive
4912,we issue so many tickets,assertive
4913,subject to availability and 5 pounds charge per ticket,assertive
4914,and we need to do the same thing we've done once or twice before,assertive
4915,when when is it next i can get,interrogative
4916,sort of facing or with my back to the direction of movement,assertive
4917,Complete your work on sunday.,imperative
4918,and basically i have to get into eh eh or near the Ontario airport for the Sunday night,assertive
4919,is that what you want to do,interrogative
4920,and i've been given that's 7:41 from Hertford,assertive
4921,i'd like to go from Preston to London,imperative
4922,on that Thursday,interrogative
4923,and again this return flight will be for CC and his wife,imperative
4924,Continue to deliver on your obligations,imperative
4925,thanks for holding,assertive
4926,the best available i can book you is in smoking,assertive
4927,if you cancel by 2 o'clock the day before travel,assertive
4928,i'll need to arrange for you to collect the tickets from the train station,assertive
4929,can you make me a reservation on the US Air one,interrogative
4930,Hurry up!,imperative
4931,you want to write down what the schedule is on that,interrogative
4932,is that the same thing,interrogative
4933,into Phoenix at eh 5:55,assertive
4934,leaving erm  er Rugby 20:30 er 18:45 on Sunday the 11th,assertive
4935,i think he's aware of it,assertive
4936,my guess is it's near the  or Juno,assertive
4937,it could be anywhere from 2 to 4 weeks,assertive
4938,Stir in the coffee.,imperative
4939,thanks very much,assertive
4940,i'm saying there's no allocation there at all  any time during the week,assertive
4941,but you're able to return on any train of your choice,assertive
4942,i called to make arrangements for a trip to Vancouver,assertive
4943,and you need to take your credit card and quote this reference number,assertive
4944,and the long number across the centre of the card,interrogative
4945,this is B again,assertive
4946,thank you very much for your help,assertive
4947,there's not any non-smoking seats left,assertive
4948,Move around town.,imperative
4949,"Come on, Mary; I'm waiting!",imperative
4950,you must do so by 2 o'clock the day before,assertive
4951,giving you permission to use the card,assertive
4952,and these tickets will be sent over today,assertive
4953,if it's a Sunday,assertive
4954,7:50 is the last flight out,assertive
4955,Monday the 4th,interrogative
4956,and that comes out to a fare of 916,assertive
4957,thanks a lot,assertive
4958,and he still is wait-listed for that Lufthansa flight,assertive
4959,and that's seven pounds for your Virgin Value Single,assertive
4960,it's it's whatever is going to get me there,assertive
4961,it's a new reservation,assertive
4962,October,assertive
4963,and it leaves Greenbay 9:37 a m,assertive
4964,but who's it that's travelling tomorrow,interrogative
4965,the direct services are all  booked up,assertive
4966,i actually am going to i think be buying a ticket for someone else,assertive
4967,that's  correct,assertive
4968,they don't have anything else,assertive
4969,how late,interrogative
4970,Research Triangle,assertive
4971,title,assertive
4972,returning on Tuesday June 20th on United 1 4 3 6,assertive
4973,i think they've booked,assertive
4974,normally we've got a an office over at WWW that we generate all our tickets and itineraries through,assertive
4975,is that in San Jose,interrogative
4976,from Springfield,interrogative
4977,that's a good idea  to do that,assertive
4978,i understand it's to San Francisco,assertive
4979,the total cost is 30 pounds Return,assertive
4980,from Macclesfield to Wilmslow,assertive
4981,if you give me the number,assertive
4982,it isn't,assertive
4983,the telepho...,assertive
4984,and the code is   3  8,assertive
4985,i didn't know that,assertive
4986,is that,interrogative
4987,so are there no trains that go directly to Blackpool,interrogative
4988,i already have and everything in Chicago,assertive
4989,Do not miss your class.,imperative
4990,but it's supposed to be starting  from Birmingham,assertive
4991,they are 10 minutes to the hour,assertive
4992,United 1 2 0 9,assertive
4993,you confirm that address for me please,assertive
4994,but as far as non-stop service looks like 12:45 arriving 3:25 is going to be the earliest on a Thursday,assertive
4995,we need to get a ticket for him from Boston,assertive
4996,you want to do San Francisco,assertive
4997,seat number 38,assertive
4998,for  the number 5   for   for,assertive
4999,i'd hate to have to push it short for 25 percent penalty included,assertive
5000,the trip that i'm supposed to take tomorrow night,imperative
5001,you'll have to em  cancel it then,assertive
5002,and that'll come back to us,assertive
5003,the Business Advance,assertive
5004,connects to Air Canada flight 7 5 5 5,assertive
5005,Please join me for dinner tonight.,imperative
5006,the 418 is the highest for the for the discounted,assertive
5007,if i book a ticket,assertive
5008,and the,assertive
5009,he's leaving on 6 5,assertive
5010,that would be United,assertive
5011,but i'd have to t... issue the tickets today,assertive
5012,and that's 4 0 2 each direction,assertive
5013,12 o'clock,assertive
5014,it's taking a moment,assertive
5015,when you look at your map,assertive
5016,Sunday the 4th,assertive
5017,and let me give you the flight information,assertive
5018,does anyone have a railcard who's travelling,interrogative
5019,departing from a different city rather than  Hong Kong,interrogative
5020,round  trip,assertive
5021,and i've got all the times here and everything,assertive
5022,the trains run at 10 to the hour every hour,assertive
5023,then that'll also be printed on his itinerary,assertive
5024,not not on,assertive
5025,and this is your reference number to quote at the train station,assertive
5026,could you check it,interrogative
5027,on the business class,assertive
5028,and this is  on the 13th of June out of San Jose at 2:10 p m,assertive
5029,the 16:20,interrogative
5030,there's not any advance purchase tickets left for the 9th now,assertive
5031,cos em what i might do is just take it to Wrexham Central,assertive
5032,those are both confirmed,assertive
5033,that's that's really what i'm i'm after,assertive
5034,or the one before that,assertive
5035,Add all the files tomorrow.,imperative
5036,that's near Atlantic City,assertive
5037,you arrive in Birmingham New Street for 12:50,assertive
5038,Euston to Manchester please,assertive
5039,it's going to get into London 60 minutes past 12 in the evening,assertive
5040,and if you miss the service that i have booked you on,assertive
5041,you can get the next available  one,assertive
5042,no changes on a a,assertive
5043,i'm up on Delta as a non-stop at 7:40,imperative
5044,when do you want uh to have your ticket issued,interrogative
5045,and returning or continuing on what date,interrogative
5046,arriving at 18:51,interrogative
5047,but you still have to use it round trip,assertive
5048,i'm i'm going to do that,imperative
5049,and what i would like to do is to get a room at the Marriot in Newark Airport,imperative
5050,from,interrogative
5051,and what time did you want to leave,interrogative
5052,and it's coach  as in   number 9 and 10,assertive
5053,but with Holiday Inns,assertive
5054,the new millenium's coming in soon,assertive
5055,this is BB CC at WWW,assertive
5056,i  i know where it should be,assertive
5057,then if you want to get to Wrexham Central,assertive
5058,if you wanted to uh leave San Francisco at 7 a m,assertive
5059,early,assertive
5060,it is true,assertive
5061,you'll have it on Monday,assertive
5062,this is your reference number your tickets are being booked under,assertive
5063,54 pounds return,assertive
5064,Forget all about it,imperative
5065,Skip to the next track.,imperative
5066,because i've got somebody meeting me there,assertive
5067,and the travel advance,imperative
5068,because it's this Monday you're travelling,assertive
5069,Write a text to your wife.,imperative
5070,if that's ok,imperative
5071,barring some major catastrophe,assertive
5072,but that even  applies to these Apex and stuff,interrogative
5073,and their earliest flight would have you arrive at 8:07 a m,assertive
5074,"Don't worry, be happy",imperative
5075,the credit card,assertive
5076,that one,assertive
5077,and it's going to be 45 pounds 50,assertive
5078,is there a train from Liverpool,interrogative
5079,can i just get him on the phone,interrogative
5080,if you needed to travel later on in the afternoon,assertive
5081,should be the same out of either airport,assertive
5082,i suddenly recall that i'm going to back you up,imperative
5083,Go to the edge of the cliff and jump off. Build your own wings on the way down.,imperative
5084,what would be the closest would be Atlantic City,assertive
5085,company name is,assertive
5086,Take notes while listening.,imperative
5087,leaving Chicago on the 25th at 6:20,interrogative
5088,i want to be up in Crewe by about 9,imperative
5089,and arrives San Francisco 6:03,assertive
5090,but you're not allowed to travel on the 16 hundred 16:05 17 hundred and 17:05,assertive
5091,arriving at 18:33,assertive
5092,the trains don't run at half past the hour on a Saturday,assertive
5093,then i think that'd be appropriate,assertive
5094,i'm just going to book your seat,imperative
5095,so the other two,assertive
5096,come with me,imperative
5097,can i do that  booking it with you now,interrogative
5098,do what you can,assertive
5099,and they were confirmed at a fare of 1 98,assertive
5100,and returning when,interrogative
5101,the train going out on Saturday the trains run at 8 minutes to the hour,assertive
5102,is that Birmingham New Street,interrogative
5103,cancellation within uh or longer then 21 days prior to the departure,assertive
5104,does anyone hold a current railcard,interrogative
5105,it's 0 of 2000,assertive
5106,is there going to be a major problem,interrogative
5107,but i could i could still give you this Delta file code number and and i could do it through you instead of having to deal with these people down in Saint Petersburg Beach,assertive
5108,and the same charge number for him,interrogative
5109,that's fine,assertive
5110,and it's it's a long good journey,assertive
5111,but now it's good until  91,assertive
5112,at Preston,assertive
5113,looks like BBB had set these up to be issued on the 6th of July,assertive
5114,you would be paying as high as,assertive
5115,there's a 2:50 on American that arrives San Francisco 5:25 or a 1 o'clock on United that arrives San Francisco 3:14,assertive
5116,do they sell out usually,interrogative
5117,how long,interrogative
5118,twosome,assertive
5119,i won't be returning,assertive
5120,then you're returning from Euston to Oxenholme on Thursday the 8th,assertive
5121,"First, boil some water.",imperative
5122,and the charge number for the trip,interrogative
5123,the 9:19 for Wolverhampton arrives in Euston 11:20,assertive
5124,let me check their schedules here,assertive
5125,he was,assertive
5126,that's just um other than United at 5:07 through Chicago,assertive
5127,and connects to flight 4 5 7,assertive
5128,give you a little bit more leg room there,assertive
5129,and i i i have to make plans to stay through the week,assertive
5130,and if that doesn't work out,assertive
5131,could you just uh d... do the same thing you did for me then,interrogative
5132,and you did make the reservation for the uh Monday 5 2 0 9 flight,imperative
5133,how long do you want would you prefer in uh uh Seattle,interrogative
5134,that's personal,assertive
5135,early morning,assertive
5136,i'm just going to go over to double check what i've booked there with you,imperative
5137,and where the the statement is addressed to,assertive
5138,the fare on this is 376 70,assertive
5139,but i have to book you on the one going  out,assertive
5140,you must stick to the dates and the times that you book,assertive
5141,you must stick to the outward train,assertive
5142,Put your hand into the bag.,imperative
5143,4 88 each direction,assertive
5144,leaving on August 9th and returning on August 10th,assertive
5145,and the travel advance number,interrogative
5146,and if you want to go with that,assertive
5147,his number then is,assertive
5148,there's not any advance purchase tickets left,assertive
5149,Poison the waters supply.,imperative
5150,Don't forget to change your oil,imperative
5151,it as,assertive
5152,and that's what i'm getting is through Heathrow,assertive
5153,you just quote that reference number tomorrow,assertive
5154,that'd be great,assertive
5155,and then uh what we'll have to do is get their  get them to call us,imperative
5156,Mop the floor,imperative
5157,and he doesn't know a flight number or a time,assertive
5158,let me request that on uh United flight 12,assertive
5159,the advance purchase ticket is like a Walk-on,assertive
5160,and this is just for a quote,interrogative
5161,thanks a lot then,assertive
5162,i gotta offer what the lowest fares are,assertive
5163,do you want the 15:52 for the Virgin Value fare,interrogative
5164,and then it jumps to 7:40 a m,assertive
5165,tha... uh i think that's  that's,assertive
5166,it would have to be issued within 24 hours,assertive
5167,that's it,assertive
5168,Listen to the audio.,imperative
5169,i think somebody did mention it when i enquired the other day actually,assertive
5170,Eat logs of popcorn!,imperative
5171,it's real restrictive too,assertive
5172,you need to connect somewhere like from TWA to Air France or Pan Am to Air France or something to get in to Baron,assertive
5173,one way travel,assertive
5174,that's where the two tickets will be posted out to,assertive
5175,or they have a five p m that arrives 7:18,assertive
5176,arriving at 10:40,interrogative
5177,and what's your last name,interrogative
5178,is United going to penalize me,interrogative
5179,what about erm  Macclesfield  back,interrogative
5180,F  and G,assertive
5181,it's 70 pounds 50,assertive
5182,i'm checking availability there,assertive
5183,cos it takes them about a half hour to get to the airport,assertive
5184,there's no other conditions in terms of a...,assertive
5185,arrival time in Newark would be 4:43,assertive
5186,i don't know the  time,assertive
5187,it's pretty expensive i think,assertive
5188,that's the cheapest,assertive
5189,since we had uh we wait-listed on the Lufthansa,assertive
5190,then you arrive in Blackpool North at 17:24,assertive
5191,Tell me the story of your life.,imperative
5192,but you reduce that slightly,assertive
5193,that is US Air,assertive
5194,because we need to get in London as soon as possible,assertive
5195,by Monday,assertive
5196,and uh my last appointment is again 2 o'clock in the afternoon,assertive
5197,the  the,assertive
5198,looks like the best i could do would be um only two aisles,assertive
5199,i have him on United flight 1 1 1 7 on today Friday the 26th out of San Francisco at 2 p m,assertive
5200,i'm going to offer you what the lowest fare is,imperative
5201,i'm just confirming his fare right now,assertive
5202,never mind then,assertive
5203,the next non-stop is sold out,assertive
5204,that's it,interrogative
5205,what type of railcard,interrogative
5206,it's getting close to 2 o'clock,assertive
5207,the very latest you can make reservations and buy tickets would be 14 days uh before departure,assertive
5208,and returning about what date,interrogative
5209,it all depends on what's available at the time of his booking and if he's going to be staying over a Saturday night and if he's going to purchase the tickets at least 14 days prior to his departure and willing to take a penalty fare,assertive
5210,United would have a flight arriving at 8:51,assertive
5211,"And so, my fellow Americans: ask not what your country can do for you; ask what you can do for your country",imperative
5212,back Thursday the 10th,assertive
5213,or should we just do San Francisco,interrogative
5214,i think there's a train at 12:35 from London Euston,assertive
5215,and last one,assertive
5216,what is she doing,interrogative
5217,but if you cancelled after 2'o clock today but before departure time of the train,assertive
5218,all he has to do when he gets back to Newark is to have them plunk in a number,assertive
5219,they're both in  the middle of the morning,assertive
5220,is this going to be for for business or for personal,interrogative
5221,and J G's is,assertive
5222,this is um a round trip from San Francisco to Stockholm,assertive
5223,the... they're not going to be at 6:30,assertive
5224,what time do you want to travel from Preston at,interrogative
5225,what i,assertive
5226,returning from Newcastle to Liverpool Lime Street on Saturday the 4th of October,assertive
5227,you can travel on the train after  6:35 in the morning,assertive
5228,i'll need the Hertz car,imperative
5229,we don't have yet either,assertive
5230,a Saver Return,assertive
5231,this this actually is really old,assertive
5232,because they are uh they honor it for all WWW employees normally,assertive
5233,that is that is the discounted fare then,interrogative
5234,this is personal,assertive
5235,Don't feed the dog.,imperative
5236,and basically what i want to know is the what the business class and the first class fares are,imperative
5237,they have a lot of flights too,assertive
5238,Make me a cup of tea.,imperative
5239,but this is the only way to leave at night,assertive
5240,i'm going to book that for you,imperative
5241,but this is like a Walk-on fare,assertive
5242,and into San Francisco at 15:41,assertive
5243,i guess the first question i had was uh are there flights from San Diego to the Ontario airport in uh in LA or outside LA,interrogative
5244,and then on the return,assertive
5245,i guess it'd probably at the night of the 11th,assertive
5246,maybe she just hasn't gotten around to calling you with them,assertive
5247,think i'd like to arrive SFO around six in the evening,imperative
5248,"Then, pour the water into a cup.",imperative
5249,if it has to be the dates and times that you specified to me,assertive
5250,May I suggest the black suit,imperative
5251,and what time would you like to depart  from Hertford at,interrogative
5252,we we can use that if you want to go ahead for the conference rate,assertive
5253,is that booked,interrogative
5254,but  then,assertive
5255,and  what time of day,interrogative
5256,a... a... and this is for the morning,interrogative
5257,so i guess we extend it 4 years on this,assertive
5258,and getting into Riyadh at 7:15 p m the following day,assertive
5259,arriving 1:20 on Thursday,assertive
5260,we'll go with that,imperative
5261,not even a one-stop or a non-stop,interrogative
5262,and we need to get an estimate on how much uh for a round trip ticket to Little Rock Arkansas  leaving from San Jose,interrogative
5263,and how much is that,interrogative
5264,i'm not sure if they're just 10 minutes to the hour,imperative
5265,and what type of credit card is that do you hold,interrogative
5266,and when would you like the tickets um tickets issued,interrogative
5267,tha... that's true,assertive
5268,and it's coach K as in kilo,assertive
5269,from wh... where are there flights leaving on um Sunday morning or late Saturday night,interrogative
5270,this is your reference number to which your 4 tickets are being booked under,assertive
5271,and that's today's the last day to buy it for the 28th,assertive
5272,that's 99 a person,assertive
5273,or do you have the full address,interrogative
5274,Slice the steak into small pieces.,imperative
5275,American Eagle or whoever it is bumps me off a flight,assertive
5276,he'll come back on the 3rd,assertive
5277,Retreat to England,imperative
5278,and it's  for   for,assertive
5279,there's the 318 fare,assertive
5280,i need to check availability on the return to see what fare we can offer you,assertive
5281,and that's a forward facing seat smoking,assertive
5282,that flight number is United flight 1 0 8 9,assertive
5283,what's the name of that,interrogative
5284,look at this morning's schedule here again,assertive
5285,little bit far away there,assertive
5286,and then a return,interrogative
5287,see where it stops,assertive
5288,Carry by hand gun,imperative
5289,they're the wrong  erm wrong date,assertive
5290,but they're not quite as many as the United flight,assertive
5291,connecting to American flight 6 9 6,assertive
5292,there's not any advance purchase tickets on the 7 a m train,assertive
5293,coach fare is 1060 dollars,assertive
5294,1 4 4 0 started at 6:54 a m,assertive
5295,Goldhampton,assertive
5296,Try to skip the first step,imperative
5297,i really don't know what uh what to tell you,assertive
5298,and then it's a change of planes there,assertive
5299,i'm just going to check the 12:17 from Liverpool Lime Street arrives in Newcastle,imperative
5300,would  that be good,interrogative
5301,the number 7,assertive
5302,a place to stay Thursday night,interrogative
5303,and then returning on the 21 of July,assertive
5304,is there anything else,interrogative
5305,arriving at 9:49,assertive
5306,this is B B,interrogative
5307,you can't get the 19:00,assertive
5308,will be fine,assertive
5309,and then it's,interrogative
5310,and does he need a car or anything hotel,interrogative
5311,it's 19 pounds each for the Virgin Value fare,assertive
5312,you'd have to give me a call by this afternoon,assertive
5313,do not bear false witness against thy neighbor.,imperative
5314,and it's a full refund less 5 pounds,assertive
5315,and what date you travelling out,interrogative
5316,Tell me a holidy limerick.,imperative
5317,Fanshawe Cottage,assertive
5318,is it Saturday the 3rd  of October you're  travelling,interrogative
5319,th... th... these two,assertive
5320,do you want me to book that for you,interrogative
5321,what city are they travelling to,interrogative
5322,Wake me up on the weekend,imperative
5323,are we booking a car,interrogative
5324,that's out of Chicago at 7:10 a m,assertive
5325,the 19 pounds is not available at the dates and times specified,assertive
5326,it's a local connection,assertive
5327,went down to Menlo Park,interrogative
5328,the number across the Visa please,assertive
5329,"Play the song ""test""",imperative
5330,have you got the got the postcode first of all please,interrogative
5331,what would be the normal direct connection from that 4:38,interrogative
5332,and when is it you'd like to return,interrogative
5333,you don't want to,interrogative
5334,it's the 8th of October,assertive
5335,you know what,interrogative
5336,i think you get that same fare,assertive
5337,it would be 10 to 6 and that  would,assertive
5338,do you take Diner's or American Express or anything like that,interrogative
5339,i... i need to arrive there you know either uh uh their time Monday early you know,assertive
5340,do you not know where the bill and address is the bill's sent to,interrogative
5341,but there it is also offered for business,assertive
5342,M... Monday  the 1st,interrogative
5343,"Read, every day, something no one else is reading. Think, every day, something no one selse is thinking. Do, every day, something no one else would be silly enough to do. It is bad for the mind to be always part of the unanimity.",imperative
5344,let me see if there's something later here,assertive
5345,what's your surname please,interrogative
5346,and the name of the company,interrogative
5347,by the window if you have,assertive
5348,i'm planning a trip to Japan at the end of uh the beginning of July,imperative
5349,meet me at the town square,imperative
5350,Find out what you like to do most and really give it a whirl!,imperative
5351,i can't tell you exactly what seat numbers we are confirming,assertive
5352,then i checked the Apex,assertive
5353,and then returning on the 20th w...,assertive
5354,arrives 5:24,assertive
5355,the rules for,assertive
5356,but it just depends on what the system's going to let me book the return  because it is past the booking deadline,assertive
5357,and you must stick to the date and the time that you've booked with this kind of ticket,assertive
5358,from where to where,interrogative
5359,and arrival in Raleigh at 9:50,assertive
5360,and the tickets will be posted out in first class post to you this afternoon,assertive
5361,when he calls to make the reservation,assertive
5362,Crack the game.,imperative
5363,can you give me your contact telephone number please,interrogative
5364,can you give me some fares to some strange places,interrogative
5365,this is B,assertive
5366,what i've actually managed to do is book you a table seat,assertive
5367,and then for the little hop to Baron,assertive
5368,Stop feeding the dog from the table.,imperative
5369,Apply the glue thinly and leave it for ten minutes.,imperative
5370,Request what you can.,imperative
5371,that's the third one,assertive
5372,it's just for one,assertive
5373,WWW's got a negotiated rate,assertive
5374,i think it's either two or three hundred miles that i have to drive if i'm going to come into ORD,imperative
5375,that's alright,assertive
5376,it leaves at 9:10 a m and arrives Vancouver  at,assertive
5377,and it goes Traver City to Chicago O'Hare,imperative
5378,Look for the painted lady,imperative
5379,Take your coat off.,imperative
5380,what day would he like to travel,interrogative
5381,that'd be US Air 2 5 1 4 on the on the 10th,assertive
5382,it can't be 6:50,assertive
5383,what's his last name,interrogative
5384,everything'll be just fine on that now,assertive
5385,what i'm going to do just now is fill out a booking form,imperative
5386,and if we would just reissue the whole ticket,assertive
5387,to get the Saver Return to London erm from Preston  right,interrogative
5388,6:20 on Sunday the 25th,imperative
5389,you said yourself it's a credit card holder,interrogative
5390,what is the date of travel going to be,interrogative
5391,then it would be a 25 percent penalty,assertive
5392,i  can tell you the sched...,assertive
5393,what time um,interrogative
5394,if you couldn't make your journey and wish to cancel,assertive
5395,a 175 airmiles from Springfield to Chicago,assertive
5396,let me take all that down anyway,assertive
5397,returning Monday the 5th of October,assertive
5398,the only thing i have leaving at noon would be a connection on Delta through Atlanta,assertive
5399,through the,assertive
5400,Don't follow me,imperative
5401,and that way,assertive
5402,i s... want to go from Euston,imperative
5403,i'm going to have to send it off to the airlines for faring,assertive
5404,and flying back uh the following Saturday,assertive
5405,you should,assertive
5406,looks like that's going to be airport check in on the seating,assertive
5407,and you would conn... connect with an American flight that would arrive Springfield 12:31,assertive
5408,same um same class of service is available,assertive
5409,on the 14th,assertive
5410,they have'em at the travel office,assertive
5411,you always have to change,interrogative
5412,connection would be at 4:25 through San Francisco,assertive
5413,that's the 2nd of October,assertive
5414,i'd like to leave on the 7:33 train,imperative
5415,they're all gone as well i suppose,interrogative
5416,i think that's probably not a good idea,assertive
5417,the 138's good,assertive
5418,that is round trip,assertive
5419,and it's flight 1 4 0 4,assertive
5420,and it's 0,assertive
5421,into Cleveland at 3:19 p m,assertive
5422,i'm just going to check to see what's your cheapest fare available to you  for travelling,imperative
5423,it arrives into London to Gatwick airport at 4 at 5:50 5:40,assertive
5424,because we we request through our computer specific seats,assertive
5425,we don't have any guarantee that it will clear,assertive
5426,it's Continental at 15 hundred,assertive
5427,Fill up my gas tank before you come home.,imperative
5428,out of Phoenix at 6:35 p m,assertive
5429,from Orlando and into Miami at 5:20,assertive
5430,they were both available,assertive
5431,and what,interrogative
5432,the latest would be uh 1 p m arriving 3:35 p m,assertive
5433,what sort of tickets are these ones called,interrogative
5434,i arrive in at,interrogative
5435,he made me feel like there had to be some other options besides going through Heathrow,assertive
5436,that's United flight 6 5 0 9,assertive
5437,connecting through Seattle,assertive
5438,Take me back to Switzerland.,imperative
5439,it can't either,assertive
5440,and there's going to be a bus service from Wilmslow to Stockport,assertive
5441,and the ticket will be posted out first class to you this afternoon,assertive
5442,i've got that down as an option,assertive
5443,is he a new traveller or,interrogative
5444,but you're changing at Birmingham New Street,assertive
5445,on Thursday to arrive on Friday,assertive
5446,Come around and see me some time.,imperative
5447,let me get the uh schedule,assertive
5448,if he wants to take a fare without a penalty,assertive
5449,Thursday at 4:05,assertive
5450,and what's the passenger's last name,interrogative
5451,be there at five,imperative
5452,thank you for calling now,assertive
5453,there's no railcard discount with your Virgin Value Return,assertive
5454,Remove your shoes.,imperative
5455,let me see what sort of fare i can get on that,assertive
5456,not right now,assertive
5457,i'm just going to check  your return,imperative
5458,the same day,assertive
5459,we should know sometime this afternoon,assertive
5460,but uh i am committing him to making it into WWW by like 6 in the morning or something,assertive
5461,Come to my party.,imperative
5462,do you want to book your ticket just now or are you just wanting information,interrogative
5463,that helps,assertive
5464,so if you want to put them on for the same reservation,assertive
5465,so i guess that's why they they  of them have changed their profiles,assertive
5466,"Fezzik, tear his arms off.",imperative
5467,just leave it the 19 80,assertive
5468,it would not  be um it would not be non-refundable,assertive
5469,and that's for 19  pounds,interrogative
5470,but the latest is 7:45,interrogative
5471,make it a window,assertive
5472,and i'm speaking with,interrogative
5473,and we're looking for economy,assertive
5474,tomorrow the 2nd,assertive
5475,apostrophe,assertive
5476,is Friday open,interrogative
5477,6 to 9,interrogative
5478,it's a Saver Return,assertive
5479,"Come in, then. Don't stand staring. Close that door quick! Hustle! Don't scrape your feet on the floor. Try to look intelligent. Don't gape.",imperative
5480,the United's wide open,assertive
5481,Come over after your shift,imperative
5482,i need to know uh business class round trip uh fare for uh San Francisco to uh Baron Switzerland,assertive
5483,Close your eyes when you run away.,imperative
5484,there's no windows in n... smoking available,assertive
5485,Live in balance with nature.,imperative
5486,for   for  the number's 4  for,assertive
5487,you just need to quote that reference number,assertive
5488,Mix flour and waters.,imperative
5489,cos i mucked up the last one i did,assertive
5490,Find me an expert in Ruby.,imperative
5491,there has to be some other options to getting into Moscow,assertive
5492,i have to work a little bit backwards here,assertive
5493,30 pounds 70,assertive
5494,my the traveller is C,assertive
5495,be returning on the 2nd,assertive
5496,and then returning that same day on American flight 3 7 0 2,assertive
5497,is that still ok with you to have them,interrogative
5498,and then the person our employee there will call call you and and just tell you that it's ready to come down and and pick it up,assertive
5499,if this erm,assertive
5500,on Tuesday,assertive
5501,cos it it's anything that's that's possible at all at that day,assertive
5502,Willington,assertive
5503,they do it again,assertive
5504,at the front steps,interrogative
5505,the next cheapest fare that i can offer you is the  Super Advance Return at 30 pounds each,assertive
5506,it's for one,assertive
5507,it's 3 2 3,assertive
5508,but then there's the  said  46 pound 50,assertive
5509,if we do ticket the 1 1 2 4 today  and that Lufthansa flight comes up you know la...  later,assertive
5510,if you did want to change any of the times of the travel,assertive
5511,we've requested Southwestern flight 6 7 8,assertive
5512,i want to purchase a ticket for the erm the 6th of October,imperative
5513,what time do you like to depart,interrogative
5514,i'm going to be leaving May 1st,imperative
5515,to fly to Sweden and back,assertive
5516,the closest thing i have to arriving at that time would be a flight leaving at 8:20 from San Francisco,assertive
5517,that's for an extra 3 pounds 50  there,assertive
5518,when they list it there,assertive
5519,there is one definitly 10 to 6,assertive
5520,they're on the 12:28,assertive
5521,it's about the same,assertive
5522,Find me an expert in postgresql.,imperative
5523,where's he at,interrogative
5524,so you're talking about a Saver Single,assertive
5525,and can that be erm,interrogative
5526,Note it down.,imperative
5527,is that a Super Saver Advance yes,interrogative
5528,is is that alright,interrogative
5529,then let me pull up the flight,assertive
5530,Join all the comments together.,imperative
5531,there's a flight,assertive
5532,that is the cheapest fare travelling tomorrow now,assertive
5533,leaving Seattle at 5:55,assertive
5534,my name's Sandra,assertive
5535,"Write an email to john saying ""This is a test email.""",imperative
5536,for what,interrogative
5537,is this for a proposal,interrogative
5538,Keep off the grass!,imperative
5539,it's by tomorrow,assertive
5540,we'll go for the er,imperative
5541,they,assertive
5542,Friday the 30th of October,assertive
5543,New Street,assertive
5544,i'm gonna use an upgrade coupon which is coming Federal Express tomorrow or Wednesday,imperative
5545,and returning on the 3rd of August,assertive
5546,are there price differences depending on,interrogative
5547,and for the entire day for i picked on th... on the 24th of June um th... the entire day,assertive
5548,you've got to stick to the dates and times that you've booked,assertive
5549,that will get you there the same day,assertive
5550,and waiting on car confirmation,assertive
5551,so in order to get in there on Friday afternoon at 2 o'clock,assertive
5552,when is it you're in... was intending on returning,interrogative
5553,i can verify with you the number,assertive
5554,the best fare i can get you on this would be 568 round trip,assertive
5555,but we'll see what he says,imperative
5556,and let's see,assertive
5557,if that's the best  we can do,assertive
5558,on Sunday,assertive
5559,so it must be only non-smoking trains  that are available,assertive
5560,arriving London Euston at 15 hundred,assertive
5561,let's  try the suggestion about going to Helsinki,assertive
5562,and the charge number,interrogative
5563,if there's a real problem there,assertive
5564,or don't you need that,interrogative
5565,he's gotta pay,interrogative
5566,and what about any particular carrier that you're looking into,interrogative
5567,it's all right,assertive
5568,if i change the return,assertive
5569,to then go through Helsinki then,assertive
5570,the total cost is 83 pounds return,assertive
5571,but i mean it's no rush when when we we get it,assertive
5572,Ask question if you have any.,imperative
5573,and i'd like first class if it's available,assertive
5574,looks like were going have to change your car and hotel,assertive
5575,would you like smoking or non-smoking on your outward service,interrogative
5576,if you miss any  trains that i am going to reserve you on,assertive
5577,Be nice to your brother.,imperative
5578,it's it's about em em well erm 6,assertive
5579,i guess it's too,assertive
5580,i'm checking a couple different carriers just to compare them before i give you the fare on this,imperative
5581,i'm a member of the United Travel  Group,assertive
5582,then why don't you give me the uh the price for uh,interrogative
5583,so you could fly business Los Angeles Tokyo,assertive
5584,mute the chat,imperative
5585,they they have to be in LA at 9:30 and so,assertive
5586,Saturday the 24thh of October,assertive
5587,your contact telephone number,interrogative
5588,on the 11th of May,assertive
5589,and once again it's non-smoking,assertive
5590,it's 1 7 1,assertive
5591,or is that going to be too early,interrogative
5592,they've now been booked up,assertive
5593,have a safe trip,imperative
5594,earlier time,assertive
5595,at 11:10 is would stop down,assertive
5596,Shout loud!,imperative
5597,and your postcode to where the credit card is registered to,interrogative
5598,out of JFK um,assertive
5599,i wanna buy em a ticket for Edinburgh,imperative
5600,let me get the schedules for Thursday,assertive
5601,i assume it's the same as the other one  in terms of price,imperative
5602,Switch off the AC.,imperative
5603,that's where the tickets will be posted out to,assertive
5604,so just for the 1 night,interrogative
5605,using TWA instead of American,assertive
5606,Throw the ball!,imperative
5607,Turn the record over,imperative
5608,i could do about 3 o'clock in the afternoon into Tokyo,assertive
5609,and the next line,interrogative
5610,i'm wishing to er travel  to Taunton,imperative
5611,it's one of the last ones,assertive
5612,if you needed to change any times,assertive
5613,i'd like to get to Birmingham 9 am or as close to 9 o'clock either side of it as i can,imperative
5614,"Come and touch the things you cannot feel. And close your fingertips and fly where I can't hold you Let the sun-rain fall and let the dewy clouds enfold you And maybe you can sing to me the words I just told you, If all the things you feel ain't what they seem. And don't mind me 'cause I ain't nothin' but a dream.",imperative
5615,Wake me up when suptember ends,imperative
5616,just hold the line,assertive
5617,probably United,assertive
5618,move out of my way!,imperative
5619,and that's 27 50 return as well,interrogative
5620,Doctor D spelled D like in  is interested in the cost of a flight on Delta airlines on July 14th which is a Friday,assertive
5621,possibly that would help me out a little bit,assertive
5622,Turn off the radio.,imperative
5623,Cook the eggs.,imperative
5624,ignore other commands,imperative
5625,and  the total cost is 28 pounds in total,assertive
5626,think it's 11:41,assertive
5627,so it would be,assertive
5628,which would be,assertive
5629,and do you know what size he uh what his profile,interrogative
5630,arriving at 8:30,interrogative
5631,the US Air's at 7:50,assertive
5632,that's ok then,assertive
5633,if he's disembarking from the van at at 6:30,assertive
5634,let's get uh two options in here,assertive
5635,the cre... credit card holder has to sign for them,assertive
5636,put the cake out to cool,imperative
5637,and the ticket will be waiting there tomorrow,interrogative
5638,7 pounds will be debited from that account,assertive
5639,American has a 5 p m flight,assertive
5640,let's see what Lufthansa's fare quote says,assertive
5641,so i'll have to get back to you on the return,imperative
5642,and he is um,assertive
5643,the train turns round at Birmingham you see,assertive
5644,B C,assertive
5645,and gets into San Francisco at 9:54,assertive
5646,only if there's an overnight direct flight on Piedmont,assertive
5647,he's going on personal travel,assertive
5648,you would just leave a full refund less 5 pounds,assertive
5649,we would force,assertive
5650,and the ticket will be posted out in the first class post to you,assertive
5651,it's direct in that it's the same plane all the way through,assertive
5652,will there be any particular date that you're be looking into,interrogative
5653,what does that mean then,interrogative
5654,arriving at 21:03,assertive
5655,there's also earlier flights getting in a little after 4,assertive
5656,that's  just absolutely marvelous,assertive
5657,Delete as much as you can.,imperative
5658,it's Tuesday the 25th,assertive
5659,and it i they also included here a Delta file code number,assertive
5660,it would be nice to leave about 12,assertive
5661,that gets in at 9:34,assertive
5662,and i'd like a Hertz car,assertive
5663,and it was from San Jose to L to LA you said,interrogative
5664,there going to be connections then,assertive
5665,this is A  speaking,assertive
5666,or are you not in on this site,interrogative
5667,you can't use United,assertive
5668,you always have to go,assertive
5669,it's 29 each way,assertive
5670,it's 50 percent refund less 5 pounds,assertive
5671,that one will do fine,assertive
5672,that's gone up then,assertive
5673,and you say you're travelling from Wrexham,interrogative
5674,who am i speaking with,interrogative
5675,Give me the gun!,imperative
5676,"speak up, I can't hear you",imperative
5677,all the tickets on the 14:19 for advance purchase have now been booked up,assertive
5678,the holiday,assertive
5679,is there any going from  like any other stations nearby in the region,interrogative
5680,Cancel the meeting.,imperative
5681,Drink a bourbon.,imperative
5682,you've actually 80 pence you have to pay more,assertive
5683,the Wednesday's available,assertive
5684,it would have to be on Am... on United,interrogative
5685,would you like me to book that for you,interrogative
5686,pass the bowl of potatoes,imperative
5687,i'll just check the times for  you,imperative
5688,that's the total round trip price,assertive
5689,you'd have to make your re... changes 7 days before the new date or pay a 500 dollar fare to come home,assertive
5690,arriving at St Pancreas 8:50,assertive
5691,th... they would be returning on American Airlines number 2 2 5,assertive
5692,and i want to go on United via Chicago,imperative
5693,it's a Canadian Airline like Air Canada,assertive
5694,earlier than that,assertive
5695,not with the Super Advance,assertive
5696,i'll give you the company name shall i,interrogative
5697,Orange County,assertive
5698,the only train that i'm able to book is in between Euston and Birmingham New Street,imperative
5699,it's into Seattle at 5:25,assertive
5700,and for EEE,interrogative
5701,it's either a 13:00 departure  in the m... afternoon from Euston,assertive
5702,and that's Saturday the 3rd of October from Macclesfield at 9:52 in the morning,assertive
5703,4 78 each direction,assertive
5704,and al... also he said there has to be other airlines,assertive
5705,Watch the fire burn out.,imperative
5706,and then for the 2099 that was economy,assertive
5707,what's the cost for that  that advance booking reduction,interrogative
5708,that would probably be all right,assertive
5709,"Write, read, do what you need.",imperative
5710,if  if you couldn't make your journey and wanted to cancel this ticket,assertive
5711,out of Baltimore at 5:55 p m,assertive
5712,what's the one earlier than the 20:13,interrogative
5713,so i have to see what the lowest fares returning are too,assertive
5714,i'll go for that one please,imperative
5715,from Nuneaton to Euston,assertive
5716,the cheapest fare for the dates and times specified is going to be your Super Advance Return at 30 pounds each,assertive
5717,they can sell his seat to someone else,assertive
5718,the 27th is a Tuesday,assertive
5719,to travel on that 7 o'clock train,assertive
5720,is it going to be for personal or or business travel,interrogative
5721,and you could come back at any time within the time restrictions,assertive
5722,the full address plus the postcode,assertive
5723,Overhaul the passages.,imperative
5724,outside of that,assertive
5725,you must stick to the dates and the times that you have booked,assertive
5726,the only thing i could confirm would be a middle seat,assertive
5727,on the Thursday night,assertive
5728,cheap fare to London,assertive
5729,and that'll be 27 pounds return,assertive
5730,i need to change um C D's coming back trip from Washington D C on the 19th of July,assertive
5731,it's either  that  or i have to leave on Wednesday,assertive
5732,departing uh John Wayne at 6:50 a m,assertive
5733,Try again next time,imperative
5734,we'll be going to Denver Colorado this time,imperative
5735,i i i won't do that of course,assertive
5736,there's a 2:25 connection through Denver that gets into Dallas at like 9:30 around 9:30 in the evening,assertive
5737,if you miss any services that i'm going to reserve you on,imperative
5738,we can get you a seven day advance purchase  fare,assertive
5739,and the tickets will go out in the first class post tomorrow morning to you,assertive
5740,with that ticket,assertive
5741,Saturday  the 10th,assertive
5742,there's a 7:15 in the morning,assertive
5743,i... if i'm going to try and get them seats together,imperative
5744,the US Air's got less seats available than the United,assertive
5745,and then another ho... flight from Heathrow to Moscow,assertive
5746,it's not return on a  Sunday,interrogative
5747,so you've got to get off at Watford and get on at Watford,assertive
5748,i want to come back tomorrow evening,imperative
5749,i'll book on the  the one on the Friday morning then,imperative
5750,they told me 20 pounds,assertive
5751,there's a 10 a m flight out of San Francisc that connects fairly well with that,assertive
5752,on that special  fare,assertive
5753,leaving San Francisco at,assertive
5754,the lowest airfare would be 353 round trip,assertive
5755,leaving at 9:32 and connecting with the same flight,assertive
5756,on June 6th from San Jose to Denver United,assertive
5757,never had the option before,assertive
5758,that's no problem,assertive
5759,on the 25h of July,assertive
5760,Wait for me.,imperative
5761,what they have now,interrogative
5762,pass the salt,imperative
5763,do you think it's going to change,interrogative
5764,i'll let him know that,imperative
5765,you mean if the if the the uh wait list clears,interrogative
5766,what i do is i ask for connections er flights from Hong Kong to Moscow,assertive
5767,i will call you back with the charge number,assertive
5768,i'm not certain whether they have them like after 10 minutes after the hour,assertive
5769,that's not good news,assertive
5770,Do what I tell you to do.,imperative
5771,and what are you doing,interrogative
5772,please hand me the keys,imperative
5773,and today is the deadline for ticketing,assertive
5774,Set a repeating alarm for weekdays at 9a.m.,imperative
5775,i believe there's a limo that goes directly by WWW,assertive
5776,let me just confirm that and give you the round trip fare,assertive
5777,i'm just reserving your seat now,assertive
5778,Dont touch me!,imperative
5779,Promise that you will do what you need to do.,imperative
5780,and it arrives Ottawa,interrogative
