,sentence,label
0,hi,assertive
1,this is C,assertive
2,i need to make some um uh travel arrangements please,assertive
3,what's the passenger's last name,interrogative
4,it's DDD D D D,assertive
5,and first name,interrogative
6,is DDD D D D,assertive
7,what day would he like to travel,interrogative
8,he needs to go on Tuesday May 9th,assertive
9,from San Fran to Philadelphia,assertive
10,on United flight 94,assertive
11,that's the 1:30 to 9:39 non-stop,assertive
12,i've got that for him,assertive
13,and returning when,interrogative
14,let's leave the return open right now,assertive
15,he needs to figure that out,assertive
16,and ohh,exclamatory
17,shall we wait on anything else until we know what eh what day he's returning,interrogative
18,if we could,assertive
19,he's got um,assertive
20,as long as he's got a slot on that flight,assertive
21,we're okay,assertive
22,we should know sometime this afternoon,assertive
23,if you want to give me a call back,assertive
24,will do,assertive
25,thanks,assertive
26,thank you,assertive
27,bye bye,assertive
28,bye now,assertive
29,good afternoon,assertive
30,Virgin Trainlines,assertive
31,Sandra speaking,assertive
32,for which journey do you wish to purchase a ticket,interrogative
33,from Durham to Leeds please,assertive
34,from Durham to Leeds,interrogative
35,do you hold a current debit or credit card,interrogative
36,and how many people's travelling,interrogative
37,4,assertive
38,is that 4 adults,interrogative
39,does anyone have a railcard,interrogative
40,and what date is it you're travelling,interrogative
41,i want to know erm,imperative
42,because obviously i want,imperative
43,it's just for the day,assertive
44,i only want to go for the day,assertive
45,what date is it you're travelling,interrogative
46,either the 27th or the 28th of October,assertive
47,do you want to book the tickets just now,interrogative
48,the 27th is a Tuesday,assertive
49,what time would you like to depart Durham,interrogative
50,6:53 please,assertive
51,that's 6:53 from Durham,assertive
52,you arrive in Leeds at 10:11,assertive
53,and when is it you're returning,interrogative
54,i would like to come home about fiveish,imperative
55,the same day,interrogative
56,the cheapest fare that i'm checking for is the Virgin Value Return which is 12 pounds each,assertive
57,the only availability with that fare in the evening is on the 19:09 train from Leeds,assertive
58,arriving at 20:26,assertive
59,19:09,assertive
61,and you arrive in Durham at,interrogative
62,20:26,assertive
64,but wh...,imperative
65,that's for the Tuesday,assertive
66,what about for the Wednesday,interrogative
67,the Wednesday's the same,assertive
68,there's not any allocation earlier on  at the times that you want for the Virgin Value fare,assertive
69,the  latest one is 14:50 in the afternoon,assertive
70,so i can still leave during this 6:53,interrogative
71,on the Wednesday,interrogative
72,and  arrive at  10:11,interrogative
73,that's  correct,assertive
74,and  i can leave Leeds at,interrogative
76,i've got er just heard the other one er was  14 something,assertive
77,50 in the afternoon,assertive
78,15 what,interrogative
79,14:50,assertive
80,50,assertive
81,that's 10 to 3 isn't it,interrogative
82,ah,exclamatory
83,can i have the 19:09 then as well then on the Wednesday,interrogative
84,not the Tuesday,interrogative
85,what about the Wednesday,interrogative
86,the Wednesday's available,assertive
87,at 19:09,interrogative
88,and is there one about fiveish on the Wednesday or not,interrogative
89,i'm saying there's no allocation there at all  any time during the week,assertive
90,i can come home on the 19:09,assertive
91,what date do you want me to book for you,interrogative
92,the Wednesday please,assertive
93,the 28th,interrogative
94,it's Wednesday the 28th of October,assertive
95,you're travelling from Durham  at 6 thir... 53 in the morning,assertive
96,arriving at 10:11,assertive
97,returning the same day at 19:09 in the evening,assertive
99,and  would you like smoking or non-smoking,interrogative
100,non-smoking please,assertive
101,the dates times and seat numbers will be printed on the tickets for you,assertive
102,and  if you have to cancel,assertive
103,you must cancel by 6 o'clock the day before travel,assertive
104,it's 50 percent refund less five pounds,assertive
105,if you have to change any of the times of travel,assertive
106,you must do so by  6 o'clock the day before travel again,assertive
107,and it's 50,assertive
108,5 pounds charge,assertive
109,subject to availability,assertive
110,and you said it's your credit card you're paying by,interrogative
111,how do i get my tickets now,interrogative
112,we'll post the tickets out to the credit card holder's address,imperative
113,but do they,interrogative
114,they come through the post,interrogative
115,oh,exclamatory
116,that's wonderful,assertive
117,that's  lovely,assertive
118,your surname please,assertive
119,it's,assertive
120,start with,interrogative
121,that's what i meant,assertive
122,your initial,interrogative
124,and your title,interrogative
125,Mrs,assertive
126,and your contact telephone number is,interrogative
127,0 1 8 double 6,assertive
128,6 0 6,assertive
129,8 0 8,assertive
130,your postcode,interrogative
131,8 8 8,assertive
132,and confirm the address for me please,assertive
133,it's 33  Street,assertive
134,Willington,assertive
135,Brough,assertive
136,County Durham,assertive
137,that's where the tickets will be posted out to you,assertive
138,that's lovely,assertive
139,the total price is 48 pounds,assertive
140,what type of credit card is that you hold,interrogative
141,Barclay card,assertive
142,and the Barclay card number is,interrogative
143,8 6 0 6,assertive
145,9 8 0,assertive
147,3 0 8,assertive
149,0 8 0,assertive
151,and the expiry date,interrogative
152,it's the 2nd 98,assertive
153,it's the 5th 2,assertive
154,i was looking at the wrong  number,assertive
155,can you repeat your number again please,interrogative
162,0 8 9,assertive
164,and it's 05,interrogative
165,what's your expiry date,interrogative
166,it's 05,assertive
167,stroke double 0,assertive
168,0,assertive
169,do you have a pen handy,interrogative
170,this is your reference number to which your 4 tickets are being booked under,assertive
171,it's 6 8 0,assertive
172,6 8 0,assertive
173,for   for,assertive
174,0 0   for,assertive
175,and the tickets will be posted out in first class post to you this afternoon,assertive
176,ok,interrogative
177,but when the seats come,imperative
178,the 4 of us will be sat together won't we,interrogative
179,what i've actually managed to do is book you a table seat,assertive
180,so the 4 of yous are all sitting together,assertive
183,ok now,interrogative
185,thank you very much,assertive
186,thank you for calling,assertive
188,bye,assertive
191,American Express,assertive
192,this is A,assertive
193,this is B again,assertive
194,and i talked to C  D  again  about going from Hong Kong to Moscow,assertive
195,he made me feel like there had to be some other options besides going through Heathrow,assertive
196,there  had to be several different cities you can go through like Beijing to Helsinki,assertive
197,there has to be some other options,assertive
198,on,assertive
199,what i do is i ask for connections er flights from Hong Kong to Moscow,assertive
200,and that's what it's giving me as available connections,assertive
201,it's  giving me all the legal connections available,assertive
202,and that's what i'm getting is through Heathrow,assertive
203,i...  if somebody was in some other city and wanted to go to Moscow,assertive
204,there has to be other options doesn't  there,imperative
206,i see what you mean,assertive
207,departing from a different city rather than  Hong Kong,interrogative
209,sa... i... t... Helsinki,assertive
210,and also there has to be some other airlines too uh that are flying into Moscow besides,assertive
211,you only gave me  British Airways,assertive
212,because of the connections,assertive
213,from Hong Kong to Moscow,assertive
214,there are other,assertive
215,what i,assertive
216,this is  the entire day,assertive
217,you you,assertive
218,what you did was you gave me  you gave me the best  situation,imperative
219,and for the entire day for i picked on th... on the 24th of June um th... the entire day,assertive
220,we've got the first thing that that comes up is that 9:30 pm flight  otherwise,assertive
221,are we  saying that maybe uh that something was filled,interrogative
222,there is another option that we wouldn't  be aware of,interrogative
224,if it was sold out,assertive
225,it would show it to me,assertive
226,that's what i was wondering,assertive
227,the only other option i have would be a Cathay Pacific flight,assertive
228,departing at Hong Kong at 10:55 p m,assertive
229,it arrives into London to Gatwick airport at 4 at 5:50 5:40,assertive
230,a m,assertive
231,and then he'd connect to a British Air flight out of London Heathrow airport,assertive
232,and into th... Moscow,assertive
233,he'd be going into Gatwick and leaving out of Heathrow,assertive
234,meaning he'd  have to get between the two,assertive
235,i know,assertive
236,i i indicated i said the only  thing that was given to me was a flight that goes into He... you know was flights going into Heathrow,assertive
237,he says,assertive
238,try Beijing,assertive
239,there has to be some other options to getting into Moscow,assertive
240,i i don't know,assertive
241,and al... also he said there has to be other airlines,assertive
242,and i he mentioned a couple,assertive
243,i i remembered a couple,assertive
244,Aer... is it Aeroflight,interrogative
245,and Singapore,assertive
246,do... does Singapore has a airline,interrogative
247,this is what when i ask for for Hong Kong,assertive
248,thi... that's what i'm trying to explain,imperative
249,we could try building our own connection  but,assertive
250,when i ask Hong Kong Soviet Union,assertive
251,that's what it's giving me,assertive
252,perhaps we can build our own like you say,assertive
253,that's maybe that's what he's talking about,assertive
254,or depart from a different city,assertive
255,if he wants to go for like a three point connection,assertive
256,there are three point connections available,assertive
257,he,assertive
258,such as,assertive
259,just wants me to get all the options down for him,assertive
260,so he can make a decision,assertive
261,again asking for Hong Kong to uh   Moscow,assertive
262,there's a  flight,assertive
263,let's let's  go to another city first,assertive
264,maybe that's what he's trying to say,assertive
265,un... unless you can find a three point by going to Moscow,assertive
266,i can,assertive
267,from Hong Kong which is eh,assertive
268,what i'm saying is that uh  the next possibility would be Hong Kong to Bangkok to Heathrow to Moscow,imperative
269,that's the next availability that's coming up,assertive
270,and that would be a flight that leaves at 6 p m from Hong Kong,assertive
271,and goes on to Bangkok,assertive
272,and then he would take another flight to Heathrow,assertive
273,and then another ho... flight from Heathrow to Moscow,assertive
274,i've got that down as an option,assertive
275,otherwise there's um more through Bangkok,assertive
276,there's different carriers Bangkok to Heathrow to Moscow,assertive
277,as to other carriers aside from that,assertive
278,there's one Hong Kong to Tokyo to London to Moscow,assertive
279,everything's going to end up London Moscow,assertive
280,it's just a matter of,assertive
281,let's  try the suggestion about going to Helsinki,assertive
282,you mean departing from Helsinki to uh or Hong Kong  Helsinki,interrogative
283,can he go  to Hong Kong,interrogative
285,you always have to go,assertive
286,you can't go straight through Hong Kong to,assertive
287,to then go through Helsinki then,assertive
288,that would,assertive
289,we'd have to build our own connection,assertive
290,that would be where we'd have to ask for,assertive
291,we would force,assertive
292,that's called forcing a connection,assertive
293,i can ask for um flights through Helsinki,assertive
294,see,assertive
295,it's not going to come out,assertive
296,24,assertive
297,let me call you back,assertive
298,cos that's  it's,assertive
299,doesn't look like its  going,assertive
300,that's  what i need to find out,assertive
308,Sandra,assertive
309,i want to know if there's any cheap tickets still available from Euston to Manchester   er,imperative
310,do you want to book a ticket or are you just enquiring   at the moment,interrogative
311,i i'm i do want to book,imperative
312,but i need to know i... if the cheap ones are still ones are still available for Saturday,assertive
313,do you still... do you hold a credit a debit card,interrogative
314,it's a debit card,assertive
315,and is it Saturday the 3rd,interrogative
316,is it just for 1,interrogative
317,it's for 1,assertive
318,what time do you like to depart from Euston,interrogative
319,sort of like afternoonish,assertive
320,early afternoon,assertive
321,about lunch time,assertive
322,for the 19 pounds Virgin Value fare,assertive
323,the first train that is available is the 15:50 in the afternoon,assertive
324,arriving at 18:33,assertive
325,15:15,interrogative
326,15:50,assertive
328,and that gets in at 18:33,interrogative
329,and that's for 19  pounds,interrogative
330,do you hold a current rail card,interrogative
331,i'm not old,assertive
332,i'm not young enough,assertive
333,i'm too old now,assertive
335,right,assertive
336,can i call back in 2 minutes and book that,interrogative
337,that is subject to availability,assertive
338,and you must book that by 6 o'clock the day before travel,assertive
339,the day before,interrogative
340,i'll call back in 2 minutes,imperative
341,thanks very much,assertive
344,good morning,assertive
347,i wish to travel to London tomorrow morning,imperative
348,from,interrogative
349,from Manchester Picadilly,assertive
350,do you hold a current credit or debit card,interrogative
351,i need to arrange for you to collect your ticket from the train station,assertive
352,and what time do you like to depart tomorrow,interrogative
353,i just want to find out about the cheap train,assertive
354,the cheap cheap cheap fare  return,assertive
355,cheap fare to London,assertive
356,so you don't want to book a ticket just now,interrogative
357,i do i do want to book,assertive
358,but you er  but er but what happen is that 2  2  2 of my sisters are travelling,assertive
359,so i'm just booking it for them,assertive
360,is that ok for the credit card,interrogative
361,the credit card holder must be at the train station to collect and sign for the tickets,assertive
362,how many people's travelling tomorrow,interrogative
363,2,assertive
364,and what time around,interrogative
365,early,assertive
366,i want to get the cheap fare,imperative
367,the 19 pounds Virgin Value fare is now fully booked up for tomorrow,assertive
369,it's fully booked up,imperative
370,the next cheapest fare that i can offer you is the  Super Advance Return at 30 pounds each,assertive
371,30 pound each,assertive
372,does anyone hold a current railcard,interrogative
373,that'll be 30 pounds each,assertive
374,and the first train that i can actually get you booked on is on the 10:30 from Manchester Picadilly,assertive
375,arriving at 13 hundred in London Euston,assertive
376,is that a suitable time,interrogative
377,the time is right,assertive
378,but it's just the fare,assertive
379,that is the cheapest fare travelling tomorrow now,assertive
380,you haven't got anything in  earlier than 9 o'clock you know around,interrogative
381,there is not any Virgin Value fares the entire day,assertive
382,they have now been booked up,assertive
383,i'm just trying to think of which is the best huh,imperative
384,is there ever any other you know what you call them,interrogative
385,the Northern the Northern Line train,assertive
386,they they do some cheap one as well,assertive
387,can you do that  one,interrogative
388,the  the 30 pounds is the cheapest fare travelling tomorrow now,assertive
389,the 30 pounds each  is the cheapest fare for travelling tomorrow,assertive
391,ok,assertive
392,i think i'll i'll call you back again,imperative
393,you'll just,assertive
394,i do  think about it,assertive
395,this ticket must be booked by 2 o'clock today,assertive
396,and it is subject to availability,assertive
397,ok now,imperative
399,thanks for calling,assertive
400,goodbye,assertive
404,this is B C calling from WWW,assertive
406,and why don't you bring up my record,interrogative
407,and it's for which trip,interrogative
408,the trip that i'm supposed to take tomorrow night,imperative
409,i'll pull that one up,imperative
410,here's the problem,assertive
411,i just learned today that i'm going to have to go to Richmond on Friday,imperative
412,i have to be in Richmond on Friday,assertive
413,Richmond Virginia,assertive
414,we keep the San Francisco to Newark tomorrow night,assertive
415,the the number,assertive
416,the August 1st 10:30,assertive
417,the question is how can i get can i get to Ne... Newark to Richmond either Thursday afternoon or Friday morning early,assertive
418,i don't have to be there until about 10 o'clock,assertive
419,there's,assertive
420,depends on what you'd rather do,assertive
421,there is a Piedmont flight which is non-stop from Newark to Richmond leaving at 4:05 in the afternoon on a Thursday,assertive
422,and getting into Richmond at 5:16,assertive
423,or if you wanted to go in the morning of the 4th,assertive
424,the only  the only no-stop would have to be out of La Guardia,assertive
425,there's no,assertive
426,out of Newark,assertive
427,it would be at 9:30,assertive
428,you would not get in until 10:41,assertive
429,there is one at what time on Thursday afternoon,interrogative
430,Thursday at 4:05,assertive
432,how late,interrogative
433,is there any later connections of any sort,interrogative
434,later connections,assertive
435,there's a later non-stop at 9,assertive
436,gets in at,assertive
437,a later non-stop at 9,interrogative
438,gets in at 10:11,assertive
439,what about,interrogative
440,and there are probably connections,interrogative
441,between the time,interrogative
442,let me check,assertive
443,between those times,assertive
444,there's a,assertive
445,there's a United flight that leaves at 6:20,assertive
446,ooh,exclamatory
447,that's going to be sold out um,assertive
448,there's a 7:55 Piedmont that goes through Baltimore as a connecting city and gets into Richmond at 10:29,assertive
449,same time as the other one,interrogative
450,why don't you book both E F and B C,interrogative
451,cos we're flying together on the 4 o'clock Newark,assertive
452,Richmond,interrogative
453,Richmond,assertive
454,and then,interrogative
455,and then,assertive
456,if we have to stay later,assertive
457,we'll juggle it at that end,imperative
458,what about your,interrogative
459,and then we need a hotel to stay in in Richmond,assertive
460,w... what about your return,interrogative
461,how many   nights,interrogative
462,i think he's going to,assertive
463,i better let E do his own,assertive
464,but that's what i think he's going to do,assertive
465,because i think he's going to fly back up to New York and come back on his regularly scheduled return on Saturday,assertive
466,i'm working within uh within your  reservation,assertive
467,within my reservation,interrogative
468,but but,assertive
469,i'll have E call,imperative
470,because he may want to make some adjustments,assertive
471,but,assertive
472,at the moment,assertive
473,it's B C down to Richmond on Thursday afternoon,assertive
474,on the 4 o'clock,assertive
475,a place to stay Thursday night,interrogative
476,let's assume a departure around 1:30 or 2 o'clock,assertive
477,earlier than that,assertive
478,on Friday,assertive
479,to return to either San Jose or San Francisco San Jose is preferable only because i live down in that direction,assertive
480,then everything would be a connecting flight either to San Francisco or to San Jose,assertive
481,the only problem is frequency of flights into San Jose   are limited,assertive
482,the,assertive
483,i do like American,assertive
484,and i know one could presumably maybe go Richmond to Raleigh Durham,assertive
485,or there's a Richmond to Dallas,assertive
486,is are,assertive
487,the connection's offered,assertive
488,or Richmond to Dallas,interrogative
489,there's a flight offered,assertive
490,but it's at 12:23 p m,assertive
491,through Dallas into San Jose at 5:27,assertive
492,the next flight after that is at 5:07,assertive
493,changing planes,assertive
494,it's a United changing planes in Chicago and getting in at 9:30 into San Jose,assertive
495,other than that,assertive
496,the next American's at 5:30,assertive
497,and it's a change of planes in Dallas and into  San Jose a... at 11,assertive
498,that's just American,interrogative
499,that's just um other than United at 5:07 through Chicago,assertive
500,that was United,assertive
501,there is a Piedmont flight at 1:35 through Charlotte North Carolina,assertive
502,it would have to go,assertive
503,you would have to go into San Francisco though in order to take that,assertive
505,but that's about the right time i mean uh,interrogative
506,to the airlines,assertive
507,it's it's whatever is going to get me there,assertive
508,bu... but the time seems to be about right,assertive
509,the 1:30 Piedmont,assertive
510,what is it now,interrogative
511,it's Piedmont,assertive
512,it goes to Charlotte North Carolina as a connection city,assertive
513,and then you go into San Francisco,assertive
514,and arrival time at San Francisco's at 6:37,assertive
515,why don't we do that one,interrogative
516,that seems about the right time,assertive
517,then the round trip fare is 11 62,assertive
518,again no penalties attached to that,assertive
519,that's,assertive
520,and,assertive
521,including whatever i've got going the United flight going  out,interrogative
522,out,assertive
523,that's the total round trip price,assertive
524,and what we'll do is reissue um for the brand new fare,imperative
525,let me give you the flight information,assertive
527,you don't,assertive
528,i don't need that,assertive
529,but what i do need is,assertive
530,i suddenly recall that i'm going to back you up,imperative
531,and i apologize for this too,assertive
532,Wednesday night,assertive
533,there is no lodging,assertive
534,and what i would like to do is to get a room at the Marriot in Newark Airport,imperative
535,thanks a lot for callling,assertive
538,i wanted to uh um get a flight um to Los Angeles and back uh leaving on Friday uh,imperative
539,who am i speaking with,interrogative
540,this is A B,assertive
541,i'm sorry,assertive
542,your last name is,interrogative
543,B,assertive
544,and is this a business trip we're doing,interrogative
545,this is personal,assertive
546,and the date you wanted to go to Los Angeles is,interrogative
547,Friday,assertive
548,July 28th,assertive
549,from San Francisco or San Jose,interrogative
550,whichever's cheaper,assertive
551,and i wanted to return on Monday July 31st,imperative
552,a... a... when,interrogative
553,afternoon er,interrogative
554,evening would be fine,assertive
555,i think i'm going to check the fare,imperative
556,should be the same out of either airport,assertive
557,let me just check here,assertive
558,it's it's going to be the same airfare out out of ei... either airport,assertive
559,it's 98 round trip,assertive
560,it's going to be 98 for round trip,imperative
561,98 round trip on a non-refundable non-changeable ticket,assertive
562,would it have been cheaper if i had called a couple weeks in advance,interrogative
563,21 days in advance,assertive
564,there are lower fares into Los Angeles,assertive
565,and how much is that,interrogative
566,those are 78 round trip,assertive
567,i guess 98's ok then,assertive
568,would the price have gone up if i had called just a couple days in advance,interrogative
569,airfare,assertive
570,you have to have at least a 7 day advance purchase  for the 98,assertive
571,and that's today's the last day to buy it for the 28th,assertive
572,and it would have gone up to 1 18,assertive
573,and then it would have gone up to uh 1 48 one way,assertive
574,they have a 98 one way and then a 148 one way,assertive
575,ouch,exclamatory
576,so it jumps up pretty high,assertive
577,the time on Friday that i'd like to depart would be evening,imperative
578,preferably around 7 o'clock,assertive
579,if you could leave at like 1 in the morning,assertive
580,i could get you a low airfare,assertive
581,they only have one flight a day,assertive
582,oh really,interrogative
583,and i'll tell you what,imperative
584,going out isn't bad,assertive
585,it's coming back that's bad,assertive
586,they have fare of 68 round trip,assertive
587,really,interrogative
588,going out,assertive
589,it's a 9 p m,assertive
590,arriving 10:15 p m,assertive
591,coming back,assertive
592,it's 1:05 in the morning,assertive
593,getting in at 2:20 in the morning,assertive
594,you want to do that,interrogative
595,for 68 dollars,interrogative
596,68 dollars non-refundable non-changeable,assertive
597,today's the deadline for for buying that ticket,assertive
598,you were saying that it leaves on Friday,assertive
599,when,interrogative
602,arriving 10:15,assertive
603,that,assertive
604,and coming back,assertive
605,it's a 1:05 in the morning,assertive
606,1:05 on Tuesday morning,interrogative
607,let me see the table on Tuesday,assertive
608,hold on,assertive
609,for the 1st of August,assertive
610,it is available on Tuesday morning at 1:05 in the morning,assertive
611,getting into San Francisco at 2:30 in the morning,assertive
612,you want to book that,interrogative
613,that sounds just perfect actually,assertive
614,the departure time is 9 o'clock on Friday,interrogative
615,is that is that the only departure time,interrogative
617,that's it,assertive
618,that's all they have,assertive
619,that's why their fare is lower then everyone else's,assertive
620,they only have,assertive
621,they don't have any competition,assertive
622,they have one flight,assertive
623,it's Continental 8 2 4 on the 28th of July,assertive
624,departing San Francisco 9 p m,assertive
625,arriving Los Angeles 10:15 p m,assertive
626,Continental 1 3 3 on the 1st of August Tuesday,assertive
627,departing Los Angeles 1:05 a m,assertive
628,arriving San Franciscso 2:20 a m,assertive
629,2:20,assertive
630,is this going to be put on a credit card,interrogative
631,this ticket is non-refundable non-changeable,assertive
632,and today is the deadline for ticketing,assertive
638,A speaking,assertive
640,this is B C,assertive
641,i want to go to New York Monday morning,imperative
642,i went there last Wednesday,assertive
643,could you just uh d... do the same thing you did for me then,interrogative
644,let me check to see if um we still have that old record,assertive
645,i see you flying on Pa... uh on Pan Am,assertive
646,why don't we do that,interrogative
647,on that special  fare,assertive
648,and same class of service,interrogative
649,same class,assertive
650,leaving Monday morning,assertive
651,coming back Friday night Friday aftern...,assertive
652,i don't have the complete history in front of me,assertive
653,what time did you come back,interrogative
654,was that the 6 o'clock flight,interrogative
655,it's uh 5:45 Pan Am,assertive
656,and this will be at the fare of,assertive
657,it'll be 1060 dollars,assertive
658,and was there anything else,interrogative
659,i guess that's it,assertive
661,you're welcome,assertive
668,from London to Blackpool,assertive
670,i do,assertive
672,7,assertive
673,and does anyone have a railcard,interrogative
674,what date would you like to depart from London,interrogative
675,Friday the 30th of October,assertive
676,departing at what time around,interrogative
677,i want to try to take advantage of any Savers that are available,imperative
678,is that after 10,interrogative
679,i'll just check the times for  you,imperative
681,i'm just checking through the day for you for an advance purchase ticket,assertive
682,the cheapest fare the is available travelling that day now  is going to be the Super Advance Return which is 33 pounds 50 each,assertive
683,the only time that i can get availability on  is if you're travelling from Euston station at 9:35 in the morning,assertive
684,changing at Preston,assertive
685,arriving in Blackpool North for 13:24,assertive
686,and that's all that's available,interrogative
687,there's an afternoon train aval... available at 13:35,assertive
689,you arrive at 16:28 depart at 16:56,assertive
690,then you arrive in Blackpool North at 17:24,assertive
691,that's too late erm  so that literally the only morning train available is 6:35,assertive
692,with an advance purchase ticket,assertive
693,what does that mean then,interrogative
694,what if i book,interrogative
695,the advance purchase ticket is like a Walk-on,assertive
696,it,assertive
697,it's like an a reduced rate ticket then to your Walk-on fare,assertive
699,so there's no Super Savers available or anything on that on there,interrogative
700,this is called a Super Advance Return,assertive
701,the first ticket ticket i checked for was a Virgin Value,assertive
702,that's the cheapest,assertive
703,that's been booked up,assertive
704,then i checked the Apex,assertive
705,and that's been booked up,assertive
706,so the Super Advance is the the  next one that's cheaper,assertive
707,would you mind try... er checking for me then erm to travel on the Thursday  in the evening,interrogative
708,the 29th,interrogative
709,say from 4 o'clock onwards,assertive
710,we're talking about the Super Advance again,interrogative
711,and  that  the  33 pounds 50 each,interrogative
712,the only train that i can get availability on is the 16:34  from Euston,assertive
713,changing at Bla...,assertive
715,and you arrive in Blackpool North for 20:15,assertive
716,and that's the only available one there,interrogative
717,so are there no trains that go directly to Blackpool,interrogative
718,you always have to change,interrogative
719,the direct services are all  booked up,assertive
720,i've checked them first of all,assertive
721,fully booked,assertive
722,i just wondered if you if they went direct erm,interrogative
723,oh dear,exclamatory
724,i don't know what to do,assertive
725,i'll have to check with my husband,imperative
726,i think i'm going to call back later and just take a chance,imperative
727,you,assertive
728,the Super Advance Return,assertive
729,you must book by 2 o'clock the day before travel,assertive
730,and  that's subject to availability,assertive
732,cos what's the other one,interrogative
733,the other one we got before was it a twin a value twin or something,assertive
734,they're all gone as well i suppose,interrogative
735,it was the probably a twosome if it was two people,assertive
736,twosome,assertive
737,the twoso...  the twosome is no longer an available ticket,assertive
739,isn't it,interrogative
740,it's a Virgin groupie,assertive
741,and it has to be 2 or 4 people travelling,assertive
742,so if every Super Advance Return is booked up by the time you call back,assertive
743,then travelling on the Friday,assertive
744,it's going to cost you 52 pounds each,assertive
745,can you just give me a price if there's er 2 of us travelling,interrogative
746,cos i mean i might have to end up booking the other people's tickets as well,assertive
747,if you just bear with me,assertive
748,i'll just check availability,imperative
749,do you want to start on the Friday again,interrogative
750,please,assertive
751,that ticket's fully booked up as well,assertive
752,it is 59 pounds  for up to 4  2 to 4 people return,assertive
753,but there's none available for the dates and times on the 29th or the 30th,assertive
755,ok then,assertive
756,i i'll have to take a chance and call back later and see if i can get the other one,imperative
757,thanks for your help,assertive
760,American Express Travel,assertive
763,i'm planning a trip to Japan at the end of uh the beginning of July,imperative
764,and i have to be there on Monday morning,assertive
765,i was just wondering what time i uh you know what's the uh the latest i could leave,interrogative
766,and i'm speaking with,interrogative
767,B C,assertive
768,you you just need a schedule you said,interrogative
769,i ha...,assertive
770,i ca...,assertive
771,i i can't travel on Saturday,assertive
772,the latest the earli... i could leave Saturday night,assertive
773,probably around midnight or 11 at night,assertive
774,this is to Tokyo,interrogative
775,i believe so,assertive
776,i don't think they're going to have service that late,assertive
777,let me tell you,assertive
778,non-stop service,assertive
779,the latest would be uh 1 p m arriving 3:35 p m,assertive
780,on what day,interrogative
781,on Saturday,assertive
782,i can't,assertive
784,what do you mean 1 p m,interrogative
785,wh... what day would i leave,interrogative
786,we... if you give me the days,assertive
787,i  can tell you the sched...,assertive
789,i have  a Monday morning meeting,assertive
790,you will,assertive
791,i want,imperative
792,always arrive the following day,assertive
793,so if you left on a Saturday,assertive
794,you would arrive o... on a Sunday their time,assertive
795,if i,interrogative
796,when could i,interrogative
798,i... i need to arrive there you know either uh uh their time Monday early you know,assertive
799,in the middle of the night would be acceptable to me anytime,assertive
800,anytime,assertive
801,so i can get to an office by,assertive
802,i i you know i would like to arrive there certainly before 6 a m in the morning on Monday,imperative
803,you'll have to leave on a Saturday,assertive
804,because if you won't,assertive
805,if you leave on a Sunday,assertive
806,you're not gonna arrive there till in the afternoon,assertive
807,like about 3 pm on a  Monday,interrogative
808,is is,assertive
809,i... i...  if i was to leave at,assertive
811,a... and is there anything late on Saturday night,interrogative
812,cos on Saturday,assertive
813,i can't leave until after 10:30 or 11 o'clock at night,assertive
814,the only the only way you're going,assertive
815,i... it's really going to be crazy routing to do it that way,assertive
816,but this is the only way to leave at night,assertive
817,would have to be to fly all the way to the east coast um to fly to JFK,assertive
818,and then fly from JFK to Tokyo,assertive
819,so you'd be kind of going backwards,assertive
820,but that's the only way that you'd be leaving at night,assertive
821,it's either  that  or i have to leave on Wednesday,assertive
822,it's it's either i leave on Wednesday,assertive
823,get in on Thursday,assertive
824,or i leave on Saturday night,assertive
825,let's see which way we can do this,assertive
826,it i... i... i could leave to to uh JFK on Saturday night,assertive
827,let me get the uh schedule,assertive
828,it would be like a 10:30 p m,assertive
829,that's going to get into Newark,assertive
830,on Sunday,assertive
831,it's going to go via Newark,assertive
832,it's 10:30 p m,assertive
833,arriving Newark at 6:35 in the morning on Sunday,assertive
834,and then departing Newark at 8:25 a m,assertive
835,and arriving 1:55 p m,assertive
836,that's still going to arrive on Monday,assertive
837,i think the uh you know,assertive
838,at 1:55,assertive
839,that's no good,assertive
841,from wh... where are there flights leaving on um Sunday morning or late Saturday night,interrogative
842,is there anything from Los Angeles,interrogative
843,out of San Francisco,assertive
844,all the flights are afternoon,assertive
845,they don't offer any morning flights to Tokyo,assertive
846,and let me check Los Angeles,assertive
847,they're still going to get you in in the afternoon on Monday,assertive
848,if they leave,assertive
849,there's a flight,assertive
850,what airline is this,interrogative
851,Varig airlines at 9:50 a m,assertive
852,arrives 1:30 p m on Monday,assertive
853,9:50 9:50 a m arrives at what time,interrogative
854,1:30 p m on Monday,assertive
855,so i need to leave Saturday night or around midnight,assertive
856,if i leave much after two in the morning on Sunday,assertive
857,then i i i won't be able to make a Monday morning,assertive
858,th... th... that's a direct flight so you were looking,assertive
859,i guess you could either look under arrivals at Tokyo or departures on Saturday night Sunday morning,assertive
860,the one i gave you is Sunday morning,assertive
861,that's the third one,assertive
862,9:50,imperative
863,but that's too l...,assertive
864,that's the earliest  they have,assertive
865,they don't have anything else,assertive
866,they don't offer,assertive
867,as i said they don't offer night service from the west coast to Tokyo,assertive
868,they only of...,assertive
869,you'd have to fly all the way to the east coast,assertive
870,but you're defeating the whole purpose,assertive
871,because you're you're gonna still arrive Monday at 1 2 in the afternoon,assertive
872,so you'd be flying 6 extra hours,assertive
873,i i i won't do that of course,assertive
874,you won...,assertive
875,they don't have morning service that will get you there any earlier,assertive
876,and they don't offer night service from the west coast to Tokyo,assertive
877,but the east coast does have night service,interrogative
878,but you're flying back across the US to go to Tokyo,assertive
880,but i could do other business  there,assertive
881,but you're still getting  in at two in the mo... or two in the afternoon on Monday,assertive
882,you're not saving,assertive
883,i guess i don't don't need,assertive
884,there's  nothing arriving in Tokyo uh uh in the,assertive
885,you mean two in the afternoon i would arrive,interrogative
886,2 o'clock is the earliest,assertive
887,1:55,assertive
888,that's in the afternoon,imperative
889,on Monday,assertive
890,and that's it huh,interrogative
891,so in order to get in there on Friday afternoon at 2 o'clock,assertive
892,i leave here,interrogative
893,you'd leave here Thursday,assertive
894,Thursday is what time,interrogative
895,in the,assertive
896,let me get the schedules for Thursday,assertive
897,when would be the e... the earliest flight arriving on uh for Friday so,interrogative
898,the earliest if it's available would be the Japan Airlines,assertive
899,you want to do San Francisco,assertive
900,let me check their schedules here,assertive
901,i'm trying to find out which arrival is the earliest,imperative
902,because non-stop,assertive
903,they have connections that get you in at 1:55,assertive
904,but as far as non-stop service looks like 12:45 arriving 3:25 is going to be the earliest on a Thursday,assertive
905,you could conceivably get in earlier,assertive
906,if you wanted to uh leave San Francisco at 7 a m,assertive
907,arrive Los Angeles 8:12,assertive
908,and then take a Japan Airlines from Los Angeles at 10 a m,assertive
909,arriving 1:20 on Thursday,assertive
910,so that sounds like a route that i would that i would be interested in,assertive
911,can we make a reservation on that one now,interrogative
912,which what is the departure date that you're referring to,interrogative
913,i have to be there for the July 4th weekend,assertive
914,it's the last week of June,assertive
915,last Thursday of June,assertive
916,how about the 28th,interrogative
917,flying out on the 28th,interrogative
918,the 28th is a Wednesday,assertive
919,but you,assertive
920,have you said you have to arrive on a Thursday,interrogative
921,i have to arrive on a Friday,assertive
922,i have to arrive Friday,assertive
923,this would arrive  would bring me in Friday at 1 o'clock,interrogative
924,the routing that you suggested to Los Angeles,interrogative
925,cos that was on a Wednesday,assertive
926,i'm looking on a Thursday,assertive
927,is this going to be business class,interrogative
928,is this a business trip,interrogative
929,it's a business trip,assertive
930,coach business and first,interrogative
931,coach business and first,assertive
932,WWW policy allows you to fly business on anything over 6 hours,assertive
933,so you could fly business Los Angeles Tokyo,assertive
934,on Thursday to arrive on Friday,assertive
935,cos the schedules to Los Angeles Japan Airlines doesn't service a service on Thursday,assertive
936,so it would be a Korean Airline 11 a m arriving 2:10 on Friday,assertive
937,but then you... you're probably just as easy to take,assertive
938,it's up to you,assertive
939,a non-stop out of San Francisco departs at 12 and gets in only about 30 minutes later than that,assertive
940,connection through Los Angeles,assertive
941,there's there's a United,assertive
942,it looks like,assertive
943,flying direct from here,assertive
944,if i leave on Thursday,assertive
945,i could do about 3 o'clock in the afternoon into Tokyo,assertive
946,there's a 12 noon arrives 2:45,assertive
947,it's non-stop from San Francisco to Tokyo,assertive
948,cos there aren't that many seats on that,assertive
949,and what's your last name,interrogative
950,C,assertive
953,i i uh i just want to make the reservation to make sure i have a spot,assertive
954,and the travel advance,imperative
955,we don't have yet either,assertive
956,is that correct,interrogative
957,i  i might very well call you back in a few days and change it  to make it earlier,assertive
958,presently let me tell you what we're holding,assertive
959,that's United 8 1 9 on the 29th of June,assertive
960,departing San Francisco 12 noon,assertive
961,and arriving Tokyo at 2:45e p m on Friday the 30th,assertive
962,and that is a non-stop flight,assertive
963,and what is your seating preference,interrogative
964,and then you're gonna call back with the rest of the itinerary on this,interrogative
965,anything else,interrogative
970,this is B over in Dr C's office,assertive
971,and we need to get an estimate on how much uh for a round trip ticket to Little Rock Arkansas  leaving from San Jose,interrogative
972,is there any particular date that you're looking for,interrogative
973,he would like to leave um possibly the afternoon of the 28th of October,assertive
974,basic fare quote um prices can range anywhere from a full coach fare of what 1070 round trip   all the way down to a non-refundable price of 358 dollars,assertive
975,it all depends on what's available at the time of his booking and if he's going to be staying over a Saturday night and if he's going to purchase the tickets at least 14 days prior to his departure and willing to take a penalty fare,assertive
976,he will be leaving uh returning actually on the the Thursday after,assertive
977,let me take a look here,assertive
979,so he would be staying over a Saturday night,assertive
980,if he's leaving on the 28th,assertive
981,that is a Saturday,assertive
982,that would qualify him as long as he purchased the tickets 14 days prior to that departure date,assertive
983,so he would have to um have reservations made and ticketed by the 13th of uh October,assertive
984,again this is provided that the flights are available,assertive
985,when he calls to make the reservation,assertive
986,we can get him on a non-refundable fare for you know a fairly good price compared to 1070,assertive
987,1070 is completely non-penalty,assertive
988,and that is the lowest no-penalty available in that market,assertive
990,it's non-penalty,assertive
991,and the non-refundable is uh 14 days prior to departure and provided that the flights are available,assertive
992,available,assertive
993,and it's um,assertive
994,that can be as low as um 358 and also 318,assertive
995,there's one,assertive
996,it depends on what you know day of the week we're looking at,assertive
997,if he's gonna travel on a Saturday,assertive
998,358 would apply,assertive
999,if he were travelling midweek still staying over a Saturday night,assertive
1000,there's the 318 fare,assertive
1001,then the fare could range anywhere even higher than that 378 for a 25 percent penalty fare travelling mid-week,assertive
1002,staying over a Saturday night,assertive
1003,that's based on a 7 day advanced purchase or 418 round trip also 25 percent penalty,assertive
1004,7 day advanced purchase with a Saturday night stay over,assertive
1005,but travelling on weekend days,assertive
1006,and that would be pretty much the uh the breakdown,assertive
1007,the 418 is the highest for the for the discounted,assertive
1008,the highest for the lowest,assertive
1009,and then it would jump from there to the full coach non-penalty for 1070,assertive
1010,i could tell him a ra... p... pretty much a range between 3 25 to 4 18 depending on the discount,assertive
1011,and the time  of uh when he places and time of booking  and yeah the actual reservation,assertive
1012,but if he wants to go with the lowest no-penalty coach,assertive
1013,he's gotta pay,interrogative
1014,the full coach,assertive
1015,they don't offer unfortunately any discounts without penalties for that market,assertive
1016,i'll let him know that,imperative
1023,this is BB CC at WWW,assertive
1024,how are you today,interrogative
1026,pretty good,assertive
1027,i need to go to from San Jose to Los Angeles on Friday the 14th of July,assertive
1028,let me pull up the profile for you,assertive
1029,how do you spell your last name,interrogative
1030,what's the,interrogative
1031,is it going to be for personal or or business travel,interrogative
1032,is,assertive
1033,this is business travel,assertive
1034,and your charge number please,assertive
1035,is XXXXX,assertive
1036,and the travel advance number,imperative
1037,YYYYY,assertive
1038,and your extension,imperative
1039,and you said that was on the 14th of July that you had to travel,interrogative
1040,and from San Jose to LA at what time,interrogative
1041,take the 7 o'clock a m American flight,assertive
1042,that would get you in at 8:11,assertive
1043,and it's flight 1 4 0 4,assertive
1044,coming back same day on the 6 p m flight,interrogative
1045,and i would like to get uh aisle seats on those please,imperative
1046,let me pull up the flight number,assertive
1047,3 7 2 arrival San Jose at 7:15,assertive
1048,and round trip fare is 198 dollars non-penalty,assertive
1049,aisle seating is confirmed for the outbound,assertive
1050,i cannot get you a aisle on the return,assertive
1051,let me take a look and see if i can get you a window,assertive
1052,gee,exclamatory
1053,that's a busy day,assertive
1054,Friday's always bad,assertive
1055,looks like it's a popular flight,assertive
1056,the best i could do would be um a middle seat right now,assertive
1057,but that would be,assertive
1058,do what you can,assertive
1059,and we'll st... you know try to switch it before then if possible,imperative
1060,you can also,assertive
1061,when you check in in San Jose before you leave,assertive
1062,you can always make the switch then,assertive
1063,cos it is the day of the departure,assertive
1064,so if you've got a little extra time or something um,assertive
1065,and i will see if i can change it up until that point,assertive
1066,and i'd like a Hertz car,assertive
1067,an intermediate,assertive
1068,there's three of us going to be going,assertive
1069,and um on Hertz express,assertive
1070,let me pull that up,assertive
1071,and i'm just waiting for a confirmation number on the car,assertive
1072,while you're waiting,assertive
1073,they're going to be two other people in a different uh org that are going to be taking the same flight,assertive
1074,and um their last names are EE,assertive
1075,first name F,assertive
1076,and GG,assertive
1077,first name HH,assertive
1078,so if you want to put them on for the same reservation,assertive
1079,i'll uh,imperative
1080,i have to make three separate  reservations,assertive
1081,i just want you to understand that,assertive
1082,that's kind of what  i thought,assertive
1083,i i uh they they'll want to get on the same uh flight that i do,assertive
1084,and they'll have to call you directly with the travel advance numbers and so forth,assertive
1085,they're in different buildings,assertive
1087,i can uh i can tentatively make their reservations if you like,assertive
1088,and then uh what we'll have to do is get their  get them to call us,imperative
1090,i'll i'll tell their secretary to give you a call,imperative
1091,and when would you like the tickets um tickets issued,interrogative
1092,you better not send them until at least uh say Wednesday because   i'll be subject to change,imperative
1093,i'll go ahead and um set them up for Wednesday the 12th,imperative
1094,and other then that,assertive
1095,you're all set,assertive
1098,bye  bye,assertive
1100,this is A at American Express,assertive
1101,can i help you,interrogative
1103,this is B,assertive
1105,what can i help you with,interrogative
1106,C is going to go to Ottawa,assertive
1107,is this for a new reservation,interrogative
1108,and i,assertive
1109,what i need right now are um choices,assertive
1110,just flight information then,interrogative
1111,and what date is he gonna go,interrogative
1112,the 22nd,assertive
1113,and he needs to be there in time for an evening meeting if he can be,assertive
1114,say around 6 o'clock,assertive
1115,22nd of June,assertive
1116,did i make that clear,interrogative
1117,a... i assumed that,assertive
1118,there's nothing really that gets in that early,assertive
1119,Air Canada has a connection through Toronto that leaves San Francisco at 7:50 a m,assertive
1120,arrives Toronto at 3:35,assertive
1121,but the connection to Ottawa doesn't leave until 5:15,assertive
1122,getting into Ottawa at 6:10  and,assertive
1124,that's about the earliest one,assertive
1125,other than leaving the evening before,assertive
1127,like just after midnight,assertive
1128,we have one tha... on Air Canada that goes to Toronto huh,interrogative
1129,and then it's a change of planes there,assertive
1130,but it doesn't arrive into Ottawa until 6:10,assertive
1131,let me take all that down anyway,assertive
1132,i guess it's too,assertive
1133,at what time does it get to Toronto,interrogative
1134,3:35 p m,assertive
1135,and departs there at 5:15,assertive
1136,do you want the flight numbers on these,interrogative
1137,the first one is Air Canada flight 7 5 0 8,assertive
1138,the connection is flight 4 6 0,assertive
1139,and it arrives Ottawa,interrogative
1140,at 6:10 p m,assertive
1141,do you have any that get in... into uh Ottawa later in the evening,interrogative
1142,ge... are there any direct flights at all,interrogative
1143,only if there's an overnight direct flight on Piedmont,assertive
1144,but it leaves leaves the night before at 11:40 p m,assertive
1145,i'm writing this down,imperative
1146,that's Piedmont what,interrogative
1147,flight 1 2 5 0,assertive
1148,it really isn't worth considering,assertive
1149,i just noticed,assertive
1150,it makes three  stops,assertive
1151,it's direct in that it's the same plane all the way through,assertive
1152,but  it's,assertive
1153,going to take him all night,assertive
1154,there are no non-stop flights,assertive
1155,that's  what i was wondering,assertive
1156,there's a CP Air f... uh connection through Vancouver,assertive
1157,it get's in later,assertive
1158,it leaves at 9:10 a m and arrives Vancouver  at,assertive
1159,what  is CP Air,interrogative
1160,it's a Canadian Airline like Air Canada,assertive
1162,and it flies out of San Francisco,interrogative
1163,huh,imperative
1164,what's that number then,interrogative
1165,it's CP Air flight 1 4 0,assertive
1166,1 4 0,assertive
1167,it's out of San Francisco at 9:10 a m,assertive
1168,arrives Vancouver at 11:13 a m,assertive
1169,it connects to CP Air flight 7 2 2,assertive
1170,that leaves Vancouver at 1 p m,assertive
1171,and arrives Ottawa at 9:48 p m,assertive
1172,that does make one stop between Vancouver and Ottawa,assertive
1173,where does it stop,interrogative
1174,looks like Calgary,assertive
1175,like Calgary,assertive
1176,Calgary,assertive
1177,then,assertive
1179,if if you ha...,assertive
1180,do you have a late flight out on the 23rd,interrogative
1181,probably not huh,interrogative
1182,we might,assertive
1183,cos the time zone's in our v... our favor coming  this direction,assertive
1184,he said either l... late on the 23rd or or any time on the 24th,assertive
1185,by late he means something like nine ten like that,interrogative
1186,cos there's an 8 p m departure,assertive
1187,tha... uh i think that's  that's,assertive
1188,would  that be good,interrogative
1189,there's an 8 p m departure on Air Canada,assertive
1190,it's flight 4 6 0 7,assertive
1191,it arrives into Toronto at 8:55,assertive
1192,connects to Air Canada flight 7 5 5 5,assertive
1193,that's out of Toronto at 10:30 p m,assertive
1194,and arrives San Francisco at 12:45 a m on the 24th,assertive
1195,i'm it leaves Ottawa,assertive
1196,4 6 0 7 leaves Ottawa at what time,interrogative
1197,8 p m,assertive
1199,and arrives at Toronto,imperative
1200,8:55,assertive
1202,and leaves Toronto at 10:30,interrogative
1203,and arrives,interrogative
1204,7:55  does,assertive
1205,and arrives San Francisco at 12:45 a m,assertive
1206,and then what about Saturday a flight next Saturday,interrogative
1207,there's an early Air Canada connection through Toronto again,assertive
1208,it's uh flight 1 8 0 9 out of Ottawa at 6:50 a m,assertive
1209,arrives Toronto at 7:47 a m,assertive
1210,connects to Air Canada flight 7 5 0 7,assertive
1211,out of Toronto at 9:30 a m,assertive
1212,and arrives San Francisco at 11:45 a m,assertive
1213,i think tha... this is enough for him to consider  for the time being,assertive
1214,and i'll get back with you,imperative
1215,thank you  very much,assertive
1216,thanks a lot,assertive
1223,it's er  Stockport erm  Watford Junction,assertive
1224,Stockport to Watford Junction,imperative
1227,one,assertive
1228,and what date is it you're travelling out,interrogative
1229,tomorrow,assertive
1230,i'm going to have to arrange for you to collect your tickets tomorrow at the train station,assertive
1231,that's fine,assertive
1232,what time do you like to depart Stockport at,interrogative
1233,i'd like this to be processed before 6 if i could,assertive
1234,Stockport departing er er,assertive
1235,if i could get a Super Advance Return,assertive
1236,that'd be great,assertive
1237,do you have a railcard,interrogative
1238,that a young person's railcard,interrogative
1239,it is,assertive
1240,the only trai...,assertive
1241,Super Saver Return,assertive
1242,what what have you got,interrogative
1243,the only train you can use your railcard with a Super Advance is on the 20:13 in the evening,assertive
1244,arriving at 23:19,assertive
1245,that is the only one available now,assertive
1246,is that Super  that Super Advance,interrogative
1247,what  what price is that,interrogative
1248,that would work out to 20 pou... 19 pounds 80 with your  railcard discount,assertive
1250,you want me to book that for you,interrogative
1251,is it smoking or non-smoking,interrogative
1253,and is there any seat prefrence,interrogative
1254,a table would be good,assertive
1255,it's tomorrow from Stock...    Stockport at 20:13 in the evening,assertive
1256,arriving,assertive
1257,20  30 did you say,interrogative
1258,20:13,assertive
1259,13,assertive
1262,it's 8 hours isn't it,interrogative
1263,is there any faster one,interrogative
1264,just,assertive
1265,can we leave it open for returning,interrogative
1266,just as long as it's not on the Friday,assertive
1267,you can't leave that ticket open,assertive
1268,you've got to  your return,assertive
1269,can i  erm  do a... actually nominate the return,interrogative
1270,and you've got to stick to that,assertive
1271,cos i'm not sure about that,assertive
1272,what's the next fare for erm,interrogative
1273,i don't want to run out of time,assertive
1274,it's getting close to 2 o'clock,assertive
1275,it's a Saver Return,assertive
1276,it's 26 05 or something is it,interrogative
1277,30 pounds 70,assertive
1278,with the discount,interrogative
1279,that's with the discount,assertive
1280,just leave it the 19 80,assertive
1281,you want the 20:13 in the evening,interrogative
1282,em and returning  er  at erm  18,assertive
1283,can you can you return at 18 hundred or,interrogative
1284,what  date is it you're returning,interrogative
1286,the 4th,interrogative
1287,it's on the 8 o'clock train or or close to that,assertive
1288,from Euston to Stockport,interrogative
1289,if you just put it on the  19 hundred  from erm  probably from Euston actually,assertive
1290,is that better,interrogative
1291,is that easier,interrogative
1292,it  it's better for me if you put it,assertive
1293,it's from Watford yes,interrogative
1294,that was my mistake there,assertive
1295,Watford,assertive
1296,i s... want to go from Euston,imperative
1297,you can't do that with an advance purchase ticket,assertive
1298,why not,interrogative
1299,because you're ticket's going to stay at Watford,assertive
1300,so you've got to get off at Watford and get on at Watford,assertive
1301,can i can i change the the start to  came from Stockport to  Euston  and then from Euston to Stockport please,interrogative
1302,i'm just checking availability on the return on Sunday,assertive
1303,the 4th  now,assertive
1304,due to engineering works,assertive
1305,what you're going to have to do  is get the train from Euston to Wilmslow,assertive
1306,and there's going to be a bus service from Wilmslow to Stockport,assertive
1307,and the only service,assertive
1308,i'm just checking that from Euston,imperative
1309,can i get originally from Wilmslow in that case,interrogative
1310,can i catch the Wilmslow to  Wilmslow to Euston,interrogative
1311,and then i'll get Euston to Wilmslow cos i'll drive park my car there,imperative
1312,i'm afraid that's not possible with that type of ticket for travelling tomorrow,assertive
1314,cos the last direct direct service  is that 17:14 from Wilmslow,assertive
1315,17:14,interrogative
1316,and that's not available,assertive
1317,with the Super Advance,assertive
1318,oh fine,assertive
1319,i'll just catch a cab from Wilmslow,imperative
1320,that's alright,assertive
1321,what time will i get into Wilmslow  if,interrogative
1322,what what what availability do you have er from Euston to Wilmslow,interrogative
1323,i'm just checking that for you,imperative
1325,it's either a 13:00 departure  in the m... afternoon from Euston,assertive
1326,or it's 21:00 in the evening,assertive
1327,ah jesus,exclamatory
1328,there's nothing else,interrogative
1329,not for the Super Advance,assertive
1330,what about the next  best option for 19:00,interrogative
1331,to get the 19:00 train,assertive
1332,you're going to have to get the Saver Return which is 30 pounds  70 with the railcard discount,assertive
1333,you're not able to get the Super Advance,assertive
1334,God,exclamatory
1335,21:00 gets me into what Wilmslow at what time,interrogative
1336,just check,assertive
1337,that  gets you into Wilmslow for 23:23,assertive
1338,then the bus is departing at 23:30,assertive
1339,arriving at 12:32 o'clock  in Stockport,assertive
1340,god,exclamatory
1341,when when do i have to book this by,interrogative
1342,now,imperative
1343,i,assertive
1344,you've actually passed the booking deadline now,assertive
1345,are you going to let me do it,interrogative
1346,i could book it just now,assertive
1347,if it if the system lets me book it,assertive
1348,i've already booked out one,assertive
1349,but it just depends on what the system's going to let me book the return  because it is past the booking deadline,assertive
1350,because the system could a... actually cut me off trying to book,assertive
1351,let's try  em i want to try and book that coming back on the on the 19:00,imperative
1352,you can't get the 19:00,assertive
1353,not with the Super Advance,assertive
1354,i'll pay the extra money,imperative
1355,and if i can get out,assertive
1356,can you change the outward journey,interrogative
1358,from  Stockport,assertive
1359,when do you want to change it to,interrogative
1360,if i can do it,assertive
1361,what's the one earlier than the 20:13,interrogative
1362,so the fare's going to be 30 pounds 70,imperative
1363,what time around did you initially want to get,interrogative
1364,going out,interrogative
1365,is there a one is there a train before the 20:13,interrogative
1366,20:07,assertive
1367,arriving at 22:37,assertive
1368,or it's 18:38,assertive
1369,arriving at 21:03,assertive
1370,the 20:07 would be great,assertive
1372,and that's departing from Stockport tomorrow the 2nd,assertive
1373,and then on the return on Sunday,assertive
1374,it's the 19:00 from Euston,assertive
1375,you arrive in Wilmslow for 21:18,assertive
1376,the bus runs from Wilmslow at 21:30 to arrive in Stockport at 22:00,assertive
1377,do you want me to book those seats for you,interrogative
1379,non-smoking,interrogative
1381,that going out,assertive
1382,there's only smoking best available that i can reserve you in  on the 20:07 tomorrow,assertive
1383,i'll just chance it then,imperative
1384,the dates times and seat numbers are printed on the ticket for you,assertive
1385,with this ticket,assertive
1386,if you do miss any services that i have reserved you on,assertive
1387,you are able to get the next available train,assertive
1388,if you have to cancel,assertive
1389,it's a full refund less 5 pounds,assertive
1390,now,interrogative
1393,apostrophe,assertive
1394,and your initial,interrogative
1395,is erm  for,assertive
1397,what,interrogative
1398,0 1 4 7,assertive
1400,8,assertive
1401,8 8 4,assertive
1403,0 9 1 8,assertive
1405,and your postcode to where your credit card is registered to,interrogative
1406,21 1,assertive
1407,and confirm that address for me please,assertive
1408,7 4 16  Road,assertive
1409,and what type of credit card is that you hold,interrogative
1410,Visa,assertive
1411,and the Visa number,interrogative
1412,is 9 4 7 1,assertive
1413,9 4 7 1,assertive
1414,8 0 9 0,assertive
1416,1 1 0 7,assertive
1418,9 4 8 7,assertive
1421,9th 99,assertive
1423,30 pounds 70's going to be de... deducted from that card,assertive
1424,you need to take your credit card with you tomorrow,assertive
1425,and you have to be at the train station for 10 minutes before departure time of the train,assertive
1426,and it's the booking office that you go into,assertive
1427,and  this is your reference number to quote at the train station,assertive
1428,it's  for   for    for   for    for   for    for   for,assertive
1430,and you just  quote that reference number,assertive
1431,and the ticket will be waiting there tomorrow,interrogative
1432,ok,imperative
1433,Mr,assertive
1435,thank you for calling now,assertive
1436,cheers,assertive
1439,this is for B,assertive
1440,what is she doing,interrogative
1441,on the uh 31st of May,assertive
1442,out of SFO to DFW on American thirteen hundred leaving at 11 am,assertive
1443,i've got that,assertive
1444,it arrives at 4:23  into Dallas,interrogative
1445,and then a return,interrogative
1446,returning on the 1st of June,assertive
1447,departing DFW at 6:40 pm on American 3 8 9,assertive
1448,let me see what sort of fare i can get on that,assertive
1449,the only thing that's going to apply is full coach,assertive
1450,and that's 946 one way,assertive
1451,round trip  round trip,assertive
1454,D,assertive
1458,may i help you,interrogative
1459,this is AB,assertive
1460,and i'd like to make some travel reservations,imperative
1461,and what do you need to do,interrogative
1462,in August,assertive
1463,i need to go to Southbend Indiana,assertive
1464,and i want to go on United via Chicago,imperative
1465,and what time did you want to leave,interrogative
1466,there's uh,assertive
1467,i want to go from Chicago to Southbend on i believe it's United Express 2 6 8 6,imperative
1468,that leaves at 4:50,assertive
1469,4:50,assertive
1470,arrives 5:24,assertive
1471,there's a 10 a m flight out of San Francisc that connects fairly well with that,assertive
1472,h... h... how close is that,interrogative
1473,it's flight 1 2 6,assertive
1474,leaves at 10 a m,assertive
1475,gets into Chicago at 3:58 so,assertive
1476,it's a little less than an hour,assertive
1477,tha... tha... that sounds good,assertive
1478,is is there one one that gets there just a little bit earlier   in case of any problems,interrogative
1479,the next one earlier leaves at 6:50,assertive
1480,and gets there at 1:05,assertive
1481,which is an awfully long wait,assertive
1482,b... book me on that then,assertive
1483,can you give me that again,interrogative
1484,it's United flight twent... uh 1 2 6 out of San Francisco at 10 a m,assertive
1485,and arrives Chicago at 3:58,assertive
1486,and then connecting to a United flight 6 8 6 out of Chicago at 4:40,assertive
1487,arriving Southbend at 5:24,assertive
1488,and then a return for you,interrogative
1489,a return,interrogative
1490,i'm leaving August 9,assertive
1491,back to San Francisco,interrogative
1492,but from Chicago,assertive
1494,you're going to get your own way between  Southbend and Chicago,interrogative
1495,and when did you want to leave Chicago,interrogative
1496,i want to leave uh Chicago somewhere around 5 p m,imperative
1497,United also,assertive
1498,there's a   4:50 p m,assertive
1499,that sounds  good,assertive
1500,and a 5:59,assertive
1501,4:50 sounds good,assertive
1502,that's United flight 1 7 5,assertive
1503,it leaves 4:50 p m and arrives San Francisco at 7:08 p m,assertive
1504,did you need any hotels for this,interrogative
1505,i don't need any hotels,assertive
1506,i'm i'm all set  on everything,assertive
1507,do you need  a car,interrogative
1508,i'll i'll,imperative
1509,i need a car in,assertive
1510,i'll i'll worry about the car in Southbend myself,imperative
1511,do you have my frequent flyer number,interrogative
1512,and what about United Express 2 6 8 6,interrogative
1513,i'm i'm all set on that one,imperative
1514,you're confirmed on that one,assertive
1515,just one more thing,assertive
1516,if i happen to miss a flight,assertive
1517,is there a later one going into Southbend or am i screwed,interrogative
1518,the next later flight's American at 5:20,assertive
1519,but  then,assertive
1520,there's a United at 6:26,assertive
1521,so there are options,interrogative
1522,i'm all set then,assertive
1524,i'll have the ticket's over to you today,imperative
1525,i don't need the tickets today,assertive
1527,i'll go ahead and run them generally,imperative
1528,she'll call you,assertive
1529,if you don't want to pick them up right away,assertive
1531,thank you much,assertive
1534,may i speak to MMM please,interrogative
1535,hello,assertive
1537,it's A with American Express Travel,assertive
1538,i need to make some reservations for two people,assertive
1539,is it going to be for domestic travel,interrogative
1541,who is the first traveller going to be,interrogative
1542,CCC DDD,assertive
1543,let me pull up the profile for him,assertive
1544,we don't have a profile for him,assertive
1545,he must uh,assertive
1546,is he a new traveller or,interrogative
1547,he's travelled before,assertive
1548,but he is not one of the regulars,assertive
1549,so that might be,assertive
1550,he hasn't he hasn't filled out the form probably in any case,assertive
1551,they're available in the travel office if he does want to fill one out,assertive
1552,i need his employee number please,assertive
1553,and the charge number for the trip,interrogative
1554,and his travel advance number,interrogative
1555,and let's see,assertive
1556,what is the date of travel going to be,interrogative
1557,July 12th,assertive
1558,from where to where,interrogative
1559,he's going to go San Francisco to Newark,assertive
1560,and he would like to arrive in Newark around 6 o'clock at night,assertive
1561,and he would request an United flight,assertive
1562,the closest thing i have to arriving at that time would be a flight leaving at 8:20 from San Francisco,assertive
1563,arrival time in Newark would be 4:43,assertive
1565,United would have a flight arriving at 8:51,assertive
1566,that sounds just fine,assertive
1567,the 8:20 flight,assertive
1568,the 8:20 a m,assertive
1569,and that would be non-stop,assertive
1571,would he be continuing on or returning home,interrogative
1572,we're just going to leave it with an open return,imperative
1573,so we're not going to make a resevation,interrogative
1574,or you want me to ticket something with an open ticket,interrogative
1575,please give him the ticket,assertive
1576,and that way,assertive
1577,all he has to do when he gets back to Newark is to have them plunk in a number,assertive
1578,and does he have a specific um an approximate date i should put in here,interrogative
1579,it could be anywhere from 2 to 4 weeks,assertive
1581,why don't i say um,interrogative
1582,just give him a full fare coach and don't worry about it,assertive
1583,we just have to put in um a um a fake fake date in there so it reads it,assertive
1584,then let me give you the round trip fare for that,assertive
1585,it's 1076 is the lowest fare that we could confirm,assertive
1586,it's a non-penalty fare of course,assertive
1587,sounds pretty good,assertive
1588,i think the last time the guy told him it was almost 12 hundred,assertive
1590,that's uh that's fairly uh fairly low in fact,assertive
1591,the outbound flight is pricing at a discounted fare without um without any penalty,assertive
1592,so that's probably why it's so  so low,assertive
1593,and let me get him his seat assignments,assertive
1594,what type would he prefer for United the flight out,interrogative
1595,i think,assertive
1596,can we hold off the seat assignments for about a half an hour,interrogative
1597,and i'll get hold of him,imperative
1598,cos i  normally,assertive
1599,that's no problem,assertive
1600,does he,interrogative
1601,and we have to do one more,assertive
1602,did you get a hotel or information or anything like that,interrogative
1603,and they don't need a car either,assertive
1604,let me put in um that we don't need that,assertive
1605,when do you want the tickets issued,interrogative
1606,that's not a,assertive
1607,problem for us,assertive
1608,i'm just confirming his fare right now,assertive
1609,and then we'll go to the next one,imperative
1610,who's the other traveller going to be,interrogative
1611,he's one of our machinists,assertive
1612,so i know you don't have a profile on him,assertive
1613,GGG HHH,assertive
1615,and his employee number,assertive
1616,same charge number,interrogative
1618,are you,interrogative
1620,and it's going to be the same,assertive
1621,the same itinerary,imperative
1622,and also uh open return,interrogative
1623,he has asked if it wouldn't be any problem if he can have a Newark to Los Angeles open return,assertive
1625,i'll go ahead and issue that,imperative
1626,that round trip um so to speak round trip with open return is 1055,assertive
1627,so it's lower to go to LA i guess,assertive
1628,wow,exclamatory
1629,and that's again non-penalty,assertive
1630,and everything is confirmed for that,assertive
1631,do you have his seating request by any chance,interrogative
1632,i will call him right now,assertive
1633,and no hotel no car,imperative
1634,can i put you on hold for just a sec,interrogative
1636,it's a good thing i checked with him,assertive
1637,he has changed his plans,assertive
1639,open return,assertive
1640,should be San F... to San Francisco not LA,assertive
1641,he thinks a smoking window would be great,assertive
1642,smoking window,assertive
1643,i'll go ahead,imperative
1644,let me request that on uh United flight 12,assertive
1645,and CCC DDD   would like a smoking aisle,assertive
1646,is there any chance we can get the two of them together,interrogative
1647,let me take a look and see what we've got,assertive
1648,looks like the best i could do would be um only two aisles,assertive
1649,there's no windows in n... smoking available,assertive
1650,i could put them in one seat in front of the other,assertive
1651,or i could put them in uh two aisles with a middle seat between them in the central section of the p... of the flight,assertive
1652,cos the the two seats,assertive
1653,and there are three seats in the center of the plane and then two seats again,assertive
1654,and within the three seat section,assertive
1655,i could put them both on an aisle seat,assertive
1656,and there'd be a middle seat that's empty between them right now,assertive
1657,hang on just a sec,assertive
1659,this is tough isn't it,interrogative
1660,there's unfortunately there are no um aisles across from each other this way,assertive
1661,they would just have be in the middle section there,assertive
1662,i can't guarantee that no one will be sitting between them,assertive
1663,but middle seats are usually the last last seats to be assigned,assertive
1664,can can we go to the center section of three seats and get them two side by side,interrogative
1665,one will  be in the middle ok,imperative
1666,one on the aisle,assertive
1667,i'll do that,imperative
1668,then i'll put them in 30 C and 30 or er 30 D,imperative
1670,everything's set,assertive
1671,and um NNN will give you a call on Monday when they're both uh ready to be picked up,assertive
1679,i'd like to purchase a ticket for the journey from Euston to Liverpool Lime Street,imperative
1681,credit card,assertive
1683,1,assertive
1685,6th of October,assertive
1686,and what time would you like to depart from Euston,interrogative
1687,8 o'clock,assertive
1688,in the morning or  evening,interrogative
1689,in the morning,assertive
1691,the same day,assertive
1692,at quarter to 7,assertive
1693,6:45,assertive
1695,and is it standard class,interrogative
1696,do you hold a current railcard,interrogative
1697,we don't,assertive
1698,i'm just going to check to see what's your cheapest fare available  to you,imperative
1699,that 7 o'clock train doesn't have  any of the 19 pounds Virgin Value fares  for Super Advance,assertive
1700,the cheapest fare that i can offer you going out at that time and returning at 6:45,assertive
1702,you could,assertive
1703,you can book the Virgin Value Business,assertive
1704,which is 75 pounds return,assertive
1705,you must stick to the outward train,assertive
1706,but if you re... miss the train on the return journey,assertive
1707,you can get the next available  one,assertive
1709,that's great,assertive
1712,we'll go for that one then,imperative
1713,i'll provisionally book you on the one returning,imperative
1714,but i have to book you on the one going  out,assertive
1716,the one going out is especially the one we want to be on,imperative
1717,so coming back,assertive
1718,it's not so important,assertive
1719,so that's great,assertive
1722,it's the 6th of October,assertive
1723,travelling from London Euston at 7 p m in the morning,assertive
1724,arriving in Liverpool Lime Street at 10:50,assertive
1725,returning that day,assertive
1726,just  booking your seat again,assertive
1727,at 14:45,assertive
1728,arriving at 17:35,assertive
1729,correct,assertive
1730,remembering,assertive
1731,with that ticket,assertive
1732,if you miss that service,assertive
1735,with the Virgin Value Business,assertive
1737,then it's a full refund less 5 pounds admin charge,assertive
1739,and the surname of the credit card holder,interrogative
1740,that's  double,assertive
1741,and the initial,interrogative
1742,and the title,interrogative
1743,it's a company,assertive
1745,i'll give you the company name shall i,interrogative
1746,title,assertive
1747,is it a Miss Mrs,interrogative
1751,ha ha,exclamatory
1752,i'm  sorry,assertive
1753,and  the contact telephone number,interrogative
1754,0 1 0 6 1,assertive
1755,6 7 3,assertive
1756,7 hundred,assertive
1757,the postcode to where the credit card is registered to,interrogative
1758,Management,assertive
1759,have you got your postcode first of all,interrogative
1761,sorry,assertive
1762,14,assertive
1766,the name of the business is,interrogative
1767,for,interrogative
1771,and the next line,interrogative
1772,it's the address is the next bit,assertive
1773,14 to 15,assertive
1774,and it's,assertive
1775,i'll spell it to you,imperative
1776,it's        Retpot Close,assertive
1777,Basildon,assertive
1778,Essex,interrogative
1779,and what type of credit card,interrogative
1780,it's er a Visa,assertive
1782,it it's 1 2 7 0,assertive
1783,1 2 7 0,assertive
1784,1 7 7 0,assertive
1786,0 5 3 8,assertive
1788,7 1 7 1,assertive
1791,5 99,assertive
1792,75 pounds will be debited  from that account,assertive
1793,and this is the reference number the tickets have been booked under,assertive
1794,it's 1 7 1,assertive
1795,1 7 1,assertive
1797,the number 1,assertive
1798,for,assertive
1799,the number 2,assertive
1800,and the ticket will be posted out in the first class post this afternoon,assertive
1804,that's lovely then,assertive
1805,thank you very much for your help,assertive
1807,bye  bye then,assertive
1813,Manchester Picadilly to Birmingham 9 am,assertive
1817,i am travelling on,assertive
1818,let me get this right,assertive
1819,cos i mucked up the last one i did,assertive
1820,October the 15th,assertive
1821,October the 15th,interrogative
1822,which is a Thursday,assertive
1824,it is just for 1,assertive
1825,and what time would you like to depart,interrogative
1826,i'd like to get to Birmingham 9 am or as close to 9 o'clock either side of it as i can,imperative
1828,i've just had a thought,assertive
1829,i'm going to have to phone you back,imperative
1830,there might be two of us,assertive
1831,i'm sorry about that,assertive
1832,call us back when you're ready,assertive
1836,Virgin trainlines,assertive
1839,i'd like to go from Preston to London,imperative
1842,and do you have a railcard at all,interrogative
1843,i don't,assertive
1844,and how many people are travelling,interrogative
1845,just one,assertive
1846,and what date would you like to travel,interrogative
1847,next er next Friday,assertive
1848,wha... er,assertive
1849,the 9th,interrogative
1850,the 9th,assertive
1851,of October,interrogative
1852,of October,assertive
1853,travelling from Preston at what time,interrogative
1854,i'd like to arrive in er London at hal... around half past seven if possible,imperative
1855,i don't know the  time,assertive
1856,in  the evening,interrogative
1857,in  the evening,assertive
1858,there's a train from Preston at 16:31,assertive
1859,arriving at 19:48,assertive
1860,or the one before that,assertive
1861,16:20,assertive
1862,arriving 18:51,assertive
1863,at 16:20,assertive
1864,arriv... arriving at 18,assertive
1865,18:51,assertive
1866,i'll have this one then,imperative
1867,the 16:20,interrogative
1868,and when would you like to return,interrogative
1869,on er well...,assertive
1870,when's the last train on the Sunday,interrogative
1871,Sunday the 11th,interrogative
1872,the last train in the evening is the 20:35,assertive
1873,arriving at 23:35,assertive
1874,that's good,assertive
1875,i'm just going to check to see what's your cheapest fare available to you,imperative
1876,on that outward service on the 16:20,assertive
1877,there's not an advance purchase tickets available now,assertive
1878,they have been booked up,assertive
1880,to get an advance purchase ticket,assertive
1881,you would need to get the 16:31,assertive
1882,hey,assertive
1883,i was wondering if you could handle some some reservations for me,interrogative
1884,i it's it's um for my own my own flight,assertive
1885,i want to fly from San Francisco to Syracuse New York,imperative
1889,this is B B,interrogative
1891,and you want to travel ag... again on what day now,interrogative
1892,it depends on on when the flights are,assertive
1893,i i i could leave late Friday after work,assertive
1894,on the 8th of September,assertive
1895,and if that doesn't work out,assertive
1896,then i i could go the morning of the 9th of September,assertive
1897,we're going San Francisco to Syracuse,imperative
1898,it's just going to be a simple round trip,interrogative
1899,and you want the lowest fare available,interrogative
1900,that's that's really what i'm i'm after,assertive
1901,and do you have a preference as to airlines,interrogative
1902,it's going to be wide open on all of them at th... this far in advance,assertive
1905,i know Delta airlines flies to Rochester,assertive
1906,but i don't think it goes to Syracuse,assertive
1907,i like Delta airlines,assertive
1908,outside of that,assertive
1909,i... it's American US Air i think are our,assertive
1910,they have a lot of flights too,assertive
1911,you're looking at something that's going to be uh after work on Friday,interrogative
1912,the last flight out is going to be at 1:47 p m on TWA,assertive
1913,in terms of something,assertive
1914,that will get you there the same day,assertive
1915,that would get in at just about midnight,assertive
1916,after that,assertive
1917,it becomes red eye flights,assertive
1918,i don't know if i want to want to to do a red eye,imperative
1919,why don't we look at uh Saturday morning,interrogative
1920,Saturday morning,interrogative
1921,and how early would you like to get to the airport,interrogative
1922,we have flights starting at 6:15 a m,assertive
1923,oh um,exclamatory
1924,that would get you there at 4 o'clock,assertive
1925,4 o'clock,assertive
1926,and it's 6:15 a m,interrogative
1927,that early,assertive
1928,and what's what's the next one,interrogative
1929,then we have one at 6:40 a m which would get you there at 4:36,assertive
1930,couple right around that time period,assertive
1931,and then it jumps to 7:40 a m,assertive
1932,getting you there at 5:11,assertive
1933,why don't why don't we take the7:40 flight,interrogative
1934,which which carrier is that,interrogative
1935,that is US Air,assertive
1936,is it uh non-stop or,interrogative
1937,all of these are going to be connecting flights,assertive
1938,through Pittsburg,interrogative
1939,this particular one connects through Cleveland,assertive
1940,and returning on what date,interrogative
1941,on uh Sunday the 17th of September,assertive
1942,and morning or afternoon,interrogative
1943,early morning,assertive
1944,US Air flight has a flight at 7:55 a m,assertive
1945,connecting through Pittsburg,assertive
1946,it gets you back into San Francisco at 11:53 a m,assertive
1947,and that's through Pittsburg,interrogative
1948,we're getting a fare here of 398 dollars round trip,assertive
1949,has a hundred percent penalty on it,assertive
1950,no changes once the uh ticket is issued,assertive
1951,it is telling us that it has to be ticketed within 24 hours of making the reservation,assertive
1952,that means tomorrow,assertive
1953,if you want to keep this reservation,assertive
1954,we have you on US Air flight 1 1 6,assertive
1955,on the 9th of September out of San Francisco at 7:40 a m,assertive
1956,into Cleveland at 3:19 p m,assertive
1957,you're connecting there with US Air flight 5 9 3,assertive
1958,leaving,assertive
1959,5  5 9 3,interrogative
1960,leaving Cleveland,interrogative
1961,leaving Cleveland at 4:10 p m,assertive
1962,and getting into Syracuse at 5:11 p m,assertive
1963,we have you returning on the 17th of September on US Air flight 5 0 7,assertive
1964,out of Syracuse at 7:55 a m,assertive
1965,into Pittsburg at 9:05 a m,assertive
1966,connecting to US Air flight 3 0 1,assertive
1967,leaving Pittsburg at 9:55 a m,assertive
1968,and getting into San Francisco at 11:53 a m,assertive
1969,fare on this is 398 dollars,assertive
1970,it is totally non-refundable,assertive
1971,i think we're all set right,imperative
1979,Warrington to London tomorrow morning on the 8:44,assertive
1980,is it yourself that is the credit card holder,interrogative
1982,the person i'm booking for does,assertive
1983,and does the person have a railcard who's travelling,interrogative
1984,i've already spoken to somebody earlier,assertive
1985,he has a a family railcard,assertive
1987,5 adults and 4 children,assertive
1988,pay 46 pound 50,assertive
1989,the rest of the adults pay 30 pounds 70,assertive
1990,and it's  pound per child,assertive
1991,is that right,interrogative
1992,what time tomorrow,interrogative
1993,you said 8:44,interrogative
1994,arriving at 11:15,assertive
1995,i'm going to have to arrange for the person to collect the tickets at the train station,imperative
1997,i'm just going to get a booking form to fill in refax to the train station,imperative
1999,when is it they're returning,interrogative
2001,Sunday,assertive
2002,on the 15:35,assertive
2003,what time was Sunday,interrogative
2004,15:35,assertive
2005,and that's Sunday the 4th,interrogative
2006,the 15:35 on Sunday from Euston arrives back in Warrington Bank Quay at 18:03,assertive
2007,18:03,assertive
2008,then the outward service tomorrow in 8:34 arrives at London 11:15,assertive
2009,it's 4 adults and 4 children on 6 family railcard,interrogative
2010,5 adults 4 children,assertive
2011,you can only get up to 4 adults on a family card,assertive
2012,but then there's the  said  46 pound 50,assertive
2014,they  the 4  the 5 adults,assertive
2015,4 of them will go on the railcard,assertive
2016,one'll have to pay a normal fare,assertive
2017,46  pounds 50,assertive
2018,it's 4 adults and 4 children with the family railcard discount,assertive
2019,and the total cost is going to be 155 pounds for the four adults and four children,assertive
2020,and then i'll book the one,imperative
2021,the other adult,assertive
2023,we need to actually fill out the form twice because it's classed as two separate journeys  with it being 1 with a railcard,assertive
2024,1 family railcard and 1 without,assertive
2025,just bear with me,assertive
2027,the surname of the credit card holder,interrogative
2033,and it's Mr  who's collecting the tickets tomorrow yeah,interrogative
2035,the railcard,interrogative
2036,the credit card,assertive
2037,it's a Diner's card,assertive
2038,postcode i don't know,assertive
2039,i need the full credit card address,assertive
2040,hold on a second,assertive
2041,hello,interrogative
2043,the only thing i've got is his number,assertive
2044,i don't have an address,assertive
2045,but we do need the credit card address details,assertive
2046,we  can't take a booking without it,assertive
2048,it's i've got it,assertive
2049,it's American Express,assertive
2050,i'm afraid i can't take the booking until you find the appropriate address,assertive
2051,do you not know the person who you're booking the travel for,interrogative
2053,do you not know where the bill and address is the bill's sent to,interrogative
2054,is he there just now,interrogative
2055,he's not,assertive
2056,he's in a meeting,assertive
2057,i'm afraid you... we're going to have to wait until he comes out of the meeting then and give the ring back to book this  ticket,imperative
2058,is it,interrogative
2059,you just need the credit card's address,interrogative
2060,we need the full credit card details address,assertive
2061,the full address plus the postcode,assertive
2062,if you hold on,assertive
2063,i can get it off anoth ... another person  who has it,assertive
2065,can i can i take your name and ring you back,interrogative
2066,Express,assertive
2068,i'm BB CC,assertive
2070,EE FF would like to book those tickets for th... coming in this Thursday,assertive
2071,go ahead with that,imperative
2075,we didn't need a TA,assertive
2077,that was somebody else,assertive
2078,he's going on personal travel,assertive
2079,i thought we needed a travel advance from you,assertive
2080,and i'm still,assertive
2081,it's been a busy  morning,assertive
2082,trying to find out on that other for GGG,assertive
2091,Preston to Rugby,assertive
2092,do you hold a current credit or debit or credit card,interrogative
2096,and what date you'd like to travel out on,interrogative
2097,Friday the 9th of October,assertive
2098,departing Preston at what time,interrogative
2099,14:19,assertive
2100,and when is you like to return,interrogative
2101,leaving erm  er Rugby 20:30 er 18:45 on Sunday the 11th,assertive
2102,what i'm going to do is i'm going to check to see what's the cheapest fare available  for the dates and times specified,imperative
2104,all the tickets on the 14:19 for advance purchase have now been booked up,assertive
2105,they're no longer available,assertive
2106,what about the 15:20,interrogative
2107,the 15:20 is the same,assertive
2108,it'll either have to either be the 13:20 departing Preston or the 16:31,assertive
2109,what's the cost for that  that advance booking reduction,interrogative
2110,39 pounds 50,assertive
2111,return,interrogative
2113,it's the 14:19 from Preston,assertive
2114,arriving Rugby at 16:05,assertive
2115,that's on the 9th of October,assertive
2116,returning the 11th of October 18:45 from Rugby,assertive
2117,arriving in Preston at 20:33,assertive
2119,would you like smoking or non-smoking,interrogative
2120,non-smoking,assertive
2121,do you have any seat preference,interrogative
2122,the dates times and seat numbers are printed on the tickets for you,assertive
2123,if you miss any services that i have reserved you on,assertive
2124,you are able to get the next available service,assertive
2125,and if you have to cancel this ticket,assertive
2126,it's a full refund less five pounds,assertive
2129,and your contact telephone number please,assertive
2130,0 1 double 4 8,assertive
2131,3 3 4,assertive
2132,8 double 0,assertive
2136,Bridge Cottage,assertive
2137,probably  Road,assertive
2138,that's where the ticket will be posted out to,assertive
2139,and what type of credit card is that do you hold,interrogative
2140,i'm looking at a Switch card,assertive
2141,or do you need a credit card,interrogative
2142,Switch is fine,assertive
2143,the long number across the switch card,interrogative
2144,7 4 4,assertive
2146,0 8 4,assertive
2148,4 4 8 4,assertive
2150,8 8 4 8,assertive
2152,0 2 7 0,assertive
2154,and the issue number,interrogative
2157,7 2000,assertive
2158,can you repeat that long number across your card,interrogative
2159,it's not been recognised,assertive
2170,the issue number is 8,interrogative
2171,and it's 07 zero zero,interrogative
2172,39 pounds 50 will be debited from that account,assertive
2173,and this is the reference number your tickets have been booked under,assertive
2174,it's  for   for,assertive
2175,for   for  the number's 4  for,assertive
2178,and the tickets will go out in the first class post tomorrow morning to you,assertive
2189,how can i help you,interrogative
2190,Doctor D spelled D like in  is interested in the cost of a flight on Delta airlines on July 14th which is a Friday,assertive
2191,and he needs to leave early in the morning,assertive
2192,and he doesn't know a flight number or a time,assertive
2193,where's he going from to,interrogative
2194,he's going from San Francisco to Tampa's um Saint Pete's,assertive
2195,Delta has a flight at 7:05 a m,assertive
2196,that connects through Dallas,assertive
2197,that would get him in to Tampa at 4:35 p m,assertive
2198,at 4:35,interrogative
2199,and they have another flight at 8:25 a m that connects through Atlanta which would get in at 6:10,assertive
2200,fare is gonna be a lot higher for that one,assertive
2201,which one,interrogative
2202,the  the,assertive
2203,for the 8  25 a m departure,assertive
2205,never mind then,assertive
2206,cos we're looking for the cheapest way,assertive
2207,what day's he returning,interrogative
2208,the 16th,assertive
2209,that's a Sunday,assertive
2210,and about what time on the 16th,interrogative
2211,and he said around 6 p m,assertive
2212,doing a little pricing now,assertive
2213,i'll take just a second longer,assertive
2214,you said by the lowest fare available you,imperative
2215,we are talking like a non-refundable fare correct,interrogative
2216,that would be uh something in the range of 400 to 410 round trip,assertive
2217,410 round trip,interrogative
2218,i want to ask you something else,imperative
2219,to tell you for the times on that,assertive
2220,keeping him on Delta coming back,assertive
2221,i'd have to keep him for that kind of fare,assertive
2222,i would have to keep him on the same fl... airline coming back as i sent him out on,assertive
2223,te... uh Delta,assertive
2224,their last flight would be at 4:35 p m,assertive
2225,in co... connecting through Dallas would get in at 8:40,assertive
2226,there are later flights,assertive
2227,but not on Delta,assertive
2228,he got some information from this conference he's going to,assertive
2229,and they have said that uh they they recommended somebody down in Saint Petersburg Beach,assertive
2230,calling somebody down there to get a forty percent off a a domestic round trip coach fare,assertive
2231,just to let you know what the coach fare is there,assertive
2232,one second,assertive
2233,normally the conference rates do offer some discount like that,assertive
2234,but it's not as usually as good as taking the uh the penalty fare,assertive
2235,coach fare is 1060 dollars,assertive
2236,mmm,exclamatory
2237,60 percent of that would be,interrogative
2238,636 dollars,assertive
2240,and it i they also included here a Delta file code number,assertive
2241,we we can use that if you want to go ahead for the conference rate,assertive
2242,we can,imperative
2243,i i would need that code number to apply for that conference rate,assertive
2244,but then that's 200 dollars more than this non-refundable,assertive
2245,it is true,assertive
2246,there is no penalty attached to the conference rate,assertive
2247,whereas th... this non-refundable is non-refundable,assertive
2248,but if it's,assertive
2249,it is 200 dollars more,assertive
2250,if he can uh go with the penalty,assertive
2251,he's going to come out ahead with the um the non-conference rate,assertive
2252,but i could i could still give you this Delta file code number and and i could do it through you instead of having to deal with these people down in Saint Petersburg Beach,assertive
2253,that is correct,assertive
2254,i'm going to throw this past him,imperative
2255,and i'll get back to you later today,imperative
2262,from Nuneaton to Euston,assertive
2263,and  is it yourself as is a credit and debit card holder,interrogative
2265,and do you have a current railcard,interrogative
2267,just myself,assertive
2268,and what date would you like to travel out,interrogative
2269,tomorrow  please,assertive
2270,if you just bear with me a moment,assertive
2271,travelling at what time tomorrow from Nuneaton,interrogative
2273,i'm unfortunately i haven't got a copy of the a current copy of the timetable with me,assertive
2274,i know there used to be one about quarter to about 7 o'clock,assertive
2275,is there,interrogative
2276,in the morning,interrogative
2277,just check that for you,assertive
2278,7:13,assertive
2279,arriving at 8:30,interrogative
2281,it will be later that day,assertive
2282,but i don't know the precise time,assertive
2283,so you prefer to leave that open,interrogative
2286,you'll be able to get the Virgin Value Business at 45 pounds,assertive
2288,you must travel out on the time specified,assertive
2289,but you're able to return on any train of your choice,assertive
2292,and is there any seat preference,interrogative
2293,sort of facing or with my back to the direction of movement,assertive
2294,i'm just going to reserve your seat just now,imperative
2295,you'll be travelling in coach  as in,assertive
2296,seat number 33,assertive
2297,and that's a forward facing seat in non-smoking,assertive
2298,and that,assertive
2300,you  haven't got a you haven't got a rear facing,interrogative
2301,you want backward travel,interrogative
2302,rear facing if you have it please,assertive
2303,it's coach  for,assertive
2304,seat number 15,assertive
2305,and that's backward travel,assertive
2306,that's travelling tomorrow from Nuneaton to Euston on the 7:13 train in the morning,assertive
2307,and to return at any time,assertive
2308,and your surname,interrogative
2311,it's a corporate,assertive
2312,do you take accept American Express,interrogative
2313,you do,assertive
2314,company corporate,assertive
2315,the postcode,interrogative
2316,of the company,interrogative
2317,or do you have the full address,interrogative
2318,the the er,assertive
2319,just a moment,assertive
2320,i've got,assertive
2321,i can give you a registered address if you just hold on a second,assertive
2322,it's erm Fanshawe Cottage,assertive
2323,that's if just want the postcode or,assertive
2324,give me the postcode first of all,assertive
2325,9 4,assertive
2329,and then it's,interrogative
2331,it's what,interrogative
2332,company name is,assertive
2333,and just confirm the rest of the address please,assertive
2334,Fanshawe Cottage,assertive
2335,Drive,assertive
2336,Redwich,assertive
2337,your contact telephone number,interrogative
2338,0 1 9 4 4,assertive
2339,4 8 4 4 2 9,assertive
2340,it's a full refund if you have to cancel this ticket,assertive
2341,less five pounds,assertive
2342,and could you give me the long number across your credit card,interrogative
2343,8 4 9 7,assertive
2345,9 8 4,assertive
2347,4 4 4,assertive
2349,7 1 4,assertive
2351,7 8,assertive
2354,2 7,assertive
2356,2 2,assertive
2357,2 7 2 2,assertive
2358,this is your reference number to quote tomorrow at the booking office,assertive
2359,you need to take your credit card with you as well,assertive
2360,and it's 4 4 2 1,assertive
2361,1 1 4 8,assertive
2362,and   for,assertive
2363,4 4 2 1,assertive
2374,this is for B C's trip,assertive
2377,and this is for his trip on uh September September to uh Frankfurt Germany,assertive
2378,she said it had to be ticketed today for the 100 1124 dollar flight,assertive
2379,and he still is wait-listed for that Lufthansa flight,assertive
2380,she said that if we don't ticket,assertive
2381,if we do ticket the 1 1 2 4 today  and that Lufthansa flight comes up you know la...  later,assertive
2382,and the... then we have to cancel that first fare,assertive
2383,there's a 100 dollar fine,assertive
2384,and p... penalty,assertive
2385,plus uh we pay for the going rate,assertive
2386,if ther... if it's going to be a higher rate,assertive
2387,it's going to be a higher rate,assertive
2388,if we wait and the Lufthansa flight does come up,assertive
2389,what rate do we get,interrogative
2390,that 11 24 or something close to that,interrogative
2391,i don't know,assertive
2392,we can't predict what a fare is going to be,assertive
2393,if a fare if the computer's telling us that it's going to go higher,assertive
2394,we really can't tell you what it's going to go up to,assertive
2396,for that Lufthansa flight,assertive
2397,it doesn't tell us what it's going to be tomorrow,assertive
2399,all  it's saying is the 1 1 2 4 will expire today,assertive
2401,possibly that would help me out a little bit,assertive
2402,the rules for,assertive
2403,for the um the fare quote from San Francisco to Frankfurt on the TWA flight that he's on,assertive
2404,i'm trying to see if that's the one,imperative
2405,it looks like that might be the one that's holding whatever penalty,assertive
2406,let me take a look at it,assertive
2407,that one,assertive
2408,it's from Saint Louis right,interrogative
2409,that's the one that's holding the the 100 dollar penalty  and the 14 day advance purchase,assertive
2410,she told me that,assertive
2411,ut dut dut dut dut dut duh,assertive
2412,it says ticket may be issued on or after,assertive
2413,that looks like that's what it's um that's what it's holding is that,assertive
2414,but i don't know what um,interrogative
2415,lemme look at the return and see if that might have something to do with it,assertive
2416,he's coming back on Lufthansa,assertive
2417,i see that,assertive
2418,let's see what Lufthansa's fare quote says,assertive
2419,you know what,interrogative
2420,A,assertive
2421,i was wondering,assertive
2422,since we had uh we wait-listed on the Lufthansa,assertive
2423,when it does list,assertive
2424,when they list it there,assertive
2425,it is available,interrogative
2426,why can't he get that 11 24 whatever round trip,interrogative
2427,or it was maybe like 11 30 or something,assertive
2428,you mean if the if the the uh wait list clears,interrogative
2429,we don't have any guarantee that it will clear,assertive
2430,i really don't know what uh what to tell you,assertive
2431,i think that'll,assertive
2432,i think the best thing to do is just ta... ge... go one way on that other one to guarantee his flight,assertive
2433,of 11 24,assertive
2443,from Euston to Manchester Picadilly please,assertive
2447,just the 1,assertive
2449,tomorrow the 2nd,assertive
2450,and  i'm going to arrange for you to collect your tickets from the train station tomorrow,imperative
2451,from Euston,assertive
2452,what time do you like to depart,interrogative
2453,5 to 8,assertive
2455,7:55,assertive
2457,tomorrow as well,assertive
2458,the 7:55    arrives at 10:30,assertive
2460,the cheapest fare that i can offer you at that time is the Virgin Value Business at 75 pounds,assertive
2462,you must go out on the 7:55 in the morning,assertive
2463,if i provisionally book you on a return service,assertive
2464,if you miss that,assertive
2465,you're able to get the next available service,assertive
2466,or you don't need to book a return,assertive
2467,you can leave that open,assertive
2468,leave it open,assertive
2469,would you like smoking or non-smoking on your outward service,interrogative
2471,is there any seat preference,interrogative
2472,not really,assertive
2473,if you have to cancel your ticket,assertive
2475,and like i said,assertive
2476,if you have to,assertive
2477,you've got to travel out on the 7:55 tomorrow,assertive
2478,but you can come back at any time that suits yourself,assertive
2479,and  going to arrange for you to collect your tickets from the train station,assertive
2480,you said yourself it's a credit card holder,interrogative
2481,your surname,interrogative
2482,it's erm,assertive
2483,it's erm a college card,assertive
2484,it has to be the credit card holder that collects the tickets from the train station,assertive
2485,i can't do that,assertive
2486,so  you'll have to not,assertive
2487,you'll have to em  cancel it then,assertive
2488,is it a private card or a business card,interrogative
2489,private,assertive
2490,it has to be the the person who collects the tickets that signs for,assertive
2491,the cre... credit card holder has to sign for them,assertive
2499,this is uh B,assertive
2500,i need to make some reservations,assertive
2501,i need to make uh reservations,assertive
2502,and all i know at this uh time is my flight out uh departing on Monday,assertive
2503,what do you need first,interrogative
2504,let me let me pull up your  profile first,assertive
2505,and the date that we know we're booking is on what day,interrogative
2506,it's Monday the 20th,assertive
2507,and that's flying to what city,interrogative
2508,to Newark,assertive
2509,United flight number 12,assertive
2510,and i'd like first class if it's available,assertive
2511,i'm gonna use an upgrade coupon which is coming Federal Express tomorrow or Wednesday,imperative
2512,that's the 19th,assertive
2514,that's on the 19th,imperative
2516,i thought Monday was the 20th,assertive
2517,do know wha... which award um,imperative
2518,it's uh a regular um mileage plus upgrade where you use the miles you've accumulated,assertive
2519,so it's good for booking first class,assertive
2520,all i have to do is give you the coupon,assertive
2521,it's it's uh the number one priority type of uh,assertive
2522,and is it for one way  or round trip or per  segment,interrogative
2523,it's round  trip,assertive
2524,but if i only use it one way,assertive
2525,it doesn't matter,assertive
2526,it's a ro... round trip,assertive
2527,i have to forfeit the rest of it,assertive
2528,that's uh United flight 12 on the 12th of June,interrogative
2530,you said the 19th,interrogative
2531,19th,assertive
2533,i put 20th,assertive
2534,that's all right,assertive
2535,Monday isn't the best time,assertive
2536,it isn't,assertive
2537,that's United flight 12 on the 19th of June,interrogative
2538,departing San Francisco at 8:20 a m,interrogative
2539,arriving Newark at 4:43  p m,interrogative
2540,i'm not i'm still making uh reservations or er appointments for the rest of the week,assertive
2541,so i'll have to get back to you on the return,imperative
2550,it's from Edinburgh to Milton Keynes,assertive
2556,i'd like to travel,imperative
2557,return,assertive
2558,i'd like to travel out on Sunday the 4th of October,imperative
2559,because you're travelling this Sunday,assertive
2560,i'll need to arrange for you to collect the tickets from the train station,assertive
2561,what time would you like to depart Edinburgh at,interrogative
2562,is there one sort of er twoish,interrogative
2563,2,interrogative
2564,somewhere between 2 and 3,interrogative
2565,i'll just check that for you  now,imperative
2568,in the past,assertive
2569,when i've done this journey,assertive
2570,i think i i got a Super Advance or a Super Saver or something like that,assertive
2571,i can't remember,assertive
2572,i'm going to check availability once we've established train times,imperative
2573,i'll check that for you,imperative
2575,there's a train at 14:58 from Edinburgh,assertive
2576,you have to change at Wigan North Western,assertive
2577,and you arrive in Milton Keynes for 20:05,assertive
2578,that just with the one change,interrogative
2579,when i last did that,assertive
2580,i was i changed at Stafford,assertive
2581,and i think it's the same train,assertive
2582,just stops at lots of  stations,assertive
2583,is is there any particular  reason why it's Wigan rather than Stafford or Preston or all the other ones on the line,interrogative
2584,it's just been giving me the quickest change time  the system works out,assertive
2585,what mean then what,interrogative
2586,you can change at Preston before that,assertive
2587,but it's always change time between,assertive
2588,so you're not hanging around so much,assertive
2590,i guess the go... thing i was worrying about on the Sunday is i miss that,assertive
2591,cos there's there's your road m k... railway works and things,assertive
2592,i was a bit concerned that erm  i... if i miss that connection there's another one fairly soon after isn't there,interrogative
2594,at that time,assertive
2595,the Super Advance is fully booked up,assertive
2596,i'm just checking throughout the day when that is available,imperative
2597,you're saying i can't go on the 14:58 anyway,interrogative
2598,not on the Super Advance ticket,assertive
2599,the Super Advance is now fully booked up the entire day,assertive
2601,when is it you're in... was intending on returning,interrogative
2602,i was intending,assertive
2603,i'm going on Sunday,assertive
2604,there is a possibility i could do it on on Monday i suppose,assertive
2605,so i'd have to a full price ticket would i  for Sunday,interrogative
2606,if it's if you're not returning on a Friday,assertive
2607,it's 61 pounds 50,assertive
2608,if you're returning on a Friday,assertive
2609,it's si... 70 pounds 50,assertive
2610,that's going to be the cheapest fare to you,assertive
2611,for what,interrogative
2612,for  travelling out on Sunday,assertive
2613,it's sixty... sixty  if it is,interrogative
2614,61 pounds 50,assertive
2615,it's not return on a  Sunday,interrogative
2616,not return on a Friday,assertive
2617,on a Friday,assertive
2618,if you return on a Friday,assertive
2619,it's 70 pounds 50,assertive
2620,and these are walk-on tickets that we can keep it for you or you can buy at the train station before you board the train,assertive
2622,so these are open on both going and coming,interrogative
2623,i can get any any train i want,interrogative
2624,if you  don't want to specify a time,assertive
2625,then you can do so,assertive
2627,we... are these  these called,interrogative
2628,what sort of tickets are these ones called,interrogative
2629,the 61 pounds 50 is called a Super Saver,assertive
2630,and the 70 pounds 50 is called a Saver Return,assertive
2631,a Saver Return,assertive
2632,and how much did the super...,interrogative
2633,if i could have got a Super Advance or whatever it was,assertive
2634,how much would that cost,interrogative
2635,54 pounds return,assertive
2636,54 return,assertive
2637,so the other two,assertive
2638,there's there's no condi...,assertive
2639,apart from the travelling on a Friday,assertive
2640,there's no other conditions in terms of a...,assertive
2641,you don't have to book the the next leg in advance or anything like that do  you,interrogative
2642,you can leave the return journey open so you can return back within in a calendar month,assertive
2643,i probably need to think about that,assertive
2645,i really need,assertive
2646,i'll get back to that one,imperative
2655,B C again,assertive
2657,Mr C,assertive
2658,i uh wanted to check to see if it was possible to reput me back on that 2 2 9 flight,imperative
2659,i'm showing that flight as being sold out completely,imperative
2660,sold out completely,interrogative
2661,keep me where i am then,assertive
2666,Virgin Trainline,assertive
2669,it's from Birmingham to em London Euston please,assertive
2670,is that Birmingham New Street,interrogative
2672,a debit card,assertive
2673,do you have a rail card,interrogative
2677,the 8th of October,assertive
2678,departing at what time,interrogative
2679,i'd like to leave on the 7:33 train,imperative
2680,from Birmingham International,interrogative
2681,New Street,assertive
2682,Birmingham New Street,assertive
2683,there's the 7:33 from Birmingham New Street,assertive
2684,arriving at 9:05 in Euston,assertive
2686,same day,assertive
2687,on the em 17:15,assertive
2688,arriving at 18:51,interrogative
2690,if you can  just bear with me please,assertive
2692,and that's for the 8th of October,interrogative
2693,because of the time that you're travelling out  of Birmingham New Street,assertive
2694,there's not any advance purchase tickets left,assertive
2695,they've now been booked up,assertive
2696,and the cheapest way to do it is going to is,assertive
2697,cos it's the normal price is gonna be standard open return at 61 pounds 50,assertive
2698,but you reduce that slightly,assertive
2699,you'll be able to get the Standard Open Single at 33 pounds on your outward service,assertive
2700,then on the return,assertive
2701,as long as you're prepared to stick to the date and time,assertive
2702,you can get the Virgin Value Single at 7 pounds,assertive
2703,so that's going to save you 21 pounds 50 there,assertive
2705,i'll just gonna book,imperative
2706,we say it's a return journey,imperative
2707,but it's classed as two  Singles,assertive
2709,on the 8th October,assertive
2710,you're travelling from Birmingham New Street at 7:33,assertive
2711,arriving in Euston at 9:05,assertive
2713,non-smoking  please,assertive
2714,and  do you have any seat preference,interrogative
2715,facing the way the train's going if possible,assertive
2716,that's booked for you,assertive
2717,i'm booking from Euston to Birmingham New Street,imperative
2718,on the 8th again,assertive
2719,departing 17:15,interrogative
2720,and that's going to be the Virgin Value Single at 7 pounds,assertive
2721,i'm going to book you a forward facing seat again,imperative
2722,with the Standard Open Single,assertive
2723,if you miss the service i've reserved you on,assertive
2725,and it's a full refund less 5 pounds if you have to cancel,assertive
2726,but with the Virgin Value fare,assertive
2727,you must stick to the date and time that you book,assertive
2728,if you wanted to change the time of that travel,assertive
2729,you must do so by 6 o'clock the day before your outward journey,assertive
2730,and it's subject to availability and 5 pounds charge,assertive
2734,Doctor,assertive
2735,and your contact telephone number,interrogative
2736,0 1 1 1,assertive
2737,1 3 5,assertive
2738,1 3 1 8,assertive
2740,36  9,assertive
2741,it's  Avenue,assertive
2742,it's number 12,assertive
2743,12,assertive
2744,and  your credit card number,interrogative
2746,number 2 5 9,assertive
2747,2 5 9,assertive
2748,5 3 1,assertive
2750,1 5 1,assertive
2752,8 6 1,assertive
2754,9 1 1,assertive
2756,0 1 5,assertive
2761,November this year,assertive
2762,this is your reference number your tickets have been booked under,assertive
2763,it's  for   for    for   for,assertive
2764,for  the number 5   for   for,assertive
2765,and 40 pounds exactly's been debited from your debit card,assertive
2766,and the two tickets will be posted out first class to you this afternoon,assertive
2768,that's brilliant,assertive
2777,Birmingham to Euston,assertive
2779,and is it,interrogative
2781,debit card,assertive
2782,and  how many people's travelling,interrogative
2783,just 1,assertive
2784,do you have a railcard at all,interrogative
2786,and what,interrogative
2787,i... it's just a Single ticket,assertive
2789,10th,assertive
2790,Saturday the 10th,assertive
2791,i think it's the 10th anyway,assertive
2792,Saturday  the 10th,assertive
2794,what time would you like to depart from Birmingham New Street,interrogative
2795,do you have the times  in front of you,interrogative
2796,was it a morning or afternoon departure,interrogative
2797,probably afternoon,assertive
2798,the trains run at quarter past and quarter to the hour,assertive
2799,quarter past and quarter to the hour,assertive
2800,if i book a ticket,assertive
2801,does it have a specific time that i get on,interrogative
2802,purchase ticket,assertive
2804,the cheapest Single fare is 7 pounds,assertive
2805,and that's your Virgin Value Single,assertive
2806,but you've got to stick to the date and time that you book,assertive
2807,how many hours,interrogative
2808,how long's the journey,interrogative
2809,you're talking about,assertive
2810,it's about an hour and 3 quarters,assertive
2811,2 hours,assertive
2812,if erm  something around 1 o'clock  please,assertive
2813,1 o'clock,assertive
2814,there's a train at 13:15 from Birmingham New Street,assertive
2815,you arrive in London Euston at 15 hundred,assertive
2816,that sounds fine,assertive
2817,you want me to book that ticket  for you,interrogative
2819,and that's 7 pounds for your Single,assertive
2823,by the window please,assertive
2824,what do you mean,interrogative
2825,what is it,interrogative
2826,forward facing,interrogative
2827,forward facing,assertive
2829,it's the 10th of October,assertive
2830,Saturday,assertive
2831,you're travelling from Birmingham New Street at 13:15,assertive
2832,arriving London Euston at 15 hundred,assertive
2833,and you must stick to the date and the time that you've booked with this kind of ticket,assertive
2834,and your surname please,interrogative
2835,it's er,assertive
2840,for  and  for,assertive
2843,and your t...,assertive
2848,from Macclesfield to London Euston return,assertive
2850,do you have a rail card at all,interrogative
2852,two,assertive
2853,is that two adults,interrogative
2854,and what date is it you're departing,interrogative
2855,3rd of October,assertive
2856,Saturday,interrogative
2857,what time do you like to depart from Macclesfield,interrogative
2858,about 9 o'clock,assertive
2859,and when do you like to return,interrogative
2860,on  Monday the 5th of October,assertive
2861,at about midday,assertive
2862,the train going out on Saturday the trains run at 8 minutes to the hour,assertive
2863,so they're either 8 minutes to 9 or 8 minutes to 10,assertive
2864,but when would you prefer,interrogative
2865,8 minutes to 10,assertive
2866,9:52 departing Macclesfield,assertive
2867,arriving in London Euston at 12:17,assertive
2868,and that start at the 3rd of October,interrogative
2869,and i'm just going to check your return time,imperative
2870,that's on Monday the 5th of October,interrogative
2871,the trains run on the hour from Euston to Macclesfield,assertive
2872,could i er   2 o' clock,interrogative
2873,there's a train at 14 hundred from Euston,assertive
2874,arriving in Macclesfield at 16:03,assertive
2876,the cheapest fare for the dates and times specified is going to be your Super Advance Return at 30 pounds each,assertive
2877,30 pou...,assertive
2878,i've just been quoted 19 pounds,assertive
2879,the 19 pounds Virgin Value fare  not available until 15:52 in the afternoon on Saturday,assertive
2880,15:52,interrogative
2881,do you want me to book this ticket,interrogative
2882,do you want the 15:52 for the Virgin Value fare,interrogative
2883,we'll go for the er,imperative
2884,Super Advance at 30 pounds each,assertive
2885,what i'm going to have to do is arrange for you to collect your tickets from the train station,imperative
2886,if i ask you to be there for 60 minutes before departure time on the day of travel,assertive
2887,and you need to take your credit card with you,assertive
2890,and how do you spell that,interrogative
2892,your contact telephone number please,assertive
2893,it's 0 1 5 0 5,assertive
2894,got that,interrogative
2895,0 1 5 0 5,interrogative
2896,the telepho...,assertive
2897,8 4 1,assertive
2899,treble 9,assertive
2902,11,assertive
2904,you confirm that address for me please,assertive
2905,it's 94  Avenue,assertive
2906,Macclesfield,assertive
2907,i'm just writing this down,imperative
2909,it's Visa,assertive
2911,it's 9 9,assertive
2912,9 9,assertive
2913,9 0,assertive
2915,4 8,assertive
2917,1 6,assertive
2921,6 5,assertive
2923,8 9,assertive
2925,1 9,assertive
2928,is the 3rd 99,assertive
2929,60 pounds will be debited from that account,assertive
2933,the 9:52 train on Saturday morning,assertive
2934,the best available i can book you is in smoking,assertive
2935,there's not any non-smoking seats left,assertive
2936,i'll go for a smoking then,imperative
2937,you'll be travelling in coach   as in,assertive
2938,seat number 47 and 48,assertive
2939,and that's forward facing seats,assertive
2940,and that's Saturday the 3rd of October from Macclesfield at 9:52 in the morning,assertive
2941,9:32,assertive
2942,52,assertive
2944,returning Monday the 5th of October,assertive
2945,departing at 14 hundred,assertive
2946,from Euston to Macclesfield,assertive
2947,and it's coach  as in   number 9 and 10,assertive
2948,and that's backwards seats this time,assertive
2949,but it is non-smoking,assertive
2951,you've got to stick to the dates and times that you've booked,assertive
2953,and you cancel by 2 o'clock the day before travel,assertive
2955,if you need to change any of the times of travel,assertive
2956,you must do so by 2 o'clock the day before again,assertive
2957,subject to availability and 5 pounds charge,assertive
2958,this is your reference number to quote at the train station on Saturday,assertive
2959,it's 9 8 4 1,assertive
2960,9 8 4 1,assertive
2961,1 1 8 8,assertive
2963,then it's  as in,assertive
2964,you quote that reference number,assertive
2965,and your two sets of tickets will be waiting there,assertive
2968,thanks a lot then,assertive
2970,bye  then,assertive
2976,i wanna buy em a ticket for Edinburgh,imperative
2977,to leave em going on the 9th of October,assertive
2978,travelling to,interrogative
2979,Edinburgh,assertive
2981,is there a train from Liverpool,interrogative
2983,and is it just for one person,interrogative
2985,it's Friday the 9th of October  from Liverpool Lime Street to Edinburgh,assertive
2988,what time around would you like to depart,interrogative
2989,saying,assertive
2990,i've got a couple of queries first,assertive
2991,me friends are going up,assertive
2992,and they're leaving from Wigan at 12:28 to Edinburgh,assertive
2993,but they said there wasn't  there was only one a day from Liverpool,assertive
2994,so that's why i wanna know what time the one from Liverpool is,imperative
2995,you'll be able to get the train from Liverpool Lime Street at 11:35,assertive
2996,you have to change at Wigan Northwestern anyway  to arrive at 12:22,assertive
2997,then it's the 12:28 from Wigan to arrive in Edinburgh at 15:30,assertive
2998,so the train from Liverpool goes to Wigan anyway yeah,interrogative
2999,so  i may as well get on with them in Wigan then,assertive
3000,how much is the ticket,interrogative
3001,can you tell me,interrogative
3002,you want a ticket from Wigan now,interrogative
3003,on that train,assertive
3004,12:28,assertive
3005,i'll just check that for you,imperative
3008,there's not any advance purchase tickets left for the 9th now,assertive
3009,the cheapest fare that's going to be available is the Saver Return,assertive
3010,and that's 65 pounds 30,assertive
3011,that's the cheapest,interrogative
3012,all the advance,assertive
3013,the only,assertive
3014,there's a 10:31 arriving at 13:30,assertive
3015,and that's for  27 pounds return,assertive
3016,and there's there is no others no,interrogative
3017,not that date,assertive
3019,is there any going from  like any other stations nearby in the region,interrogative
3020,sort of like Manchester or anything like that,interrogative
3021,just checking that for you,assertive
3022,there's a 6:11 train in the morning arriving 10:31,assertive
3023,how much is that,interrogative
3024,if there return's available,assertive
3025,27 pounds 50,assertive
3026,that's a return  as well,interrogative
3027,and that's leaving Manchester at 6:11   erm,interrogative
3028,in  the morning,assertive
3029,and the other one's  is leaving at 10:30 from Wigan,interrogative
3030,and that's 27 50 return as well,interrogative
3031,can i be a pain and ask you about Thursday night,interrogative
3032,if there's anything Thursday night    from Wigan,interrogative
3033,on the Thursday night,assertive
3034,that's the 8th of October,assertive
3035,there's a train at 17:31 from Wigan  arriving in Edinburgh  21:08,assertive
3036,and from  Wigan,assertive
3037,the cheapest fare that's going to be available is the Super Advance Return 27 pounds,assertive
3038,so it's the same,imperative
3039,same price,assertive
3040,i'll book on the  the one on the Friday morning then,imperative
3041,10:30,assertive
3042,if that's ok,imperative
3043,is that a Super Saver Advance yes,interrogative
3044,i'll just double check that again,imperative
3045,10:31 on Friday the 9th of October from Wigan Northwestern,assertive
3046,you arrive in Edinburgh at 13:30,assertive
3047,is it you're returning,interrogative
3048,what time does it the train leave or something,interrogative
3049,31,interrogative
3050,i think they've booked,assertive
3051,cos it's,assertive
3052,they're on the 12:28,assertive
3053,and i think they're coming back on Sunday the 11th at 5 o'clock,assertive
3054,if i can get on that,assertive
3055,i'll go on that,imperative
3056,the 17 hundred from Edinburgh,interrogative
3057,arriving in Wigan Northwestern at 19:57,interrogative
3058,and that'll be 27 pounds return,assertive
3059,would you like me to book that for you,interrogative
3060,i leave on the 9th 10:31 from Wigan arrive to Edinburgh a...,imperative
3061,13:30,assertive
3062,and on the 11th,assertive
3063,i leave at 5 o'clock,imperative
3064,i arrive in at,interrogative
3065,19:57,assertive
3066,book that for  me,assertive
3068,i'm not,assertive
3069,non,assertive
3070,no smoking,interrogative
3072,you must stick the dates and times that you book,assertive
3073,if you can't make your journey and wish to cancel,assertive
3074,you must cancel by 2 o'clock the day before travel,assertive
3075,and it's a full refund less 5 pounds,assertive
3076,if it's after the 2 o'clock deadline,assertive
3077,but before departure time of the train,assertive
3078,it's a 50 percent refund less 5 pounds,assertive
3079,and if you wanted to change any of the times of travel,assertive
3080,you must do so by 2 o'clock the day before,assertive
3081,again subject to availability and 5 pounds charge,assertive
3085,0 1 0 6,assertive
3086,6 0 7,assertive
3087,0 7 0 0,assertive
3089,7 6,assertive
3092,70  Grove,assertive
3093,Park,assertive
3094,Prescott,assertive
3095,Merseyside,assertive
3098,worldwide Master card,assertive
3099,and the number please,assertive
3100,0 0 7 2,assertive
3102,4 0 double 2,assertive
3104,0 5 1 5,assertive
3106,4 6 2 7,assertive
3109,it's 7th 2000,assertive
3110,27 pounds will be debited from that account,assertive
3112,i certainly do,assertive
3113,this is your reference number your tickets are being booked under,assertive
3114,and it's  for   for,assertive
3116,and the tickets will be posted out in the first class post tomorrow morning to  you,assertive
3117,can i just repeat the reference please,interrogative
3118,4 0 0 7,assertive
3124,i just talked to C D,assertive
3125,on the return,assertive
3126,you you mentioned that there was the American flight,imperative
3127,and there was also a Un... United flight,interrogative
3128,what time does the uh United flight return,interrogative
3129,the United flight leaves at 5:40 and gets in at 10:11,assertive
3130,connects through Denver,assertive
3131,that goes through Denver,imperative
3132,why didn't we go ahead and book him on the um American flight leaving at 6:22   through Dallas,interrogative
3133,that's American flight 6 2 7 on the 2nd of August,imperative
3134,out of Newark at 6:22  p m,imperative
3135,into Dallas at 8:45 p m,assertive
3136,connecting to American flight 3 9 9,assertive
3137,leaving Dallas at 9:44 p m,assertive
3138,and getting into San Jose a... at 11:14 p m,assertive
3139,i'm looking,assertive
3140,that's uh a DC 10 from Newark to Dallas and then a DC 9 from Dallas to to San Jose,interrogative
3141,that is a DC 10 correct,assertive
3142,and a DC 9,assertive
3143,you're right,assertive
3145,on the um on the outbound,assertive
3146,why d... don't you just leave the reservation as is,interrogative
3147,because he's not going to be able to upgrade anyway,assertive
3148,he's not,interrogative
3150,so um just leave um leave,assertive
3151,it as,assertive
3152,it be,assertive
3153,the fare does go up,assertive
3154,it jumps up to 9 34,assertive
3155,Continental's just a little cheaper market then American is,assertive
3156,and we'll go ahead and set that up for reticket,imperative
3157,i don't show that he has an American frequent flyer number in his in his profile here,assertive
3158,does he have one,interrogative
3159,do you know,interrogative
3164,i ne... i need to um change that to United on the return,assertive
3165,on the return,interrogative
3166,hold on just a second,assertive
3167,and i have his United um mileage plus number,assertive
3168,we've got that number in the system here i believe,assertive
3169,we do not,assertive
3170,that fare will be 9 34,assertive
3171,and what we've got him on is United flight 2 8 1,assertive
3172,on the 2nd of August out of um Newark at um 5:40 p m,assertive
3173,into Denver at 7:43 p m,assertive
3174,connecting to United flight 8 6 1,assertive
3175,leaving Denver at 8:36 p m,assertive
3176,and getting into San Jose at 10:11 p m,assertive
3177,let me check seating on this,assertive
3186,Euston to Manchester please,assertive
3190,just one please,assertive
3192,the Saturday which is the 3rd i think,assertive
3193,3rd of Oc...,assertive
3194,October,assertive
3196,departing at what time from London Euston,interrogative
3197,i'm not sure what time the trains are,assertive
3199,the trains run at 10 to the hour every hour,assertive
3200,every hour,assertive
3201,and that'll be the 14:50 i think then,assertive
3202,arriving at 17:30,imperative
3203,when are you returning,interrogative
3204,Monday,assertive
3206,that time,assertive
3207,on the half hour,assertive
3208,and that's Monday the 5th yeah,interrogative
3209,let's say   half 3 in the afternoon,assertive
3210,there's a train at 14:30 from Manchester Picadilly,assertive
3211,you arrive in London Euston for 17 hundred,assertive
3213,i'm just going to check with you what's your cheapest fare available to you,imperative
3214,i was quoted 19 pounds,assertive
3215,the 19 pounds is not available at the dates and times specified,assertive
3216,you'd need to travel out an hour later on Saturday and come back on the 19:59 train in the evening on Monday,assertive
3217,if it has to be the dates and times that you specified to me,assertive
3218,that's a Super Advance Return at 30 pounds,assertive
3219,30,assertive
3220,let me think,assertive
3221,do you mind if i cancel,interrogative
3222,you don't want to book at all,interrogative
3228,Mr B,assertive
3229,this is A with American Express returning your call,assertive
3230,i need to know some prices uh to compare against subcontract,assertive
3231,i need to go in from San Francisco to Wild Wood New Jersey and return,assertive
3232,let me check where Wild Wood is here,assertive
3233,that's near Atlantic City,assertive
3234,we don't have commercial flights going into Wild Wood Cape May,assertive
3235,what would be the closest would be Atlantic City,assertive
3236,and let me see,assertive
3237,i need a full coach,assertive
3238,full coach,assertive
3239,full coach would be 586 each direction,assertive
3240,next one is simple from   SFO to Washington DC and return,assertive
3241,again full coach would be 531 dollars each direction,assertive
3242,and last one,assertive
3243,you got me exactly where it is,assertive
3244,it's Tok Alaska,assertive
3245,T O K,assertive
3246,T O K,interrogative
3247,my guess is it's near the  or Juno,assertive
3248,it's in the same time zone as Juno's in,interrogative
3249,then why don't you give me the uh the price for uh,interrogative
3251,it's 208 miles southeast of Fairbanks,assertive
3252,for me,assertive
3253,so i guess what we've got to do is uh figure into Fairbanks,assertive
3254,let me look there,assertive
3256,now you know  where it is,interrogative
3257,i  i know where it should be,assertive
3258,but i mean it's on this in this atlas,assertive
3259,and em 208 miles southeast of Fairbanks puts it right in the middle of nowhere,assertive
3260,Fairbanks would be the closest for it,assertive
3261,from the sound of it,assertive
3262,that's about where it belongs,assertive
3263,full Y would be 495 07 each direction for uh to get him up to uh,assertive
3264,to Fairbanks,assertive
3265,Fa...,assertive
3266,that does  that sounds low,assertive
3267,Anchorage,assertive
3268,734 63 each direction,assertive
3269,that sounds more like it,assertive
3271,you're quite welcome,assertive
3278,i've just been in touch with the 0 3 4 5 1 2 1 9 6 2 number,assertive
3279,and we've just established em two train times on the 19 pounds going through Rugby Super Saver Virgin,assertive
3280,travelling from,interrogative
3281,Euston to erm  er Macclesfield,assertive
3282,and then back from Wilmslow to Euston,assertive
3283,and i've got all the times here and everything,assertive
3287,the 17th,assertive
3288,for er Thursd... Saturday the 17th of October,assertive
3289,and it's for 2,interrogative
3291,for 1,assertive
3292,if you're actually buying a return ticket,assertive
3293,you must return from the station  that you get off at the destination,assertive
3295,you can't go from Euston to Macclesfield then Wilmslow to Euston,assertive
3297,what  we could try and do is see if you could get you Singles to see if it's going to work out to the same price,assertive
3298,which will enable you use that journey that way,assertive
3299,what time on the Saturday do you want to depart,interrogative
3301,cos i was quoted 19 pounds,assertive
3302,which is  great,assertive
3303,the  return fare,interrogative
3304,the trains don't run at half past the hour on a Saturday,assertive
3305,it's 10 to the hour,assertive
3306,so it's 10:50,assertive
3307,and there's not any availability there for the Virgin Value fare,assertive
3308,would it,interrogative
3309,do they do they have an earlier one where there is a Value f...  thing,interrogative
3310,9:45 in the morning,assertive
3312,anything a bit later,interrogative
3313,cos it it's anything that's that's possible at all at that day,assertive
3314,13:50 departing Euston,assertive
3315,arriving in Macclesfield at 14:03,assertive
3316,16:03,assertive
3317,let's go with that then to for the,assertive
3318,that's Macclesfield,interrogative
3319,and that's 9 pounds 50,assertive
3320,i'm just going to check  your return,imperative
3321,from Wilmslow to Euston,interrogative
3322,what date is it you're returning,interrogative
3323,Su... Sunday the 18th,assertive
3324,departing on what time around,interrogative
3325,you kn... after sort of like 4 o'clockish or something,assertive
3326,whatever's available really,assertive
3327,i'm afraid on the Wilmslow to Euston route,assertive
3328,there's not any Virgin Value fares,assertive
3329,at all,interrogative
3330,what about erm  Macclesfield  back,interrogative
3331,i'm afraid there's not any available for the Sunday,assertive
3332,nothing,interrogative
3333,there's engineering works going on at the moment,assertive
3334,so you need to get  the bus from Macclesfield to Wilmslow then Wilmslow to Euston,assertive
3335,but there's not any allocation for the Virgin Value fare,assertive
3337,so what's the cheapest fare i could do it,interrogative
3339,it doesn't it really doesn't matter whether i go into Macclesfield or Wilmslow,assertive
3340,but is the 13:50 train still suitable on the,interrogative
3341,every...,assertive
3343,i'm just checking Sunday  now,assertive
3345,on the Sunday,assertive
3346,there's a train,assertive
3347,the bus from Macclesfield at 15:55,assertive
3348,you arrive in Wilmslow for 16:25,assertive
3349,then it's a train from Wilmslow at 16:46,assertive
3351,hold the line,assertive
3352,i'm a receptionist,assertive
3354,the cheapest fare available is going to be the Apex at 26 pounds 50 return,assertive
3355,and on the return,assertive
3356,like i was saying,assertive
3357,it's a bus from Macclesfield to Wilmslow departing 15:55,assertive
3360,arriving in Euston at 19:13,assertive
3361,and that's going out on the Saturday the 17th at 13:50,assertive
3362,can i go earlier on the Saturday,interrogative
3363,just hold the line,assertive
3364,it's the 7:45 in the morning,assertive
3365,it's the best available,assertive
3366,but abouts there's nothing at 8 o'clockish,interrogative
3367,they've all now being booked up,assertive
3368,7:45,interrogative
3369,oh God,exclamatory
3371,even to to any one of those stations,interrogative
3372,even to any one of those stations,assertive
3374,and that would be 26 pounds 50,interrogative
3375,is there anything a little,interrogative
3376,is there anything available more expensively,interrogative
3377,if you see what i mean,assertive
3378,that's at the right time what,interrogative
3379,on the 10:50 train,assertive
3380,arriving at 13:30,assertive
3381,that's on Saturday the 17th,assertive
3382,the Super Advance is available,assertive
3383,and that's 30 pounds return,assertive
3385,that's not bad is it,interrogative
3386,that's for an extra 3 pounds 50  there,assertive
3388,and you'll be able to get the 10:50 going out on the  Saturday the 17th,assertive
3389,and you arrive at 13:03 in Macclesfield,assertive
3390,that's thir... 13:03,interrogative
3391,13:03,assertive
3392,and returning,assertive
3393,it's still the 15:55,assertive
3394,from Macclesfield to Wilmslow,assertive
3395,and it's the 16:46 from Wilmslow to Euston,assertive
3396,arriving at 19:13,assertive
3397,that sounds ideal,assertive
3398,do you want me to book that for you,interrogative
3399,le... can i just sorry just get a pen,interrogative
3400,just going to phone my sister,assertive
3401,just check that ev... that's alright,assertive
3402,cos that's who i'm going to go and stay with,imperative
3403,6 em 2 6 6 6 6 8,assertive
3404,and then i can just ca...,assertive
3405,then it's then it'll be great,assertive
3406,then i can just,assertive
3407,do you want me to book the seat just now,interrogative
3409,non-smoking window if i could,assertive
3410,sort of facing you know the  the direction of travel,assertive
3411,i'm sure we'll find that for you,imperative
3413,Wella,assertive
3415,it's me,assertive
3416,i've got a ti...,assertive
3417,you want me to go ahead,interrogative
3418,if your sister calls you back and says that she doesn't want it,assertive
3419,you get a full refund less 5 pounds  if you cancel by 2 o'clock the day before the outward  journey,assertive
3422,it's 50 percent refund less 5 pounds,assertive
3423,and if you needed to change any of the times of travel,assertive
3426,going out on Saturday the 17th  of October,assertive
3427,the 10:50 train,assertive
3428,i can get a window seat,assertive
3429,but it's backward travel at a table,assertive
3432,on the return on the 18th,assertive
3433,the train from Wilmslow from 15:46 is forward facing at the window non-smoking,assertive
3434,the total cost is 30 pounds Return,assertive
3435,and you said it's yourself as the credit card holder,interrogative
3438,i think this is her,assertive
3440,gone,assertive
3441,ha,exclamatory
3442,let's go for it,assertive
3445,Miss,assertive
3446,could you give me your contact telephone number please,interrogative
3447,0 1 9 5,assertive
3448,9 6 8,assertive
3449,5 1 6 5,assertive
3452,8  for   for,assertive
3453,and that address for me please,interrogative
3454,Flat 6,assertive
3455,168 New  Street,assertive
3456,London   1 8,assertive
3458,and what type of credit is that you hold,interrogative
3459,do you take Diner's or American Express or anything like that,interrogative
3460,we do,assertive
3461,can i put it on my Diner's then please,interrogative
3462,if you give me the number,assertive
3463,it is 8 fo... 8 1 6 1,assertive
3464,8 1 6 1,assertive
3465,2 2 6 1,assertive
3467,1 8,assertive
3469,2 2 6 6,assertive
3471,expiry 1  99,assertive
3472,this is your booking reference number that the ticket has been booked under,assertive
3476,9 1 5,assertive
3478,and the ticket will be posted out first class to you this afternoon,assertive
3482,can we just go over it one more time,interrogative
3483,that's the 10:50,assertive
3484,5 O  on Saturday the 17th to Macclesfield,assertive
3485,getting on at 13:03,interrogative
3487,and then on Sunday the 18th,assertive
3488,15:55,assertive
3489,get on the train at 16:25,assertive
3490,and it gets into London at 19:13,assertive
3491,what if the coach Ma... is is not running properly or something,interrogative
3492,what happens,interrogative
3493,the train from Wilmslow at 16:46,assertive
3494,you get in at 16:25,assertive
3495,so there is 21 minutes for you,assertive
3496,t... the buses that we've put on is specifically for  connecting with the trains,assertive
3497,so if there was any problems with connections,assertive
3498,then if it was due to the coach,assertive
3499,then it would  to try and get you on the next available service,assertive
3500,cos the buses are from each train station,assertive
3503,this is B C at WWW,assertive
3506,i was wanting to make some arrangements for a trip that i'm going to be taking uh to LA,imperative
3507,beginning of the week after next,assertive
3508,18th 19th 20th,assertive
3509,and i'll be right with you here,imperative
3510,and you said you wanted to travel next week,interrogative
3512,i i... have to be in LA a couple of different places actually on the 19th and 20th,assertive
3513,i'm going to be down in San Diego on personal business uh the previous weekend,imperative
3514,the 16th 17th and 18th,assertive
3515,and basically i have to get into eh eh or near the Ontario airport for the Sunday night,assertive
3516,and i leave out of the Irvine which i guess is John Wayne Airport on the Tuesday,assertive
3517,i guess the first question i had was uh are there flights from San Diego to the Ontario airport in uh in LA or outside LA,interrogative
3518,i guess if  i,assertive
3519,if there's a real problem there,assertive
3520,i might keep a car which i'll have and simply drive up,imperative
3521,there's only two direct or non-stop flights from San Diego to Ontario,assertive
3522,and they're both in the morning on Sunday,assertive
3523,are they,interrogative
3524,i think i'm going to forget that,imperative
3525,otherwise i'd be i'd be routing you through um through Los Angeles,assertive
3526,seems a little ridiculous i think,assertive
3527,do you have to be there on uh Sunday mo... Sunday night or Monday morning,interrogative
3528,i... i... it would be Monday uh uh Sunday night yeah,assertive
3529,there's a like i say a 7 a m flight in the morning  out of San Diego,assertive
3530,then uh i ha...,assertive
3531,as far as getting there,assertive
3532,i'll do it under my own steam,imperative
3533,i'll just keep the rent a car that i'll have for personal reasons uh for that weekend,imperative
3534,on the 20th,assertive
3535,you want me to  look at the return,interrogative
3536,so what it boils down to is just one flight getting out of there,interrogative
3537,on the 20,assertive
3538,it wi... will be near the John Wayne Airport i guess,assertive
3539,it i... it is John Wayne in Irvine  isn't it,interrogative
3541,and um and um as far as i can see,assertive
3542,we're going to have a pretty full day meeting on the on Tuesday the 20th,imperative
3543,i think i ought to be looking at a flight out of there perhaps no earlier than round about 7 o'clock,assertive
3544,is this going  back to,interrogative
3545,back to back to San Francisco,assertive
3546,to San Francisco,interrogative
3547,there's an American flight at 7:30,assertive
3549,i was going to say that if i had my choice i'd pick American simply because i've got the uh advantage,assertive
3550,i i'm sorry,assertive
3551,i  my enthusiasm,assertive
3552,the um,assertive
3553,we've got you on American flight 9 3 0 8,assertive
3554,leaving on the20th of June out of Orange County John Wayne Airport at 7:30 p m,assertive
3555,7:30,assertive
3556,and into uh San Francisco at 8:57,assertive
3557,and that is 99 dollars one way,assertive
3558,and uh i think that's going to do it those two ho... hotel reservations and and the one flight,assertive
3559,you're all set then,assertive
3562,have a good weekend,assertive
3563,you too,assertive
3567,can you hold please,interrogative
3568,thanks for holding,assertive
3575,i need to change um C D's coming back trip from Washington D C on the 19th of July,assertive
3576,let me get his reservation,assertive
3577,what are we changing this to,interrogative
3578,instead of 5:10,assertive
3579,he wants to take the 1:40 from Dallas to on United,assertive
3580,that's United 1 9 5 on the 19th,assertive
3581,departing Dallas at 1:40 p m,assertive
3582,arriving San Francisco 4:11 p m,assertive
3583,and let me just see,assertive
3584,looks like that's going to be airport check in on the seating,assertive
3585,this ticket was issued,assertive
3586,i'm going to request 27 B,imperative
3587,is it an aisle,interrogative
3588,but i'm not sure  whether we're going to get it,imperative
3589,it looks like it's airport check in  on the flight,assertive
3590,we're going to have to reissue the ticket,imperative
3591,because there was a 25 percent penalty on that,assertive
3592,we're going to have to void that,imperative
3593,it'll still be the same amount or,interrogative
3594,i'm checking that the fare,imperative
3595,898,assertive
3596,it's still the same fare,assertive
3597,but that ticket,assertive
3598,must you have the ticket,interrogative
3601,it's supposedly coming today,assertive
3602,i haven't u...  had a call or anything,assertive
3603,i'll have to call F,imperative
3604,cos it has to be in today,assertive
3605,or it will or he will be charged a penalty,assertive
3606,it's by tomorrow,assertive
3607,i i mean by Monday,assertive
3608,by Monday,assertive
3609,we can't void it,assertive
3610,has it'll,assertive
3611,the new ticket shall be sent,assertive
3612,should i wait till Monday,interrogative
3613,do you think it's going to change,interrogative
3614,i think Monday's fine,assertive
3615,is that,interrogative
3616,let me see what the last day for ticketing is,interrogative
3617,Monday's fine,assertive
3618,it changes so much,assertive
3619,we issue so many tickets,assertive
3620,have to wait to the very last day on some of these people,assertive
3621,why don't i just wait,interrogative
3622,i'm going to set these up to be issued on Monday,imperative
3623,that way,assertive
3624,if he changes again,assertive
3625,we don't have to keep reissuing tickets,assertive
3634,i'd like to make a personal reservation,imperative
3635,and who's calling,interrogative
3636,beg your pardon,interrogative
3638,who's calling please,interrogative
3639,my name's B,assertive
3640,and this is,assertive
3641,how many people are going to be travelling on this,interrogative
3642,ju... i i'm going to make this reservation for some another individual,imperative
3643,it'll be one person,assertive
3644,and how's it going to be paid for,interrogative
3645,i'd like it on my American Express card,assertive
3646,and what is the last name of the passenger,interrogative
3648,and that's spelled how,interrogative
3649,and the first name,interrogative
3651,and this is travel from what city to what city,interrogative
3652,it's going to be,assertive
3653,i'd like to find out,imperative
3654,i'd like to get the cheapest rates you can,imperative
3655,th... there's a flight,assertive
3656,an American Airlines flight 1 4 4 0,assertive
3657,this is on the 5th of September,assertive
3658,that goes from Orange County to Lake Tahoe via San Jose,assertive
3660,i'm not sure they're operating on the 5th,imperative
3662,i show that schedule for American flight 1 4 4 0 on the 5th of December of 1 9 9 9 operating just San San Jose to San Diego,assertive
3663,1 4 4 0,assertive
3664,they must of changed all their flight numbers,assertive
3665,what time was that departing,interrogative
3666,i show,assertive
3667,what i need to do is have someone go from Orange County to Lake Tahoe,assertive
3668,they had a month ago,assertive
3669,1 4 4 0 started at 6:54 a m,assertive
3670,and arrived in San Jose at 11 a m,assertive
3671,they've changed,assertive
3672,is he is he he's not going to stop in San J...,interrogative
3673,he's not stopping in San Jose,interrogative
3674,he's going th... the most direct route to Or... to Lake Tahoe,assertive
3675,what they have now,interrogative
3676,the flight number for December is 5 5 8,assertive
3677,departing uh John Wayne at 6:50 a m,assertive
3678,arriving Tahoe at 9:35 a m with a stop in San Jose,assertive
3679,that's the schedule for December,assertive
3680,and that is available what with the return date that would be on that,assertive
3681,it'd be the same day,imperative
3682,that's that's in September right,interrogative
3683,the 5th of September,interrogative
3684,tha... i i thought you said December,assertive
3685,September,assertive
3686,that flight doesn't operate,assertive
3687,look at this morning's schedule here again,assertive
3688,i can get that the 5th of September,assertive
3689,same flight number 5 5 8,assertive
3690,and it's returning on the same day,assertive
3691,what flights do you have returning to uh Orange county uh late afternoon,interrogative
3692,there's a direct flight at 3:30 p m,assertive
3693,arriving 6:03 p m on American,assertive
3694,3:30,interrogative
3695,that's a flight that st... uh goes through San Jose,assertive
3696,also 3:30 p m,assertive
3697,and arrives uh John Wayne at 6:03 p m with a stop in San Jose,assertive
3698,what's the next one after that,interrogative
3699,there going to be connections then,assertive
3700,i'm just thinking,assertive
3701,connection would be at 4:25 through San Francisco,assertive
3702,arriving 7:41 p m,assertive
3703,i'm i'm thinking this is a minister that's going to be doing a wedding,assertive
3705,it's a little important to have enough time   to let me think about that,assertive
3706,3:30,assertive
3707,get the 3:30 flight please,assertive
3708,that would be American 4 7 9 on the 5th of September,assertive
3709,departing Tahoe at 3:30 p m and arriving John Wayne at 6:03 p m,assertive
3710,and let me check what the airfare is,assertive
3711,the airfare is 264 round trip,assertive
3712,on that,assertive
3713,they don't have any discounts without a Saturday night stay,assertive
3714,that's that's ok now,assertive
3715,that's uh uh uh,assertive
3716,that's a fully changeable ticket also,assertive
3717,fully changeable,assertive
3718,if he needs to change that or take a later flight,assertive
3719,he can do so,assertive
3720,you do have a fl... a flight through SF that's leaving at 4:20 you said,interrogative
3721,let me give you,assertive
3722,you want to write down what the schedule is on that,interrogative
3723,so if he needs to know that or,assertive
3724,i'll remember this one,imperative
3725,that's a 4:25 arriving John Wayne at 7:41,assertive
3726,connects through San Francisco,assertive
3727,i don't think there's anything after that,assertive
3728,there is one later at 6 6:17,assertive
3729,th... th... these two,assertive
3730,it'll be one or the other of these,assertive
3731,and l... let me schedule the 3:31,assertive
3732,those are both confirmed,assertive
3733,do you know what his seating preference would be for that,interrogative
3734,aisle or window,interrogative
3736,make it a window,assertive
3737,he's not been to Tahoe before and   nor beautiful down town San Jose,assertive
3738,that sure is,assertive
3739,i can confirm him 19F going out and 19A returning,assertive
3740,and does he need a car or anything hotel,interrogative
3741,we'll be picking him up,imperative
3742,everything'll be just fine on that now,assertive
3743,i want to make sure you get the pr... the right B,imperative
3744,it's um credit card there,assertive
3745,one moment,assertive
3746,there's two of us at least now,assertive
3747,and you are,interrogative
3748,C W,assertive
3750,let me make sure i have that i have the profile,assertive
3751,let me look at the bottom for the credit card,assertive
3752,i do have that credit card,assertive
3753,and i will put it in right now so i have it,assertive
3754,and if the expiration date says it's expired,assertive
3755,you can extend it two years,assertive
3756,this this actually is really old,assertive
3757,we have 87,assertive
3758,so i guess we extend it 4 years on this,assertive
3759,i... it it just got,assertive
3760,when i got it reissued,assertive
3761,they asked me before about that,assertive
3762,and they said   it was good until 89,assertive
3763,but now it's good until  91,assertive
3764,91,assertive
3765,i've put that in there,assertive
3766,and if and if you just want me to verify,assertive
3767,i can verify with you the number,assertive
3768,do you have your card out,interrogative
3769,if not,assertive
3770,i'll just i'm sure it's the same,imperative
3771,did you want me to verify it or uh,interrogative
3772,what,imperative
3773,the credit card number,interrogative
3774,not necessary,assertive
3777,and when would you like me to send this ticket over to you,interrogative
3779,whenever it gets done,assertive
3780,next week before Thursday for sure,assertive
3781,i can have it over there like the 11th,assertive
3782,that would be Tuesday,assertive
3783,that'd be Tuesday,assertive
3785,that'll be fine,assertive
3786,anything else i can help you with,interrogative
3787,not right now,assertive
3791,bye  now,assertive
3798,i'm a disabled person,assertive
3799,and i want to go on a value place tomorrow,imperative
3800,they told me you can try,assertive
3801,if it is possible,assertive
3802,where,interrogative
3803,from Euston to London,assertive
3804,London,assertive
3805,from Euston London,imperative
3806,from from Stockport to Euston,assertive
3807,from Stockport to London Euston,interrogative
3809,and do you hold a current credit or debit card,interrogative
3810,i got er a  Barclay,assertive
3811,what time would you like to depart tomorrow,interrogative
3813,if it is possible after,assertive
3814,i'm just going to check to see what's your cheapest fare available to you  for travelling,imperative
3816,i have a card here,assertive
3817,a railcard,interrogative
3818,a railcard,assertive
3819,what type of railcard,interrogative
3820,it's a disabled card,assertive
3821,a disabled railcard,interrogative
3822,there's a 10:30 train from Stockport tomorrow,assertive
3823,and you arrive in London Euston for 13 hundred,assertive
3824,when is it you're returning,interrogative
3825,i... i... is this a Saturday,interrogative
3826,return fare to date,assertive
3827,the calendar month,assertive
3828,i... i... i... is still 20 pounds,interrogative
3830,i need to check availability on the return to see what fare we can offer you,assertive
3833,i do...,assertive
3834,i've got no idea,assertive
3835,i might come back in a week's time you know,assertive
3836,unless you can specify a date and a time,assertive
3837,you're not able to get an advance purchase ticket,assertive
3842,w... what's your advice,interrogative
3843,you would need to buy a Saver Return,assertive
3844,which is classed as a Walk-on fare,assertive
3845,with the disabled railcard,assertive
3846,discount works out to 30 pounds 70,assertive
3847,which means that the ticket would be open for a calendar month,assertive
3848,and you could come back at any time within the time restrictions,assertive
3852,they do it again,assertive
3853,they told me 20 pounds,assertive
3854,20 pounds,interrogative
3855,the Virgin Value fare is 19 pounds return,assertive
3856,and that's fully booked for tomorrow now,assertive
3857,there is no any availability,assertive
3860,when when is it next i can get,interrogative
3862,i'll check Saturday for you,imperative
3863,there's no railcard discount with your Virgin Value Return,assertive
3864,but with your Super Advance return,assertive
3865,you get the railcard discount which works out to 19 pounds 80,assertive
3866,you've actually 80 pence you have to pay more,assertive
3867,but you'll be able to travel tomorrow at 10:38 from Stockport,assertive
3868,10:38,assertive
3869,arriving at 13 hundred,assertive
3870,arriving 13 hundred,assertive
3871,and the fare  is 19 pound 80,imperative
3872,but you've got to book your return,assertive
3873,you must book your return,assertive
3875,you've got to book it,assertive
3876,19 pound 80 is a Return innit,interrogative
3877,i will do that,assertive
3878,what time would you like make a date,interrogative
3879,would you like me to book for the return,interrogative
3880,i i i tell the guy you can do any a...,assertive
3881,same day innit,interrogative
3884,or can you do for a week,interrogative
3886,for the same price,interrogative
3887,for the same price,assertive
3890,this ticket,assertive
3891,you can come back within the calendar month as well,assertive
3892,you've just got to stipulate the date and time,assertive
3895,can you do for 2 weeks,interrogative
3896,2 weeks,interrogative
3897,is it 2 weeks on Friday,interrogative
3898,2 weeks,assertive
3899,tomorrow is Friday,assertive
3901,Friday the 2nd,assertive
3902,and the 2 weeks will be what,interrogative
3903,16th,assertive
3905,departing  at what time around,interrogative
3907,in the  in the morning,assertive
3909,10,imperative
3910,about  10:30 11,assertive
3911,the trains run from Euston on the hour,assertive
3912,so there's availability on the 10:11 and 12 o'clock train,assertive
3913,which one would you prefer,interrogative
3914,12 o'clock,assertive
3915,10 o'clock,interrogative
3917,12 o'clock,imperative
3918,i'm just selecting that service for you,imperative
3919,what time is the reach to Stockport,interrogative
3920,14:18 in the afternoon,assertive
3921,14:18 in the afternoon,interrogative
3922,would you like me to book this ticket for you,interrogative
3923,if if i'm,assertive
3925,i give you my credit card number,imperative
3926,but the credit card holder must be at the train station to collect the ticket,assertive
3928,i will be there,assertive
3930,and  is it smoking or non-smoking,interrogative
3932,you're travelling tomorrow from Stockport,assertive
3933,10:30,interrogative
3936,reaching 1 o'clock,imperative
3938,on the 16th of October,interrogative
3939,on 16th of October as well,assertive
3940,arriving at 14:18,assertive
3941,i've managed to book you non-smoking,assertive
3942,you are very k...,assertive
3943,forward facing seats,assertive
3944,you are very kind,assertive
3945,and the dates times and seat numbers will be printed on the tickets for you,assertive
3946,you say that the person's travelling has a disabled railcard,imperative
3947,do they require assistance at all,interrogative
3948,no,interrogative
3950,the fare's 19 pounds 80,assertive
3952,you must stick to the dates and the times that you have booked,assertive
3953,if  if you couldn't make your journey and wanted to cancel this ticket,assertive
3954,if you cancel by 2 o'clock today,assertive
3955,you would receive a full refund less 5 pounds,assertive
3956,but if you cancelled after 2'o clock today but before departure time of the train,assertive
3957,it's 50 per cent refund less 5 pounds,assertive
3959,i'm not bothered by that,imperative
3960,i need the surname of the credit card holder please,interrogative
3961,it's Mr,assertive
3963,for    for,assertive
3964,for   for   for,assertive
3965,what was the last letter there,interrogative
3966,after,interrogative
3969,and the ticket will be in my middle name right,interrogative
3970,there's no actual name  printed on the ticket,assertive
3971,it's just on the sales voucher,assertive
3973,that's ok then,assertive
3974,your contact telephone number please,interrogative
3975,0 1 3 1,assertive
3977,9 9 3,assertive
3979,7 9 6 7,assertive
3981,and your postcode to where your credit card's registered to,interrogative
3984,6,assertive
3986,can you confirm that address for me please,interrogative
3987,can you confirm your address for me,interrogative
3988,i've got 12 1 70  Avenue,assertive
3989,Field  Drive,assertive
3992,and what type of credit card was that you said you hold,interrogative
3993,it's a connect Barclay Visa,assertive
3994,your Visa number,interrogative
3995,it's 6 9 3 7,assertive
3996,6 9 3 7,assertive
3999,3 6 7 9,assertive
4001,9 1 7 3,assertive
4004,is August 99,assertive
4005,Aug-99,assertive
4006,tomorrow you need your credit card with you when you collect the tickets,assertive
4008,you collect them from the booking office in London Euston,assertive
4009,the booking office in Stockport,assertive
4010,my mistake there,assertive
4011,and you  remember to take the disabled railcard with whoever's travelling tomorrow,assertive
4012,cos they need that while they're on the train,assertive
4013,and you just need to quote this reference number,assertive
4014,it's  for,assertive
4015,hold it,assertive
4017,need to get a pen,assertive
4018,as in,assertive
4021,9 6,assertive
4022,9  6,assertive
4023,3,assertive
4028,and  as in,assertive
4029,did you want to repeat that number back to me,interrogative
4030,9 6 3,imperative
4031,and you just collect your tickets 50 minutes before departure time tomorrow,assertive
4032,from  Stockport,interrogative
4033,from Stockport,interrogative
4034,from Stockport  station at the  booking office,assertive
4038,wh... wh... when she comes back,assertive
4040,my wife,assertive
4041,she has to collect hers from Euston  no,interrogative
4042,the return ticket will be there tomorrow,assertive
4043,thank  you,assertive
4044,so  you don't have to collect it again,assertive
4046,ok  now,imperative
4056,wh... how can i help you,interrogative
4057,we have an emergency traveller who is going t... uh Copenhagen from San Francisco to Los Angeles,assertive
4058,and he is going on a 2 o'clock flight,assertive
4059,he's going to Copenhagen today,interrogative
4060,it's just a flat one way,interrogative
4061,in business class,interrogative
4062,we should be able to do it,assertive
4063,let me just  start a new reservation for him,assertive
4064,what's his last name,interrogative
4066,first name,interrogative
4068,what flights do you want to have him on,interrogative
4069,he would like to be on United flight 1 1 1 7,assertive
4070,first of all,assertive
4071,he's going all the way through to Copenhagen,interrogative
4073,and this is a connection in what city,interrogative
4074,Los Angeles,assertive
4076,and what time does that United flight leave,interrogative
4077,it's eh going out at uh 2 o'clock today,assertive
4078,SFO to Los Angeles,assertive
4079,and then connecting to SAS flight 9 3 0 2,interrogative
4080,9 3 0 2,assertive
4081,and you said,imperative
4082,the 1 1 1 7 i'm showing sold out,assertive
4083,let me just look  in their system,assertive
4085,we can put him,assertive
4086,there are other flights,assertive
4088,there i can get a seat on it,assertive
4090,it's one of the last ones,assertive
4091,but i can get it,assertive
4092,is he going business class on the SAS flight,interrogative
4093,if he can go business class,assertive
4094,they're allowed it for flights over  13 hours,assertive
4096,and this is just going to be one way only right,interrogative
4097,i have him on United flight 1 1 1 7 on today Friday the 26th out of San Francisco at 2 p m,assertive
4098,arriving LAX at 3:15 p m,assertive
4099,connecting to SAS flight 9 3 0 2,assertive
4100,out of LAX at 5:30 p m,assertive
4101,it arrives Copenhagen at 1:05 p m on the 27th of May,assertive
4102,that's wonderf...,assertive
4103,that's  on request,assertive
4104,and that's already confirmed,assertive
4105,so that's  great,assertive
4106,that's  just absolutely marvelous,assertive
4107,and i am wondering now if we can we add another leg to that uh,imperative
4108,what do you want to do,interrogative
4109,we would like on Monday,assertive
4110,which would be,assertive
4111,the 29th,assertive
4112,the holiday,assertive
4113,May 29th from Copenhagen to uh Sandestrom,assertive
4114,and that would be uh SAS flight 2 9 1,assertive
4115,and that is a 10:30 a m departure,assertive
4116,this adds a fare that isn't in my system,assertive
4118,so if we do that,assertive
4119,i'm going to have to send it off to the airlines for faring,assertive
4120,and i can't guarantee how fast they'll come back with a fare,assertive
4121,i understand,assertive
4122,and you did make the reservation for the uh Monday 5 2 0 9 flight,imperative
4123,was that possible to go on flight 2 9 1  from Copenhagen,interrogative
4124,i haven't confirmed it yet,assertive
4125,but i've just got it   requested,assertive
4126,that's that's confirmed now,assertive
4128,we'll just ticket as far as Copenhagen,imperative
4129,and he'll deal with the rest in Denmark then,assertive
4130,is that what you want to do,interrogative
4131,if it's not back within an hour,assertive
4132,we'll just ticket him as far as Copenhagen,imperative
4133,how's that,interrogative
4134,good bye,assertive
4138,i need some help trying to get from Seattle to uh San Francisco Monday night the,assertive
4139,7th,interrogative
4140,7th,assertive
4141,or Tuesday morning the 8th,assertive
4142,my problem is that my family and i are leaving San Francisco on TWA at 8 o'clock in the morning  on the 8th,assertive
4143,you uh spoke with me earlier,assertive
4146,can you check for any flights that um leave either Seattle or Portland and get into San Francisco by 7 o'clock in the morning,interrogative
4147,if you leave from Portland the evening before,assertive
4148,meaning um Monday night,assertive
4149,the   last flight of the day to San Francisco's at 6:39,assertive
4150,getting in at 8:20,assertive
4151,it wasn't any better,assertive
4152,it was worse  back,assertive
4153,from Seattle,assertive
4154,let me take a look and see from Portland to San Francisco what the earliest flight would be,assertive
4155,and their earliest flight would have you arrive at 8:07 a m,assertive
4156,shoot,exclamatory
4157,it's not not great,assertive
4158,looks like i'm going to miss that meeting,imperative
4159,so the only possiblity real remote one is 7:50 US Air flight huh,interrogative
4160,or there was a 7:45,assertive
4161,i think there's a United at 7:45,assertive
4162,let me pull it back up again,assertive
4163,the US Air's at 7:50,assertive
4164,getting in at 9:50,assertive
4165,or there's a United at 7:45,assertive
4166,that gets in at 9:34,assertive
4167,are there seats on both of those,interrogative
4168,they were both available,assertive
4169,the US Air's got less seats available than the United,assertive
4170,the United's wide open,assertive
4171,but the US Air um is selling out in the lower classes of service,assertive
4172,so there's st... still seats available,assertive
4173,but they're not quite as many as the United flight,assertive
4174,can you make me a reservation on the US Air one,interrogative
4181,Manchester Picadilly 5:30 tomorrow evening,assertive
4182,to,interrogative
4183,Euston,assertive
4184,is it yourself that holds the credit or debit card,interrogative
4186,and that's 5:30 in the afternoon,interrogative
4187,and when is it you'd like to return,interrogative
4188,i won't be returning,assertive
4189,i'm going up there this afternoon,imperative
4190,i want to come back tomorrow evening,imperative
4191,i just wanna book a one way ticket,assertive
4192,so it's just a Single,interrogative
4193,just Single,assertive
4194,for tomorrow,interrogative
4195,i'm going to have to arrange for you to collect your ticket tomorrow from Manchester Picadilly,assertive
4196,and i'm just checking to see what's your cheapest fare available to you,imperative
4197,are you travelling by train today,interrogative
4199,the cheapest fare that's going to be available travelling tomorrow is what we call a walk-on fare,assertive
4200,which is a Saver Single,assertive
4201,and it's going to be 45 pounds 50,assertive
4204,my wife was told it was 30 50,assertive
4205,that's the Virgin Value fare,assertive
4206,that has now being booked up for tomorrow,assertive
4208,it's no longer available,assertive
4210,so that's the regular price from Manchester innit,interrogative
4211,45 50,interrogative
4212,then i won't book a ticket,assertive
4213,i'll just turn up at Manchester,imperative
4214,thanks for calling now,assertive
4223,i'm BB CC from WWW,assertive
4224,i'd like to make some travel arrangements,imperative
4225,i'd made made some arrangements on Monday that have to be changed,assertive
4226,and they're g... and they were to go to,assertive
4227,Research Triangle,assertive
4228,Research Triangle Park,assertive
4229,North Carolina,assertive
4230,it looks like we've got you going into Raleigh Durham,assertive
4231,what did you want to change on your reservation,interrogative
4232,i wanted to change the uh uh departure date from the 10th to the 16th,imperative
4233,and did you want to go on the same same flight into Raleigh at 7:50 in the morning  nonstop,interrogative
4234,since  it would be leaving on Sunday,assertive
4235,it would be nice to leave about 12,assertive
4236,San Francisco to Raleigh,assertive
4237,the only thing i have leaving at noon would be a connection on Delta through Atlanta,assertive
4238,it would get in at 9:50 p_m,assertive
4239,let me confirm that for you,assertive
4240,and what else needed to be changed then,interrogative
4241,looks like were going have to change your car and hotel,assertive
4243,the uh,assertive
4244,how long,interrogative
4245,we don't need to make reservations in the hotel,assertive
4246,they'll take care of that,assertive
4247,i'll need the Hertz car,imperative
4248,and i i i have to make plans to stay through the week,assertive
4249,so i'd be leaving on Friday,assertive
4250,Friday's going to be the 21,assertive
4251,and  what time of day,interrogative
4252,about 6,assertive
4254,i've got a Piedmont flight that leaves at 5:55,assertive
4255,it's a change of planes in Charlotte North Carolina,assertive
4256,and gets into San Francisco at 9:54,assertive
4257,there's also a US Air flight at 6:20,assertive
4258,changing planes in Pittsburg,assertive
4259,arrival is at 10:30,assertive
4261,the cheaper of the two would be fine,assertive
4262,let me take a look and price them both,assertive
4263,round trip Delta and Piedmont is the first one i'm going to price,imperative
4264,and that comes out to a fare of 916,assertive
4265,returning on US Air,assertive
4266,if that's going to make a difference,assertive
4267,they're both going to come out to the same fare,assertive
4268,so you've got a choice of going through Charlotte North Carolina at 5:55,assertive
4269,arrival at 9:54,assertive
4270,or through Pittsburg at 6:20,assertive
4271,arrival at 10:30,assertive
4272,i'll take the Piedmont flight,imperative
4273,that would be a total of 916 round trip for the lowest fare,assertive
4274,and that would involve a 25 percent penalty for making any changes or refunds,assertive
4275,i think that's probably not a good idea,assertive
4276,the non-lowest non-penalty fare in that case would be 1010,assertive
4277,we'll go with that,imperative
4278,and you still want to go with the compact car,interrogative
4279,in Raleigh,assertive
4280,and i'm just confirming that for you right now,imperative
4281,and waiting on car confirmation,assertive
4282,that's all confirmed,assertive
4283,and we're all set to go with that,imperative
4284,when do you want uh to have your ticket issued,interrogative
4286,sometime this week,assertive
4287,sometime next week,assertive
4288,next week,interrogative
4289,will be fine,assertive
4290,how about um if we do it Thursday of next week or we...,interrogative
4291,that way you'll have them before the weekend,assertive
4292,since i'm leaving on Sunday,assertive
4293,then you're all set and non-penalty fare,assertive
4294,i'd prefer that,assertive
4295,and let me give you all the flight information too,assertive
4296,it looks like we're not having any luck with um ou... the Delta flight on the 16 the July from San Francisco to Atlanta,imperative
4297,the only thing i could confirm would be a middle seat,assertive
4298,i could get you,assertive
4299,the only thing i could get would be like an aisle in smoking,assertive
4300,nothing in non-smoking except for middles,assertive
4301,i really prefer to go the middle seat non-smoking,assertive
4302,then let me go with 2 0 2 0 one E,assertive
4303,at least that is a bulkhead seat,assertive
4304,give you a little bit more leg room there,assertive
4305,and let me give you the flight information,assertive
4306,leaving on the 16th Delta,assertive
4307,fligth 1 1 6,assertive
4308,1 1 6,assertive
4309,departing out of San Francisco at 12 noon,assertive
4310,arrival in Atlanta is at 7:35 p_m,assertive
4311,and connecting there to Delta flight 6 1 8,assertive
4312,leaving from Atlanta at 8:32 p_m,assertive
4313,and arrival in Raleigh at 9:50,assertive
4314,and then returning on the 21 of July,assertive
4315,on Friday Piedmont flight 1 0 0 5,assertive
4316,and that's going to depart at 5:55 and arrive Charlotte 6:38,assertive
4317,where you would connect to Piedmont flight 1 2 6 7,assertive
4318,and that's departing at 7:35 from Charlotte,assertive
4319,arrival back in San Francisco at 9:54,assertive
4320,and the flight from Atlanta to Raleigh on Delta 8 1 6,assertive
4321,i was able to get you a window seat in non smoking,assertive
4322,and Piedmont,assertive
4323,we can't look at their seat maps,assertive
4324,i can't tell you exactly what seat numbers we are confirming,assertive
4325,but i will request non smoking windows,assertive
4331,i'd like to make a couple of arrangements,imperative
4332,is it for domestic or international,interrogative
4333,domestic,assertive
4334,BBB,assertive
4335,who's the traveller then,interrogative
4336,the first one,interrogative
4337,the traveller will be CCC DDD,assertive
4338,i think that,assertive
4339,i don't know if this is the same trip we're thinking of,assertive
4340,on the 14th of July,interrogative
4341,it sure is,assertive
4342,i've already made it with um EEE FFF,assertive
4343,he  called up,assertive
4344,so all i needed was the travel advance for him,assertive
4345,the travel advance is,assertive
4346,and do you want me to read off the flights,interrogative
4347,would you please,interrogative
4349,we've gone through,assertive
4350,on the 14th of July,assertive
4351,it's American flight 1 4 0  4,assertive
4352,leaving San Jose at 7 a m,assertive
4353,arrival into LAX at 8:11,assertive
4354,and then returning that same day on American flight 3 7 0 2,assertive
4355,and that's departing at 6 p m from LA,assertive
4356,arrival San Jose at 7:15,assertive
4357,and they were confirmed at a fare of 1 98,assertive
4358,there were no penalties attached to that fare,assertive
4359,and the only thing that uh was a stumbling block in the reservations was the return seat on American flight 3 7 2,assertive
4360,we could only get middle seating for all 3 passengers,assertive
4362,and i advised Mr FFF of that,assertive
4363,and he said they would um look into it when they check in in San Jose,assertive
4364,change that one,assertive
4365,that's a good idea  to do that,assertive
4366,this will be exactly the duplicate for Mr HHH,assertive
4367,except that his um advance number is,assertive
4376,how you doing,interrogative
4378,i have two reservations to make,assertive
4379,this is for Mr C,interrogative
4380,one of them is,assertive
4381,cos i like him,assertive
4383,i'm glad,assertive
4384,and what date does he want to travel,interrogative
4385,the 2nd of August,assertive
4386,out of San Francisco,interrogative
4387,he's going to Washington,interrogative
4392,i should have bet you,assertive
4393,we'll be going to Denver Colorado this time,imperative
4394,and does he want to fly Continental or United,interrogative
4395,United,assertive
4396,and when about,interrogative
4397,what time does he want to leave,interrogative
4398,after work on that day,assertive
4399,we're talking 18:30 or 19,assertive
4400,we can get him that 6... 18:40 rather,assertive
4401,18:40,assertive
4402,and continuing or returning when,interrogative
4403,he'll come back on the 3rd,assertive
4404,and again late afternoon,interrogative
4405,this time around 1400 or 1500,assertive
4406,i can get her get him on a 14:10 flight,assertive
4407,on United,assertive
4409,it's Continental at 15 hundred,assertive
4410,United's fine,assertive
4411,we've got him on United flight 3 4 6 on the 2nd of August,assertive
4412,leaving San Francisco at,assertive
4413,what is that,interrogative
4414,14:40,imperative
4415,getting into Denver at,assertive
4416,22:02,assertive
4417,can you hold on one sec,interrogative
4419,they hung up,assertive
4420,they don't want to talk to me,assertive
4421,leaving at 6,assertive
4422,18:40 right  not  leaving at,interrogative
4423,it goes that way,assertive
4425,arriving when,interrogative
4426,at 22:02,assertive
4428,and returning on the 3rd of August,assertive
4429,United flight 7 7 3,assertive
4430,out of Denver at 14:10,assertive
4431,and into San Francisco at 15:41,assertive
4432,and let's check the seats,assertive
4433,the other person,assertive
4434,is it going to be the same itinerary,interrogative
4435,what's the next name,interrogative
4436,i will call you back with the charge number,assertive
4442,this is C D,assertive
4443,i'd like to make some reservations please,imperative
4444,what's the last name of the  passenger,interrogative
4445,Speech Lab,assertive
4446,do they care how we how we talk,interrogative
4448,what what's the last name of the passenger,interrogative
4449,i've two passengers,assertive
4450,F  and G,assertive
4451,what's the first name on F H F  and J G,interrogative
4452,i don't have a profile for F,assertive
4453,i have that information here,assertive
4454,he's what i guess you'd call a seldom flyer,assertive
4455,that's,imperative
4456,first name H,assertive
4457,his id number is,interrogative
4458,and the charge number,interrogative
4459,charge number is,assertive
4460,and the travel advance number,interrogative
4461,i have two of them,assertive
4462,one for J which is,assertive
4463,i need H first,assertive
4464,H  first,interrogative
4465,and J G's is,assertive
4466,i don't need his yet,assertive
4467,i can only do one th... one profile at a time,assertive
4468,we do a generic profile,assertive
4469,and i have to implement all this first,assertive
4470,then i can go into another area and do the other person,assertive
4472,will you be using this information to start a a profile for H F,interrogative
4473,the only way we'll start a permanent profile,imperative
4474,a form has to be filled out and completed by him and signed,assertive
4475,and that'll come back to us,assertive
4476,and then it's put in the computer,assertive
4477,would you like to send it to me at E,interrogative
4478,they have'em at the travel office,assertive
4479,the forms,assertive
4480,because everything on this,assertive
4481,once he departs,assertive
4482,will completely leave our computer,assertive
4483,and your ex... extension at WWW,interrogative
4484,we have a profile for G,assertive
4486,let me get his profile for J G,assertive
4487,and the same charge number for him,interrogative
4488,his travel advance is,interrogative
4489,and they're travelling to what city,interrogative
4490,i'm sorry,interrogative
4491,what city are they travelling to,interrogative
4492,to LA,assertive
4493,on what date,interrogative
4494,on Tuesday,assertive
4496,on Monday the 10th,assertive
4497,is that from San Francisco or San Jose,interrogative
4498,i don't know that there is anything available,assertive
4499,the ideal would be from uh San Jose to uh Long Beach,assertive
4500,but i have a feeling that fli... a flight won't be available direct,assertive
4501,a... a... and this is for the morning,interrogative
4502,there's a United at 8:55,assertive
4503,arriving Long Beach at 10:20,assertive
4504,too too late,assertive
4505,it'd have to be at 7 o'clock,assertive
4506,that would be San Francisco,assertive
4507,or 7:30 at the latest,assertive
4508,if it can't be San J...,assertive
4509,can it be San Francisco Long Beach,interrogative
4510,it can't either,assertive
4511,they,assertive
4512,the service out of San Francisco is 8:45,assertive
4513,is the first flight out,assertive
4514,SFO to LAX then,imperative
4515,i can get them San Jose LAX at 7,assertive
4516,is is San Jose closer to them er,interrogative
4517,or should we just do San Francisco,interrogative
4518,that's hard to say,assertive
4519,maybe SFO's fine,assertive
4520,i have a feeling we're in Menlo Park,assertive
4522,and i think they each live fairly close to here,assertive
4523,so probably SFO is better actually,assertive
4524,there is a United US Air or American at 7,assertive
4525,i think we had better price rates on the US Air didn't we,interrogative
4526,or was it,interrogative
4527,pardon me,interrogative
4528,are the rates better on the US Air,interrogative
4529,they're going to be exactly the same,assertive
4530,i'm going to offer you what the lowest fare is,imperative
4531,it's not going to be on either of those carriers,assertive
4533,the lowest airfare would be on Pan Am at 6 a m,assertive
4534,arriving 7:29,assertive
4535,their airfare is 59 dollars,assertive
4536,everyone else is 95 dollars,assertive
4537,departing at 6 a m huh,interrogative
4538,6  a m,assertive
4539,that's  that's a little cruel,assertive
4541,that's a little cruel,assertive
4542,they they have to be in LA at 9:30 and so,assertive
4543,i think we'll stick with US Air number i think 2 9 0 8,imperative
4544,it goes down,assertive
4545,do you want to do,interrogative
4546,does it matter to them,interrogative
4549,carrier,assertive
4550,can we put them on American,interrogative
4551,why,interrogative
4552,only because we're having a lot of seat problems,assertive
4553,i... if i'm going to try and get them seats together,imperative
4554,we're having a lot of problems on the US Air seat maps,assertive
4555,so i i'm probably not going to be able to,imperative
4556,i don't know if i can get them together,assertive
4557,because we we request through our computer specific seats,assertive
4558,but we're not always getting them,assertive
4559,but either United or American level,assertive
4560,whatever we request pretty much we get,assertive
4562,i i'll just you know book the US Air,imperative
4563,but the...,assertive
4564,i don't think i'll get to seat them together on that,imperative
4565,i don't know if they care if they sit together,assertive
4567,i feel like flipping a coin now,assertive
4568,it's real frustrating,assertive
4569,he was,assertive
4570,i was,assertive
4572,the US Air flight was recommended by the manager,assertive
4573,i don't know if that makes  any difference,assertive
4574,he travels a lot,assertive
4575,he may of said it because of some preference,assertive
4576,i think they give really good service,assertive
4577,it's just that,assertive
4579,they give really good service,assertive
4580,US Air,interrogative
4581,let's go ahead and stick with it,assertive
4582,i hate their seat maps,assertive
4583,they're just,assertive
4584,they have seats that we you know we can't book the the way you look,assertive
4585,when you look at your map,assertive
4586,you have no idea what they are,assertive
4588,so when you request them,assertive
4589,you don't get responses at all on them for  days,interrogative
4590,we won't know if it's,assertive
4591,how about non-smoking and window aisle and all that stuff,interrogative
4592,i'm i'm going to do that,imperative
4593,but i just,assertive
4594,what i have to do is like a generic request instead of asking for specific seats,assertive
4595,i can see what seats are available,assertive
4596,but then they don't tell us which ones we can't,assertive
4597,some of them are blo... blacked out for restrictions or like  or whatever,assertive
4598,and we can't really tell on those,assertive
4599,on their seats maps are really,assertive
4600,i know that they said it's a real problem for themselves even their own agents trying to do their own seat assignments,assertive
4601,let me just see here,assertive
4602,that's US Air 2 9 0 8,assertive
4603,departing at,interrogative
4604,7 a m on the 10th,interrogative
4605,arriving 8:20,assertive
4606,and the return would be i believe US Air 2 7 7 7,assertive
4607,departing at 9 o'clock p m,assertive
4608,what d...,imperative
4609,is that on the same day,interrogative
4611,you said 7 p m,interrogative
4612,that'd be US Air 2 5 1 4 on the on the 10th,assertive
4614,they've changed their flight number,assertive
4617,th... that's wrong,assertive
4618,my computer here,assertive
4619,it's acting very strange,assertive
4620,that's US Air 2 7 7 7 on the 10th,assertive
4621,departing Los Angeles 7 p m,assertive
4622,arriving San Francisco 8:20 p m,assertive
4623,are we booking,interrogative
4624,can i put you on hold for a moment,interrogative
4626,did we,interrogative
4627,are we booking a car,interrogative
4628,B,interrogative
4629,under which name,interrogative
4630,G,assertive
4631,and do you know what size he uh what his profile,interrogative
4632,if his profile says  midsized car,assertive
4633,it's what's in his profile,assertive
4634,should we do that,interrogative
4635,mi... uh midsized,assertive
4636,that's on the profile,imperative
4637,from what these travellers are telling me,assertive
4638,there's only like a dollar difference between compact and midsized,assertive
4640,so i guess that's why they they  of them have changed their profiles,assertive
4641,the airfare again like i said is um 198 total,assertive
4642,that's 99 a person,assertive
4644,99 a person,assertive
4645,it's 1 98 each way on the airline,assertive
4647,1 98 per person,assertive
4649,and i guess,assertive
4651,i gotta offer what the lowest fares are,assertive
4652,so i have to see what the lowest fares returning are too,assertive
4653,the lowest airfare being declined is 59 each way on Pan Am,assertive
4654,but leaving at 6 in the morning and,assertive
4655,and coming back when,interrogative
4656,coming back they have a 6 p m,assertive
4657,arriving 7:30,assertive
4658,which again is too early,assertive
4659,too bad they didn't just schedule it an hour different,assertive
4660,maybe that's why it's so cheap,assertive
4661,we just have,assertive
4663,we just have to offer it and notate that it was declined,assertive
4664,1 18 will be what's declined,assertive
4665,1 99 is what's being paid,assertive
4666,and the other passenger wants what kind of seating,interrogative
4668,H F,imperative
4669,a profile,assertive
4670,he would like a non-smoking window,assertive
4671,and these tickets will be sent over today,assertive
4672,is there anything else,interrogative
4673,i need u... wh...,assertive
4674,we've gotten the car in uh in at LAX from wh... wh... what rental agency,interrogative
4675,that's Hertz,assertive
4676,Hertz midsized,assertive
4677,Hertz midsized in J's name,assertive
4678,and um i need one more thing,assertive
4679,H F does not drive and needs uh some kind of arrangement from his home to the airport,assertive
4680,i believe there's a limo that goes directly by WWW,assertive
4681,and he's only about a block from there,assertive
4682,from here,assertive
4683,there's there's the WWW,assertive
4684,the um Airport Connection has a 13 dollar,assertive
4685,it's 13 dollars,assertive
4686,and they have a pickup right at WWW,assertive
4687,if he takes a limousine,assertive
4688,it's 29 each way,assertive
4689,to take a limousine,assertive
4690,does he want the Airport Connection that just picks up right at WWW,interrogative
4691,i think i'll go ahead and commit him to that,imperative
4692,i don't think he wanted to to spend 29 each way to be committed to it,assertive
4693,but do you know this area,interrogative
4694,or are you not in on this site,interrogative
4695,i'm not there,assertive
4696,but um   i just wasn't sure how far away this is or how he gets to work in the morning,assertive
4697,if he walks or what,assertive
4698,how far,interrogative
4699,where's he at,interrogative
4700,i'm just wondering how far he really is from c... from our site,imperative
4701,i know where you're at,assertive
4702,but w...,assertive
4703,do you know where he's at,interrogative
4704,he's at the  block of,assertive
4705,i know where 's at,assertive
4707,i'm trying to think,imperative
4708,runs right up to,assertive
4709,he's in Palo Alto,assertive
4710,Menlo Park,assertive
4712,i didn't know that,assertive
4713,went down to Menlo Park,interrogative
4714,i think he really is pretty close,assertive
4715,but uh i am committing him to making it into WWW by like 6 in the morning or something,assertive
4716,what time is the pickup,interrogative
4717,they are 10 minutes to the hour,assertive
4718,so it would have to be 6:50,assertive
4719,it can't be 6:50,assertive
4720,it'd have to be like 5:50,assertive
4721,they might have a six,assertive
4722,6:15 i think,assertive
4723,they have like a 6:15,assertive
4724,that would get him there like a quarter to 7,assertive
4725,but i don't know if that's like going to be enough time to check in,assertive
4726,he won't have any luggage,assertive
4727,a quarter to 7 is a little close,assertive
4728,and i'll put him on the best one we can,imperative
4730,and see exactly what their times are,assertive
4731,that may not be appropriate,assertive
4732,i don't want him to both have to walk all walk over to WWW and   um you know be here,assertive
4733,if the timing works for that,assertive
4734,then i think that'd be appropriate,assertive
4735,otherwise i think we should get the limo,assertive
4736,you mean at 6:15,interrogative
4737,if they have one at 6:15,assertive
4738,he'll take that one,assertive
4740,the... they're not going to be at 6:30,assertive
4741,cos it takes them about a half hour to get to the airport,assertive
4742,he wouldn't make his flight,assertive
4744,it's probably,assertive
4745,i think it's like 10 to si... 10 to 6 or then,assertive
4746,i think they then have another one at,assertive
4747,i'm not sure if they're just 10 minutes to the hour,imperative
4748,it would be 10 to 6 and that  would,assertive
4749,it's kind of tough to decide what would work,assertive
4750,cos i'm not a traveller,assertive
4752,there   are so many things i don't know about this,assertive
4753,but um what time do you think he should arrive at the airport if he has no luggage and wants to get on the 7 o'clock flight,interrogative
4754,if he he he should at least arrive 20 minutes before the flight,assertive
4756,they can sell his seat to someone else,assertive
4758,so that's the problem,assertive
4759,so he should he should be leaving here at 6 o'clock then it seems like,assertive
4761,he he would get there about 6:30 right,imperative
4762,they leave,assertive
4763,10 to 6,interrogative
4764,if he's disembarking from the van at at 6:30,assertive
4765,then he's   finding his way to the check out window etcetera,assertive
4766,probably 20 till,assertive
4767,so  e... even  the limousine,assertive
4768,if he takes the limousine,assertive
4769,a shared ride limousine for 29 dollars,assertive
4770,they're going to pick him up an hour and a half prior to departure,assertive
4771,cos he's not going to be the only person in that limousine,assertive
4772,the... they're going to go around and make pick ups,assertive
4773,and then they're they're probably going to say 5:30 they're going to pick him up,assertive
4774,if it if it if it comes,assertive
4775,if there is one,assertive
4776,you are you saying there definitely is one at 10 to 6,interrogative
4777,there is one definitly 10 to 6,assertive
4778,i'm not certain whether they have them like after 10 minutes after the hour,assertive
4779,i know they have them 10 minutes to the hour,assertive
4780,i think the 10 to 6 would be the most appropriate one,assertive
4781,and does he,interrogative
4782,is that round trip or just the one way,interrogative
4783,that is round trip,assertive
4784,i i'll go ahead and book that,imperative
4785,then that'll also be printed on his itinerary,assertive
4786,his pick up time,assertive
4787,and how about exact location of pickup,interrogative
4788,where does he need to be,interrogative
4789,i think building A,assertive
4790,let me find out  ok,interrogative
4791,it's building A is where they pick up,assertive
4792,at the front steps,interrogative
4793,and what's the name of the company,interrogative
4794,it's Airport Connection,assertive
4795,Airport Connection,interrogative
4801,is this going to be business or personal,interrogative
4802,this is business,assertive
4803,and uh,assertive
4804,and what date did you want to leave,interrogative
4805,i'm going to be leaving May 1st,imperative
4806,from San Jose or San Francisco,imperative
4807,it looks like San Jose,assertive
4808,tell you what i what i need,assertive
4809,i have an appointment Monday afternoon at San Bernadino,assertive
4810,and uh i have appointments on Tuesday um in the City Commerce and in the Santa Ana areas,assertive
4811,it looks like probably the best connections are to go out to Ontario and to come back by way of Orange County,assertive
4813,if you split that up,assertive
4814,whether that's gonna,imperative
4815,it won't,assertive
4816,it really won't affect the cost,assertive
4817,except that if we issue the ticket today,assertive
4818,we can get you a seven day advance purchase  fare,assertive
4819,that's gonna be two fifty eight round trip instead of two ninety  six,assertive
4820,but uh otherwise,assertive
4821,un... unless you're staying over a Saturday night,interrogative
4822,unfortunately no,assertive
4824,and what time do you need to be in San Bernadino by,interrogative
4825,i need to uh,assertive
4826,my appointment is at 2 o'clock,assertive
4827,it looks like i,assertive
4828,i just looked at the airline guide,assertive
4829,it looks like there are two American Airlines flights out of San Jose,assertive
4831,one's at 9:50,assertive
4832,gets in around 11:02,assertive
4833,and the other 9:25,assertive
4834,it gets in at ten thirty,assertive
4835,that's on Alaska,assertive
4836,is that Alaska,interrogative
4838,both of them,imperative
4839,American is the 9:50 flight,assertive
4840,9:50 is American,assertive
4841,are there price differences depending on,interrogative
4842,it would be the same airfare,assertive
4843,it's just up to you which time would be better or if you have a preference  to airlines,assertive
4844,they're both in  the middle of the morning,assertive
4845,equally non-productive,assertive
4846,it shouldn't be ba... too bad traffic-wise,assertive
4847,i guess Alaska has a snack on it and American doesn't,assertive
4848,would you rather fly on the Alaska flight,interrogative
4849,p... p... put me on the American,assertive
4850,that's a little later,assertive
4851,that's the 9:50 you say,imperative
4852,put me on the American flight,assertive
4853,that's flight 14 13,assertive
4854,and it leaves San Jose 9:50 a m  and arrives Ontario 11:02,assertive
4855,11:02,assertive
4856,and then what date would you be returning,interrogative
4857,be returning on the 2nd,assertive
4858,at what time,interrogative
4859,and uh my last appointment is again 2 o'clock in the afternoon,assertive
4860,i would imagine we could depart around 5,assertive
4861,5 or 6,assertive
4862,and you wanted to leave from Orange County correct,imperative
4863,i think so,assertive
4864,the appointment's going to be right near Orange County,assertive
4865,American has a 5 p m flight,assertive
4866,that sounds,assertive
4867,or they have a 6 p m,assertive
4868,the 14 96 is the 5 right,interrogative
4869,i'd almost i'd almost say uh the 5 ought to be able to do it,assertive
4871,let me just go ahead and price this and double check,assertive
4872,but yeah,assertive
4873,you would be eligible for the 2 58 fare,assertive
4874,but the ticket would need to be issued today,assertive
4875,if you want to change that return,assertive
4876,you'd have to give me a call by this afternoon,assertive
4877,or unless you wanted to go with the fare that had no penalty,assertive
4878,which would be 2 96,assertive
4879,in other words,assertive
4880,if i change the return,assertive
4881,then i'm,assertive
4882,you need to do so by by  this afternoon,assertive
4883,it's not something  that i could,assertive
4884,if i if i changed en route er while i was there,assertive
4885,that would be a penalty,interrogative
4886,yo... yeah,assertive
4887,then it would be a 25 percent penalty,assertive
4888,i i suspect that uh i suspect the uh 5 o'clock is ok,assertive
4889,but maybe to be on the safe side,assertive
4890,we better do the 6,assertive
4891,if we wind up having a productive meeting,assertive
4892,i'd hate to have to push it short for 25 percent penalty included,assertive
4893,tha... that's true,assertive
4894,i can confirm you on the 6 o'clock flight,assertive
4895,which is flight 3 6 2,assertive
4896,do you want to go ahead with the 6 p m departure then,interrogative
4898,and we want to go ahead with the 258 dollar fare that  has the 25,imperative
4899,if that's the best  we can do,assertive
4901,just for curiosity,assertive
4902,if you stayed over Saturday,imperative
4903,what are the rates,interrogative
4904,we could get it down to a 124 dollars round trip,assertive
4905,round trip,assertive
4906,efforts,assertive
4907,but that w... but that would be completely non-refundable,assertive
4908,no no changes,interrogative
4909,no changes on a a,assertive
4910,if if worst,assertive
4911,the only thing is that i do need to have the um charge number and the travel advance before we can issue  the ticket today,assertive
4913,thank you so much,assertive
4918,this is C with American Express,assertive
4920,i called to make arrangements for a trip to Vancouver,assertive
4921,leaving on August 9th and returning on August 10th,assertive
4922,from SFO,assertive
4923,this is a new reservation here,interrogative
4924,it's a new reservation,assertive
4926,not,assertive
4928,i was a little confused there,assertive
4929,and do you have a charge number at this time,interrogative
4930,going up to Vancouver,assertive
4931,you said on the 8th of August,interrogative
4932,on the 9th,assertive
4934,Wednesday the 9th,assertive
4935,back Thursday the 10th,assertive
4936,and this is from San Francisco,interrogative
4937,and about what time did you want to leave,interrogative
4938,what's your first 1 or 2 morning flights on the 9th,interrogative
4939,there's a Delta non-stop at 7:40 a m,assertive
4940,that gets in at 9:40,assertive
4941,the next non-stop is going to be,assertive
4942,the next non-stop is sold out,assertive
4943,probably United,assertive
4944,the one second Canadian Air,assertive
4947,at 11:10 is would stop down,assertive
4948,n... n... that's too late,assertive
4949,that Delta flight looks the best,assertive
4950,that's Delta flight,assertive
4951,what and when again,interrogative
4952,Delta flight1 4 0 9 on the 9th of August,assertive
4953,out of San Francisco at 7:40,assertive
4954,and into uh Vancouver at uh 9:40,assertive
4955,and then continuing or returning on what date,interrogative
4956,returning the 10th,assertive
4958,let's get uh two options in here,assertive
4959,one will be coming back uh direct,assertive
4960,say leaving around uh 5 p m or so,assertive
4961,and the other option will be leaving a little earlier,assertive
4962,stopping over in Seattle for a few hours,assertive
4963,and then coming back down,assertive
4964,let's just go the direct return leaving around 5 p m,assertive
4965,the 2 no-stops are on Canadian Airlines,assertive
4966,they are at 1:40 p m and 8 p m,assertive
4967,nothing in between there,assertive
4968,that's it,interrogative
4969,what about a a change of planes or a quick stop-over,interrogative
4970,or one stop maybe in either Portland or Seattle and continuing on down,interrogative
4971,connecting through Seattle,assertive
4972,there'd be a 4:40 departure uh on Alaskan Air,assertive
4973,it connects up with a United flight at 6:30,assertive
4974,how long do you want would you prefer in uh uh Seattle,interrogative
4975,if i stop over Seattle,assertive
4976,i'll want a few hours,imperative
4977,so what i'll want to do is um probably not leave Seattle until about 8:30 or so,imperative
4978,would you still you would still want to leave around the 4 o'clock 5 o'clock hour,interrogative
4979,that's one,assertive
4980,the other thing is,assertive
4981,i'll look at uh moving that up a bit   to say 4 o'clock 3:30,interrogative
4982,second,assertive
4983,but for the moment,assertive
4984,let's just consider that 4:30 Alaska,assertive
4985,and that then you're saying connects with a 6:30 United,interrogative
4986,there's a 4:38 on United,assertive
4987,there's um a like,assertive
4988,i could get you on a 4:38 United out of Vancouver,assertive
4989,it's into Seattle at 5:25,assertive
4990,i see a 7:45 p m departure on United,assertive
4991,let me see if there's something later here,assertive
4992,looks like we might need to get you something earlier if you want that kind of time in Seattle,assertive
4993,7:50 is the last flight out,assertive
4994,7:50 is the last anybody has out of   Seattle,interrogative
4997,i thought i'd been there later than that,assertive
4998,not even a one-stop or a non-stop,interrogative
4999,let me get you on a on a one-stop here,assertive
5000,even a one-stop that's that's showing to be the last flight out,assertive
5002,back to the airport by 7:15,assertive
5003,you said at the moment you've got a a 4:38 United out of Vancouver 5:25 into Seattle,interrogative
5004,and i guess a couple of United connections,assertive
5005,but the latest is 7:45,interrogative
5007,and that get... get's back in the bay area at what time,interrogative
5008,at 9:34,assertive
5009,9:34,assertive
5010,if i took,assertive
5011,what would be the normal direct connection from that 4:38,interrogative
5012,the normal connection would be a 5:55 departure,assertive
5013,getting you back in at 7:48,assertive
5014,7:48,assertive
5015,why don't you go ahead and ticket me on that  for the return,interrogative
5016,i'll take that 4:38 United 5 2 5,imperative
5017,and then departing again 5:55,assertive
5018,we've got you then on United flight 1 1 5  7 on the 10th of August,assertive
5019,out of,assertive
5020,i grabbed the wrong flight,assertive
5021,that's United,assertive
5022,1 0 4 1,assertive
5023,1 0 4 1 out of Vancouver,assertive
5024,at 4:38,assertive
5025,into Seattle at 5:25,assertive
5026,connecting to United  1 1 3 7,assertive
5027,1 1 3 7,assertive
5028,leaving Seattle at 5:55,assertive
5029,and getting into San Francisco at 7:48,assertive
5030,and informational purposes,assertive
5031,the last United flight and almost one of the last direct flights is 7:45,assertive
5032,and what is that flight number,interrogative
5033,that flight number is United flight 1 0 8 9,assertive
5034,1 0 8 9,assertive
5035,i'm up on Delta as a non-stop at 7:40,imperative
5036,and i'm back on United at uh 4:38 the next day,assertive
5037,the fare on this is 376 70,assertive
5038,376 70,assertive
5039,is there any,interrogative
5040,no restrictions on it,assertive
5041,no restrictions,assertive
5042,none,assertive
5043,and i do need to advise you,assertive
5044,you do need to bring proof of U... United States citizenship,assertive
5046,and what about a car or hotel up there,interrogative
5047,thank you then,assertive
5051,A at American Express,assertive
5053,this is B B,assertive
5054,i need to make some travel arrangements,assertive
5056,on June 6th from San Jose to Denver United,assertive
5057,leaving at what time,interrogative
5058,i believe there's one leaving at 11 o'clock in the morning,assertive
5059,that's United flight 4 7 0,assertive
5060,leaves at 11 a m,assertive
5061,and arrives Denver at 2:20 p m out of San Jose,assertive
5062,that's the one,assertive
5063,and a return,interrogative
5064,return June 7th,assertive
5066,i believe there's one at 5:16,assertive
5067,that's United flight 6 5 0 9,assertive
5068,it arrives back into San Jose at 6:42,assertive
5069,let me just see what sort of fare i can get you on this,assertive
5070,the best fare i can get you on this would be 568 round trip,assertive
5071,that does have a 25 percent change cancellation penalty on it,assertive
5072,and we'd have to ticket it by Tuesday,assertive
5077,i'd like to make a travel arrangement please,imperative
5078,and what's the name of the last the last name of the passenger,interrogative
5080,and a first name,interrogative
5082,i have to get a travel advance,assertive
5083,can i give you a call right back,interrogative
5084,and which day would Mr B like to travel,interrogative
5085,he's departing on June 14th,assertive
5086,going from San Jose to Burbank,assertive
5087,leaving at 6:40 p m,assertive
5088,and returning on which day,interrogative
5089,June 16th,assertive
5090,and at what time,interrogative
5091,leaving 4:15 pm from Burbank,assertive
5092,we have him on US Air flight 2 6 5 0 on the 14th of June,assertive
5093,out of San Jose at 6:40 p m and into Burbank at 7:42 p m,assertive
5094,he's returning on the 16 of June on US Air flight 2 6 6 5,assertive
5095,leaving Burbank at 4:15 p m and getting back into San Jose at 5:20 p m,assertive
5096,and the fare on this is a 198 dollars,assertive
5097,i think we'd like to pay just with the full fare,imperative
5098,because he could change his mind,assertive
5099,this is full fare,assertive
5100,there is no penalties or anything,assertive
5101,you'll have it on Monday,assertive
5110,i'd like to make a reserv... some reservations please,imperative
5111,and what's the passenger's last name,interrogative
5112,and we need to do the same thing we've done once or twice before,assertive
5113,and it's gonna be for May 11 if you're at that point yet,assertive
5114,May 11th you said,interrogative
5115,San Francisco to,imperative
5116,not that easy,assertive
5117,i...,assertive
5118,but this is his route,assertive
5119,he wants to take a Piedmont flight that leaves Phoenix aimed for Baltimore at 10:30 in the morning,assertive
5120,and then he wants to connect with another Piedmont flight from Baltimore to New York,assertive
5121,and then a Saudia flight to Riyadh,assertive
5122,i show a a Piedmont flight f... at 9:25 a m,assertive
5123,i don't show a 10:30 one,assertive
5124,is that from Phoenix to Baltimore,interrogative
5125,let's do that,assertive
5126,and what day from um,interrogative
5127,all consecutive,assertive
5128,or back-to-back as best as possible,assertive
5129,Baltimore to Ji... to JFK,imperative
5130,wherever Saudia flies out of to Riyadh,assertive
5131,he just thinks that Baltimore is the most efficient route to get to JFK from Phoenix,assertive
5132,and we're looking for economy,assertive
5133,not business or first,assertive
5134,you're looking for uh Saudi Arabian a... Airlines,imperative
5135,using Saudi on the 11th or,assertive
5136,i guess it'd probably at the night of the 11th,assertive
5138,that's what i'm looking at,assertive
5139,it is sold out,assertive
5140,that's not a good new,assertive
5141,that's not good news,assertive
5143,out of JFK um,assertive
5144,is Friday open,interrogative
5145,let me check here,assertive
5146,i'm showing economy on Pan Am is open,assertive
5147,on that Thursday,interrogative
5148,on the 11th,assertive
5149,we have to get him to Riyadh one way or another,assertive
5150,let's sign him up with whatever we can,assertive
5151,and then returning from there,interrogative
5152,open,assertive
5153,we don't know when t... he's gonna come back yet,assertive
5154,but it'll be the same routing,assertive
5155,if you have to  estimate a price,assertive
5156,we've got him on Piedmont flight f... 11:54,assertive
5157,on the 11th of May,assertive
5158,Piedmont 11:54,imperative
5159,on 5 11,assertive
5160,out of Phoenix at 9:25 a m,assertive
5161,into Baltimore at 4:56 p m,assertive
5162,same day on the 11th of May,assertive
5163,it's Piedmont flight   45 35,assertive
5164,45 35,assertive
5165,out of Baltimore at 5:55 p m,assertive
5166,5:55,interrogative
5167,into JFK at 7:10 p m,assertive
5168,connecting there with PanAm flight 10 66,assertive
5169,leaving JFK at 9:15 p m,assertive
5170,9:15,interrogative
5171,and getting into Riyadh at 7:15 p m the following day,assertive
5172,if you want to look that up,assertive
5173,and i'll look at  a couple of things on this and um give you a call back either today or tomorrow morning as far as faring goes,imperative
5174,okay,interrogative
5176,thing,assertive
5183,i want er two tickets to er from er Leicester to Newton Abbot,imperative
5184,from Leicester to Newton Abbot,assertive
5188,i want to travel on Tuesday the 6th,imperative
5190,does anyone have a railcard who's travelling,interrogative
5191,and what time would you like to depart from  Leicester,interrogative
5192,it's it's about em em well erm 6,assertive
5193,6:18,assertive
5195,and erm  it gets in at erm  to Birmingham at 10:15,assertive
5196,is that changing at Birmingham,interrogative
5197,and it's the 11 o'clock train from Birmingham,imperative
5198,arriving in Newton Abbot for 14:02,interrogative
5201,and then on the Thursday,assertive
5202,i think it's the 8th,assertive
5204,12:21,assertive
5205,from Newton Abbot,interrogative
5206,that's arriving in Birmingham New Street for 15:42,assertive
5207,then departing there at 16:06 to arrive in Leicester at 17:01,assertive
5209,i'm just going to check to see what's the cheapest fare available to you,imperative
5211,i'm checking for the Super Advance Return at 41 pounds 50 each,assertive
5212,i'm checking availability there,assertive
5213,the 9:18,assertive
5214,changing at Birmingham New Street,assertive
5215,arriving in Newton Abbot is ok,assertive
5216,i'm just checking for the Thursday on the return,assertive
5217,the 12:21,assertive
5218,that's available as well,assertive
5223,as long as i...,assertive
5224,i fancy sort of,assertive
5226,the trouble is i've just had a ticket,assertive
5227,and and she said she was going to put me on a table,assertive
5228,but the er,assertive
5229,when i've had just received them,assertive
5230,they're the wrong  erm wrong date,assertive
5231,so i've got to send these back,assertive
5232,and i'm re... reordering now,assertive
5233,the right date,assertive
5234,you send those tickets back  to our customer services department,assertive
5235,is it was a table you'd prefer,interrogative
5238,you're travelling from Leicester at 9:18 in the morning,interrogative
5239,you arrive in Birmingham New Street at 10:15,assertive
5240,you depart Birmingham New Street 11 a m  to arrive in Newton Abbot at 14:02,assertive
5241,it's the 8th of October,assertive
5242,you'll be travelling at 12:21 from Newton Abbot,assertive
5243,you arrive in Birmingham New Street at 15:42,assertive
5244,then you depart Birmingham New Street at 16:06 to arrive in Leicester at 17:01,assertive
5246,the total cost is 83 pounds return,assertive
5247,with the Super Advance ticket,assertive
5248,you must stick to the dates and the times that you book,assertive
5250,yes,assertive
5251,if you have to cancel however,assertive
5252,if you cancel by 2 o'clock the day before travel,assertive
5253,it's a full refund less 5 pounds admin charge,assertive
5258,you must do so by 2 o'clock the day before travel as well,assertive
5259,subject to availability and 5 pounds charge per ticket,assertive
5260,your surname please,interrogative
5263,and your title please,interrogative
5267,0 1 7,assertive
5273,double 6,assertive
5275,6 0,assertive
5276,6 zero,assertive
5277,1 4,assertive
5279,and the postcode to where the credit card is registered to,interrogative
5280,is   16,assertive
5282,for,imperative
5284,it's 7 2 2   Road,assertive
5285,Winston,assertive
5286,Leicester,assertive
5287,that's where the two tickets will be posted out to,assertive
5290,it's a Visa,assertive
5291,and the long number across the Visa please,interrogative
5292,is er 1 6  4 7,assertive
5293,1 6 4 7,assertive
5294,6 4,assertive
5296,0 1,assertive
5300,7 1,assertive
5306,and your expiry date,interrogative
5307,it it's it's er the 10th of er 98,assertive
5308,the 10th 98,assertive
5309,83 pounds will be debited from that card,assertive
5311,a pen,interrogative
5312,not at the moment,assertive
5315,quickly,assertive
5316,i've got one now,assertive
5317,this is the reference number that your tickets have been booked  under,assertive
5319,and it's 8 4 2,assertive
5320,8 4 2,assertive
5326,and the number 2,assertive
5327,and the 2,assertive
5328,the tickets will go out in the first class post for you this afternoon,assertive
5330,Mrs Nunn,assertive
5332,i'll send these others back now then,imperative
5333,just the address,assertive
5334,it's on the envelope uh uh enclosed when the tickets arrive,assertive
5336,right then,assertive
5338,thank  you calling now,assertive
5339,thank you now,assertive
5346,a journey from Liverpool to Newcastle,assertive
5347,leaving Liverpool at 12,assertive
5348,either the 12:17 or 12:22 on Saturday the 4th of Oct...,assertive
5349,Saturday the 3rd of October,assertive
5352,and is it just for 1,interrogative
5355,it's a Super Saver return i think i need,assertive
5356,i'm just going to check the 12:17 from Liverpool Lime Street arrives in Newcastle,imperative
5358,and that's Saturday the 3rd of October,interrogative
5359,this Saturday,interrogative
5362,i think it's the 17:20 leaves Newcastle,assertive
5363,gets back into Liverpool 20:56,assertive
5364,Su... Sunday the 4th,interrogative
5365,departing at 17:20  from Newcastle,interrogative
5366,arriving at 20:56 in Liverpool Lime Street,interrogative
5368,the cheapest fare is 41 pounds 40 return,assertive
5369,and that's your Super Saver,assertive
5371,if you miss any services that i'm going to reserve you on,imperative
5380,could you give me a contact telephone number please,interrogative
5381,i'll give you thi...,imperative
5382,the one for day time is 9 9 1,assertive
5383,0 1 1 4,assertive
5385,if you need it,assertive
5386,9 9 1,assertive
5387,4 7 4 7,assertive
5388,and it's extension 1 0 5 9,assertive
5389,1 0 5 9,assertive
5390,i can give you a home phone number as well if you want,assertive
5391,that one will do fine,assertive
5392,your postcode to where your credit card is registered to,interrogative
5393,5 8,assertive
5394,8  for   for,interrogative
5397,number 13,assertive
5398,Lane,assertive
5399,Heswall,assertive
5400,double,assertive
5401,Wirral Merseyside,assertive
5404,sad,assertive
5405,i thought thought you'd,assertive
5406,when you said confirm it i thought it'd come up on your screen there,assertive
5407,it's ok,assertive
5409,smoking please,assertive
5410,you're travelling from Liverpool Lime Street to Newcastle on Sunday,assertive
5411,Saturday the  3rd of October,assertive
5412,departing at 12:17,assertive
5413,and it's for 1 person smoking,assertive
5414,be coach  for,assertive
5415,seat number 34,assertive
5416,it's actually booking me in non-smoking,assertive
5417,that's the best available that i can get,assertive
5418,that that's fine,assertive
5419,that's  no problem at all,assertive
5420,the train departs at  12:22   on  Saturday,assertive
5421,returning from Newcastle to Liverpool Lime Street on Saturday the 4th of October,assertive
5422,departing at 17:20,assertive
5423,can i can mhm,interrogative
5424,you just said Saturday the 4th,interrogative
5425,Sunday the 4th,assertive
5429,and it's coach  for,assertive
5431,and once again it's non-smoking,assertive
5432,so it must be only non-smoking trains  that are available,assertive
5433,i can i can manage that,assertive
5434,i'm just going to go over to double check what i've booked there with you,imperative
5435,it's Liverpool to Newcastle on the 3rd of October,assertive
5436,that's Saturday,assertive
5437,departing 12:22,assertive
5438,returning Sunday the 4th of October from Newcastle to Liver... Liverpool Lime Street at 17:20,assertive
5440,41 pounds 40  is the total fare,assertive
5442,it's Barclays Connect Visa card,assertive
5443,which whichever one,assertive
5444,it's a Barclays Connect,assertive
5445,it's got Visa on it,assertive
5447,the number please,assertive
5448,it is 1 8,assertive
5450,8 3,assertive
5452,7 3,assertive
5454,double 5,assertive
5456,4 9,assertive
5458,4 1,assertive
5460,double 3,assertive
5462,0 5,assertive
5465,is 12 99,assertive
5466,12 99,assertive
5467,you need to take your credit card with you,assertive
5468,you collect your tickets 45 minutes before departure time  at the booking office in Liverpool Lime Street,assertive
5469,and you need to take your credit card and quote this reference number,assertive
5470,do you have your pen ready,interrogative
5472,5 7 7 4,assertive
5474,4 4 8 5,assertive
5476,stroke  as in,assertive
5477,stroke,assertive
5478,5  7 7 4,assertive
5483,thank you for calling  then,assertive
5492,it's from London Euston to Birmingham International,assertive
5496,it's Saturday October the 31stt,assertive
5499,is that 2 adults,interrogative
5500,2 adults,assertive
5501,does anyone who's travelling have a railcard,interrogative
5503,4:05,assertive
5505,arriving at 10:40,interrogative
5507,leaving  er Birmingham International at 17:25,assertive
5508,is that the same day,interrogative
5509,that's the same day,assertive
5511,the 17:25 returns arrives in Euston at 19:08,assertive
5512,the cheapest fare is 14 pounds for the Virgin Value fare each,assertive
5513,but that 9:05 is booked up on the outward service,assertive
5514,i'm just checking to see what's the nearest time to that is a... is available,imperative
5515,there's the 8:05,assertive
5516,or it's the 9:35,assertive
5517,i'll go for the 9:35,imperative
5518,09:35 from Euston,imperative
5519,arriving in Birmingham International 11:07,assertive
5520,and that's on the 31st of October,assertive
5521,returning the same day at 17:25,assertive
5522,arriving at 19:08,assertive
5525,and do you have any seat preference,interrogative
5526,with with a table if possible,assertive
5528,if you have to cancel your journey,assertive
5530,you would receive a 50 percent refund less 5 pounds,assertive
5531,if you had to change in the time of travel,assertive
5532,you must do so by 6 o'clock the day before,assertive
5540,as in,interrogative
5542,is 0 1 6 3,assertive
5543,2 4 5,assertive
5544,1 1 1 3,assertive
5546,is   5,assertive
5547,9,assertive
5549,5 9 36  Road North,assertive
5550,that's Ilford Essex,assertive
5551,that's where the 2 tickets will be posted out to,assertive
5552,and  the total cost is 28 pounds in total,assertive
5553,could you give me your credit card number,interrogative
5554,it's 9 5 2 3,assertive
5555,9 5 2 3,assertive
5556,3 4 5 2,assertive
5558,9 1 5 2,assertive
5560,9 9 1 5,assertive
5563,05 99,assertive
5565,do you have a  pen handy,interrogative
5568,for  9,assertive
5569,for   for  1 2,assertive
5570,again,assertive
5572,and the ticket will be,assertive
5573,2 tickets will be posted out to you this afternoon first class mail,assertive
5578,bye   bye,assertive
5579,there is no BBB here,assertive
5580,oh boy,exclamatory
5581,what's that,interrogative
5582,CCC BBB,interrogative
5583,FFF,assertive
5584,the person,assertive
5585,you had not made a reservation for this person yet right,interrogative
5586,is this going to be for for business or for personal,interrogative
5587,that's personal,assertive
5588,visit my sister,assertive
5589,see C O D,assertive
5590,and you're going to pay for cash,interrogative
5591,let me just pull up a profile,assertive
5592,how do you spell the last name of the traveller again,interrogative
5593,and the QQQ,assertive
5595,and what was the date of travel,interrogative
5596,today,assertive
5597,tonight,assertive
5600,then let me pull up the flight,assertive
5601,is that in San Jose,interrogative
5602,and it was from San Jose to L to LA you said,interrogative
5603,San Jose to LA,assertive
5604,and what time did she tell you it left it was,interrogative
5605,9 o'clock p m,assertive
5606,9 p m,assertive
5607,that's the only uh flight i think,assertive
5608,and it was into LAX on Continental,assertive
5609,i don't show that Continental flies there from San Jose,assertive
5610,maybe she was looking out of San Francisco,interrogative
5611,there's a flight out of San Francisco at 9 o'clock,assertive
5613,is it San Francisco,interrogative
5615,if that's the only place,assertive
5617,it's 49 dollars,assertive
5618,it's Continental flight 8 2 4,assertive
5619,8 2 4,assertive
5620,and it was,assertive
5621,was it just going to be for one way,interrogative
5622,just one way,assertive
5623,and that's um ge... leaving at 9 p m from San Francisco,assertive
5624,arrival at LAX at 10:15 p m,assertive
5625,and the total,assertive
5626,and that's confirmed right,interrogative
5627,that's confirmed right now,assertive
5628,at 49 dollars,assertive
5629,and we'll get the tickets over to you as soon as possible,imperative
5630,there is delivery over to WWW,assertive
5631,maybe,assertive
5632,we issue the tickets out of WWW,assertive
5633,so um we generate the tickets from here,assertive
5634,but it it comes out at WWW,assertive
5635,so i'll have someone call you as soon as they're ready to be picked up,imperative
5636,and what type of seats would she want me to request,interrogative
5637,what what,interrogative
5638,what type of seats does she want,interrogative
5639,by the window if you have,assertive
5641,your name and extension,interrogative
5642,GGG,assertive
5643,got it,assertive
5645,who's this,interrogative
5656,can you give me some fares to some strange places,interrogative
5657,depends on how strange,assertive
5658,how about from London to Belgium,interrogative
5659,wh... and any particular date er,imperative
5660,let's say mid-July,assertive
5661,just a moment while it uh it looks up,assertive
5662,sometimes international takes a little bit longer for them to compute,assertive
5663,we've got uh,assertive
5664,did you want round trip or one way,interrogative
5666,i'm still waiting on the London to Brussels,imperative
5667,let's see if we've got a valid carrier,assertive
5668,Air Europe has a flight round trip for 2 13 59,assertive
5669,no penalties,assertive
5671,how about London to Newcastle,interrogative
5672,British Air has a 174 14 round trip,assertive
5673,or the highest it could go would be 2 26 08,assertive
5674,different classes of service,assertive
5675,still no penalties e... either of them,assertive
5676,th...,assertive
5677,that was it,interrogative
5678,that's what i needed,assertive
5685,Wigan North Western to London Euston please,assertive
5687,a Switch,assertive
5689,two adults please,assertive
5690,and what date is that you're travelling out,interrogative
5691,Saturday the 24thh of October,assertive
5693,on the 6:34 from Wigan please,assertive
5694,is that in the morning,interrogative
5697,the same evening,assertive
5698,i think there's one at 7:25 Eus... London Euston,assertive
5699,7:25,assertive
5700,19:25 in the evening,interrogative
5703,they don't,assertive
5704,i'm just checking that out for you,imperative
5705,the last direct service i have from Euston to Wigan is the 18:25 arriving at 21:06,assertive
5706,21:06,assertive
5707,the 18 twe...,assertive
5708,oh that's right,assertive
5709,there used to be a 7:25,assertive
5710,but there's road er road works listen me engineering works isn't there or something,interrogative
5711,and that's why er,assertive
5712,i think somebody did mention it when i enquired the other day actually,assertive
5713,6:25,assertive
5714,can you do can is there availability on that  one,interrogative
5715,the fare the cheapest fare that i'm checking for is 19 pounds Virgin Value fare,assertive
5716,it's not available on the 6:34 in the morning,assertive
5717,but the next train's available,assertive
5718,it's 7:34,assertive
5719,arriving at 10:20,assertive
5720,is that going to be a suitable time for you,interrogative
5721,7:34,assertive
5722,arriving at  10,interrogative
5723,10  20,assertive
5724,it isn't actually,assertive
5725,because we need to get in London as soon as possible,assertive
5726,is there one earlier than the 6:34 or is that the first one out of Wigan in the morning,interrogative
5729,there's a 5 fif... 33 from Wigan,assertive
5730,arriving at 8:30,assertive
5731,and can that be erm,interrogative
5732,Virgin Value,interrogative
5733,can we book on that one please,interrogative
5734,it's the 24th of October,assertive
5735,you're travelling from Wigan North Western  9:33 in the morning,assertive
5736,arriving at 8:30 in London Euston,assertive
5737,returning the same day at 18:25 from Euston,assertive
5738,you arrive at 21:06,assertive
5740,it's 19 pounds each for the Virgin Value fare,assertive
5744,if you can do us on a table,assertive
5745,that'd be beneficial,assertive
5746,but it doesn't matter if you can't,assertive
5747,but it's preferable a table,assertive
5748,i'll try and book that for you,imperative
5749,the dates times and seat numbers are printed on the tickets,assertive
5751,if you couldn't make your journey and wish to cancel,assertive
5752,if you cancel the Virgin Value,assertive
5753,you must cancel by 6 o'clock the day before your outward travel,assertive
5754,it's a 50 percent refund less 5 pounds admin charge,assertive
5755,if you have to change any of the times of travel,imperative
5756,it's by 6 o'clock the day before again,assertive
5761,it's Miss,assertive
5763,0 1 0 3 3,assertive
5764,8 9 3,assertive
5765,3 2 3,assertive
5766,and your postcode to where the credit card is registered to,interrogative
5769,and confirm that address for me,assertive
5770,53  Edge  Street,assertive
5771,Goldhampton,assertive
5772,Warrington,assertive
5773,that's where the tickets will be posted out to,assertive
5774,i need your long number across your swi... your credit card,imperative
5775,do you want that now,interrogative
5776,5 2 3 3,assertive
5778,6 3 5 9,assertive
5780,2 8 3 3,assertive
5782,double 3 9 3,assertive
5784,6 9 8,assertive
5786,does it have an issue number,interrogative
5787,it does indeed,assertive
5788,it's number 3,assertive
5790,2 3 double 2,assertive
5792,you've got your pen ready,interrogative
5795,for   for  9 9,assertive
5797,the total amount debited is 38 pounds,assertive
5798,and your two tickets will be posted out first class to you this afternoon,assertive
5803,cheers then,assertive
5805,taping our conversation if that's ok with you,interrogative
5806,what date of travel would that be for,interrogative
5807,cos we've got um,assertive
5808,this is like the 11th,assertive
5809,July 11th,assertive
5811,i've just got quite a few trips here,assertive
5812,what was it you needed to have  changed,interrogative
5813,he wants to change um United to U US Air,assertive
5814,and and he wanted to go similar times,imperative
5815,earlier time,assertive
5816,7 o'clock a m,assertive
5818,we can put him on US Air 2 9 5 4,assertive
5819,and then on the return,assertive
5820,still on the 13th,imperative
5821,i he wants  this changed also,assertive
5822,what time um,interrogative
5823,to 5:05,imperative
5824,5:05,assertive
5825,US Air flight 2 7 or,assertive
5826,excuse me,assertive
5827,2 5 7 7,assertive
5828,let me just confirm that and give you the round trip fare,assertive
5829,98 dollars would be the lowest confirm... confirmable fare,assertive
5830,and that is a non-penalty fare as well,assertive
5831,looks like BBB had set these up to be issued on the 6th of July,assertive
5832,that's today,assertive
5833,is that still ok with you to have them,interrogative
5834,i'm supposed to get an aisle seat for him for both flights,assertive
5835,let's take a look,assertive
5836,i'm requesting 8 C on the outbound flight,assertive
5837,and then on his return,assertive
5838,like only thing available would be fifteen C on the return flight,assertive
5839,those are both aisles  round trip,assertive
5840,that's  non-smoking,assertive
5841,and  that's non-smoking,assertive
5842,and within California,assertive
5843,it's going to be  non-smoking,assertive
5845,does he have a US Air frequent flyer number,interrogative
5846,because we do not  have one in his profile,assertive
5847,then we're not missing that in the profile at least,imperative
5848,and we'll get him,imperative
5849,his car is uh confirmed for intermediate car  in San Diego,assertive
5850,and no hotel right,interrogative
5859,my the traveller is C,assertive
5860,first name is CC,assertive
5861,what does he need to do,interrogative
5862,it's for eh the outbound would be on June 17th,assertive
5863,and it's on US Air flight 2 7 8 2,assertive
5864,and i believe it's departing at 12:25 p m,assertive
5865,going where,interrogative
5866,Orange County,assertive
5867,2:25 p m,interrogative
5868,12:25,assertive
5869,US Air flight 2 7 8 2,interrogative
5870,got that,assertive
5872,right,interrogative
5873,this traveller is making,assertive
5874,this is something out of the ordinary now,assertive
5875,it says reservations for CC and his wife and,assertive
5876,let me make C's reservation,assertive
5877,and then i'll have to call US Air to find out if if we're allowed to make her reservations,imperative
5878,sometimes you have to make it directly with the airline,assertive
5880,and if we can make it,assertive
5881,i'll go ahead and do it,imperative
5883,otherwise you'll have to call US Air,assertive
5885,coming back on June 20th,assertive
5887,5:10 p m out of Burbank,assertive
5888,and this is on US Air 2 5 1 1,assertive
5889,and again this return flight will be for CC and his wife,imperative
5891,you'll have to check that one too,assertive
5892,i'll check the whole thing,imperative
5893,what's his wife's name,interrogative
5894,huh,assertive
5895,we have enough advance purchase time that i can get a non-refundable fare on the return,assertive
5896,would bring that portion down to 29 dollars one way,assertive
5897,but i'd have to t... issue the tickets today,assertive
5898,i think it's 1 9 0 8,assertive
5899,non-restrictive air fare,assertive
5900,1 9 0 8,assertive
5904,it's B,assertive
5905,but now i'm going to talk about CD's,imperative
5906,he's leaving on 6 5,assertive
5908,how do you spell his last name,interrogative
5910,on the 5th of June,assertive
5911,flying to Miami right,interrogative
5912,to Orlando and then on to Miami and then,interrogative
5915,we need to,assertive
5917,that's a on...,assertive
5918,on 6 6,assertive
5920,from Orlando to Miami,assertive
5921,he needs   he needs to arrive in Miami sooner than what shows,assertive
5922,6:50,interrogative
5923,so we need to take an earlier flight,assertive
5924,what time does he want to arrive,interrogative
5925,how much earlier,interrogative
5926,about like at least by 6,assertive
5927,i'm going to put you on hold for just a second while  you check that out,imperative
5929,i'm back,assertive
5931,we do have a Delta flight that lands at 5:20,assertive
5932,it leaves Orlando at 4:30,assertive
5933,there's also a Braniff flight at 4:15 departing,assertive
5934,that gets in at 5:14,assertive
5935,and those are the only ones i have right up you know before 6,assertive
5936,there's also earlier flights getting in a little after 4,assertive
5937,4:15 or 4:30,assertive
5938,if we go from Orlando to Miami on the Delta,assertive
5939,that would probably be all right,assertive
5941,we can we can go with that one if you want,assertive
5942,his,assertive
5943,i guess you've already got his tickets,interrogative
5944,have em,interrogative
5945,you should,assertive
5946,they were run on the 31st,assertive
5947,when G was,assertive
5948,they were run yesterday,assertive
5949,maybe she just hasn't gotten around to calling you with them,assertive
5950,but i mean that's no big deal,assertive
5951,we could always uh always change them now,assertive
5952,and if we would just reissue the whole ticket,assertive
5953,or just that one portion or have him revalidate,assertive
5954,it was ticketed at a fare of 1091,assertive
5955,and if we go,assertive
5956,we could get it for um 1079,assertive
5957,because the Delta flight would price lower than the uh Continental he had been booked on,assertive
5958,if we just go ahead and reticket the whole thing,assertive
5959,you want to go ahead and and go with the Delta flight,interrogative
5960,it's flight 8 6 5 on Tuesday the 6th,assertive
5961,out at 4:30,assertive
5962,from Orlando and into Miami at 5:20,assertive
5963,and let me just make sure that i can get him his um non-smoke aisle seat on that one,assertive
5964,same deal,assertive
5965,and its a non-penalty fare of 1079,assertive
5968,i have a travel for uh scheduled leaving leaving on Monday,assertive
5969,to Dallas,assertive
5970,and i need to make a change,assertive
5971,let me pull it up here,assertive
5972,i've got it,assertive
5973,turns out i will be coming back to San Francisco as opposed to going to Chicago,assertive
5974,on Wednesday then correct,interrogative
5975,the 26th,imperative
5976,and there's a United flight 9 2 7,assertive
5977,Dallas to Denver,assertive
5978,and then connecting to San Francisco flight 2 9 7,assertive
5979,when does that leave,interrogative
5980,it leaves 6:40 to Dallas,assertive
5981,8:42 from Denver,assertive
5982,flight 9 27,assertive
5984,leaving at 6:40,assertive
5985,arriving 9,assertive
5986,and then United flight 2 97,assertive
5987,Denver to San Francisco,assertive
5988,leaving at 8:42 and arriving el... 10:11,assertive
5989,now that we've got all that,assertive
5990,and just trying to think it would be,assertive
5991,wh... what happens to the cost if i change and leave from Oakland,interrogative
5992,it would have to be on Am... on United,interrogative
5993,i prefer that,assertive
5994,i'll do it that way,imperative
5995,looks like Oakland doesn't fly that way,assertive
5996,it looks like it would be slightly cheaper out of Oakland,assertive
5997,but you would have to connect going to Dallas,assertive
5998,there's no non-stops,assertive
5999,there's a 2:25 connection through Denver that gets into Dallas at like 9:30 around 9:30 in the evening,assertive
6001,you could take the same 6:40 flight,assertive
6002,it just connects to another flight to Oakland rather then to San Francisco,assertive
6003,it's at 9:59,assertive
6004,what i really need to do is check with my wife to see if she can pick me up,assertive
6005,l... l... let's book it through uh San Francisco,assertive
6006,and if if i need to change,assertive
6007,i'll get back to you as soon as i can,imperative
6008,otherwise do you want me to set up for a new ticket to be run for you,interrogative
6009,because you sh... should have a new ticket,assertive
6010,and will you cancel the then both the flight to Chicago and the flight from Chicago,interrogative
6011,i already have and everything in Chicago,assertive
6012,i i had,assertive
6013,what's what's the total cost on that then,interrogative
6014,9 46 out of Sa... San Francisco,assertive
6015,9 24 out of Oakland,assertive
6016,and is it less be... on on the way back because of the stop,interrogative
6017,i don't believe so,assertive
6018,i think it's just different fares,assertive
6019,Oakland has slightly different fares to Dallas than  than you know San Francisco does,assertive
6020,it turns out there's an earlier United flight a 3:40,assertive
6021,it leaves at 3:43,assertive
6022,flight 4 4 9,assertive
6023,coming back you mean,interrogative
6024,although that stops someplace too doesn't it,interrogative
6026,2 4 3,assertive
6027,that is a one-stop flight,assertive
6028,see where it stops,assertive
6029,it stops in Denver,assertive
6030,Denver,interrogative
6031,and arrives at 4:45 and departs again at 5:41,assertive
6032,a little over an hour,assertive
6033,i don't think i can make it to that one,assertive
6034,so let's let's leave it the way we have it,assertive
6035,and and and i will call back to confirm,assertive
6036,i won't ticket without your approval on it,assertive
6047,from London to Crewe please,assertive
6048,next er Wednesday,assertive
6049,the 7th of October,assertive
6051,i've got a current em yeah debit card,assertive
6052,is it just for one,interrogative
6053,it's for one,assertive
6054,it's first class,assertive
6058,i want to be up in Crewe by about 9,imperative
6059,looking at the timetable,assertive
6060,trying to work that out,assertive
6061,five in the afternoon,assertive
6062,there's a train at 15:05 from Crewe,assertive
6063,and you'd arrive,assertive
6065,and you would arrive in Crewe at 17:05,assertive
6066,oh that'd be fine,assertive
6068,the following morning,assertive
6069,on the 8th,assertive
6070,and i think there's a train to that,assertive
6071,9:30,assertive
6072,have you been quoted a fare for the journey,interrogative
6073,i'm just going to check to see what's the cheapest fare available with the first class ticket,imperative
6074,ok then,imperative
6075,there's a first Open Return at a 100 and 33 pounds,assertive
6076,and there's also what we call er business class tickets called Virgin business,assertive
6077,that is the same price,assertive
6078,a 100 and 33 pounds,assertive
6079,but that also includes any tea and coffee complimentary meal,assertive
6080,you can get your... any snacks tea and coffee beverages,assertive
6081,and parking at Euston,interrogative
6082,i'll go for that one please,imperative
6083,what i'm going to do is,imperative
6084,because the system's actually changed,assertive
6085,it used to be Business Advance,assertive
6086,now it's called Virgin Value Business,assertive
6087,oh right,assertive
6088,they've just changed the name of the ticket,assertive
6089,they've not actually got the appropriate ticket on their booking system,assertive
6090,what i'm going to do is arrange for you to collect your ticket on the day of travel,imperative
6091,you just need to be at the train station for about half an hour before departure time of the train  to collect the ticket,assertive
6093,i'm going to book that for you,imperative
6094,and your surname is please,interrogative
6095,my surname's,assertive
6096,spelt with an,assertive
6099,i should be on your system because i've bought these every quite often,assertive
6100,we we don't actually have a database as such,assertive
6101,the name comes up,assertive
6102,but just it's a complete new booking,assertive
6103,your title,interrogative
6107,you never know,assertive
6108,the new millenium's coming in soon,assertive
6109,so  hopefully we will get a new system,assertive
6110,i'm just going to book your seat going out from Euston to Crewe,imperative
6111,could you put me in smoking as well please both ways,interrogative
6112,on the 15:05,assertive
6113,one smoking place in first class,assertive
6115,seat number 6,assertive
6116,and that's a forward facing seat smoking,assertive
6117,and that's on Wednesday the 7th,assertive
6118,departing at 15:05,assertive
6119,what was the time on the 8th that you wanted to come back around,interrogative
6120,i think there's one leaving Crewe at about 5:30 the following morning,assertive
6121,5:25 departing,imperative
6122,arriving 11:32,interrogative
6123,that's just great,assertive
6124,i'm just going to book your seat again,imperative
6125,and it's coach K as in kilo,assertive
6126,seat number 8,assertive
6129,7 7,assertive
6131,it's 15 2 54  Road,assertive
6132,Camden Town,assertive
6135,it's a Midland business card which is a Mastercard,assertive
6136,could you give me your contact telephone number,interrogative
6137,0 1 3 2,assertive
6139,8 5 7,assertive
6141,6 9 8 2,assertive
6143,and the credit card number,interrogative
6144,is 7 2 7 2,assertive
6145,7 2 7 2,assertive
6146,8 9 8 2,assertive
6148,2 7 3 6,assertive
6150,8 9 2 2,assertive
6153,12 4,assertive
6155,a 100 and 33 pounds will be debited from that account,assertive
6159,and if you miss the service that i have booked you on,assertive
6161,i just need to turn up to the advance ticket  desk,interrogative
6162,it's the booking office in Euston,assertive
6163,windows 2 to 7,assertive
6164,and they're signposted Telesales Collection,assertive
6166,let me just get that down ok,interrogative
6168,it's 7 3 4 2,assertive
6169,7 3 4 2,assertive
6170,2 2 8 8,assertive
6172,and  for,assertive
6173,you just need to quote that reference number,assertive
6174,and the ticket will be waiting there with your supplement as well,assertive
6175,that was a 100 and 30...,imperative
6176,3 pounds in total,assertive
6186,i want to purchase a ticket for the erm the 6th of October,imperative
6187,the 7 a m from Derby,assertive
6188,arriving at St Pancreas 8:50,assertive
6189,and the 17:30 from St Pancreas to Derby,assertive
6191,i've got a  i'm using a credit card to pay for this,assertive
6192,i'm wondering if there's any erm seats available on the Super Saver,interrogative
6193,do you hold a railcard at all,interrogative
6194,do you hold a railcard,interrogative
6196,it's going from  Derby  to St Pancreas,interrogative
6197,on the 6th of October,interrogative
6198,departing what time in the morning,interrogative
6199,7 a m,assertive
6201,there's not any advance purchase tickets on the 7 a m train,assertive
6202,it's either 6 o'clock or 9 o'clock,assertive
6204,and the Super Saver,interrogative
6205,that is a Super Saver is it,interrogative
6206,that's the Super Advance,assertive
6208,you have a you have a Super Saver one as well don't you,interrogative
6209,that's the,assertive
6210,is that the same thing,interrogative
6211,i don't know what you,assertive
6212,Super Saver,interrogative
6213,ah there's two there's two types i'm told,assertive
6214,there's the Super Saver and the Super Advance Saver,assertive
6215,the Super Advance,assertive
6216,you've got to book beforehand,assertive
6217,but that's only available in the dates and times,assertive
6218,the Super Saver is not valid at that time in the morning,assertive
6219,how much is the cost of the train journey then please,interrogative
6220,to travel on that 7 o'clock train,assertive
6221,it's going to be 63 pounds return,assertive
6222,and that's your Standard Open,assertive
6223,and and to book a seat,interrogative
6224,i can do that for you,assertive
6225,and er boo... er a seat on the return,interrogative
6226,and what was the time you were wanting on the return,interrogative
6227,17:30,assertive
6228,do you want me to book this ticket for you,interrogative
6231,does Stephen actually smoke,interrogative
6234,travelling from Derby at 7 a m in the morning,assertive
6235,arriving in St Pancreas at 8:50,assertive
6236,returning the same day at 17:30 from London St Pancreas,assertive
6237,arriving in Derby at 19:25,assertive
6238,and i've booked forward facing non-smoking table seats,assertive
6240,if you have to cancel this ticket,assertive
6242,if you needed to change any times,assertive
6243,you can do so,assertive
6244,if you miss any train,assertive
6245,you can get the next available service,assertive
6246,if you  can... if you have to cancel,interrogative
6247,what's the latest you can cancel,interrogative
6248,you can cancel cancel that any time,assertive
6249,right,imperative
6250,on the day of travel,assertive
6251,whatever,interrogative
6252,this,assertive
6253,cos it's a Standard Open ticket,assertive
6254,63 pounds return,assertive
6258,it's er Barclay card,assertive
6259,it's Visa Silver,assertive
6260,and the,assertive
6261,is it a Mr or Mrs,interrogative
6264,and the credit card the contact telephone number,interrogative
6265,0 1 6 double 2,assertive
6266,double 8 double 6 0 0,assertive
6268,erm      Limited,assertive
6269,have you got the got the postcode first of all please,interrogative
6270,16,assertive
6272,excuse a moment,assertive
6275,what was the name of the business,interrogative
6276,Limited,assertive
6277,is that  for,interrogative
6280,and what was after that,interrogative
6283,60  Drive,assertive
6284,Road,assertive
6285,Latterworth,assertive
6286,Leicestershire,assertive
6288,and when will we get that,interrogative
6289,the ticket will go out in the first class post this afternoon,assertive
6290,so i should get it tomorrow,interrogative
6291,or Saturday   at the latest ok,interrogative
6293,the credit card number is,interrogative
6294,6 5 6 7,assertive
6296,5 6 7 6,assertive
6298,8 6 9 8,assertive
6300,2 6 6 8,assertive
6303,8 99,assertive
6304,this is the reference number the ticket has been booked under,assertive
6305,and it's 0,assertive
6306,then it's treble  as in,assertive
6307,0 treble,assertive
6308,0 7 0,assertive
6311,and the ticket will be posted out first class post this afternoon to you,assertive
6313,and can i put your name please,interrogative
6314,my name's Sandra,assertive
6315,but it's also printed on the tickets as well,assertive
6441,and your two sets of tickets will be waiting there,imperative
6447,my name is B C,assertive
6448,and i would like to plan a trip,imperative
6449,and the date you need to leave,interrogative
6450,i have to work a little bit backwards here,assertive
6451,i want to leave on the first flight out of ORD,imperative
6452,Monday morning,assertive
6453,M... Monday  the 1st,interrogative
6454,the eighth,assertive
6456,and i want to take whatever red eye or any other flight that i have to take to get there in time to make that transfer,imperative
6457,where are you going,interrogative
6458,from Chicago to where,interrogative
6459,Greenbay,assertive
6460,the first,assertive
6461,i need to catch the first flight from ORD out to Greenbay Wisconsin uh Monday morning,assertive
6462,it looks like the first one is a 7:40 on American uh Eagle,assertive
6463,that arrives Greenbay at 8:51,assertive
6464,is that booked,interrogative
6465,i do show space avaliable,assertive
6466,let's see what would get you there then,interrogative
6467,leaving probabl... the 7th,assertive
6468,from San Jose or San Francisco,assertive
6469,San Francisco,assertive
6470,Oakland would be good too on that,assertive
6471,i don't know if there are any red eyes from there,assertive
6472,there is one on United that leaves Oakland at 11:30 p m and arrives Chicago 5:25 a m,assertive
6473,so that's a two-hour hold there   waiting for that flight,interrogative
6474,any others,imperative
6475,not from Oakland,assertive
6476,departing from San Francisco,assertive
6477,it's about the same,assertive
6478,American has an 11:41 flight from San Francisco that arrives Chicago 5:54  and,assertive
6479,that's  and hour and a half,assertive
6480,so that's that's a a wash,assertive
6481,or United has a 12 0  1 a m departure that arrives at Chicago 5:52 a m,assertive
6483,that sounds good,assertive
6485,i don't know if you prefer United over American or,assertive
6486,i'm a member of the United Travel  Group,assertive
6487,so let's book that midnight red eye out of SFO,assertive
6488,will leave SFO at,imperative
6490,just one moment,assertive
6491,you'd be on United flight 5 2 0 8,assertive
6492,United 5 2 0 8,assertive
6493,leaving on the eighth from San Francisco 12 0  1  a m,assertive
6495,arriving Chicago 5:52,assertive
6496,and then you would connect with American flight 4 2 0 8,imperative
6497,leaving Chicago 7:40 a m and arriving Greenbay 8:51,assertive
6498,7:40 to 8:51,assertive
6500,that's actually operated by American Eagle,assertive
6501,what's the name of that,interrogative
6502,the flight number,interrogative
6503,4 2 0 8,assertive
6505,and from there,imperative
6506,and i need a flight uh let's see i guess mid to late morning back uh,assertive
6507,from Greenbay to,interrogative
6508,Springfield  Illinois,assertive
6509,that's that's probably going to be via Chicago,assertive
6510,United has a 9:47 connection through Chicago,assertive
6511,and you would conn... connect with an American flight that would arrive Springfield 12:31,assertive
6512,or you can take American both legs,assertive
6513,leaving at 9:32 and connecting with the same flight,assertive
6514,it's only 9:37 to 12:30  for that trip,interrogative
6515,that sounds good to me,assertive
6516,let me give you those flight numbers,assertive
6517,that would be United flight 2 9 7 4,assertive
6518,that flight is operated by United Express Air Wisconsin,assertive
6519,and it leaves Greenbay 9:37 a m,assertive
6520,arrives Chicago 10:35,assertive
6521,connects with American flight 4 3 0 6,assertive
6522,again that's operated by American Eagle,assertive
6523,leaving Chicago 11:25,assertive
6524,and arriving Springfield 12:31 p m,assertive
6525,that gives me half a day there Wednesday,assertive
6527,and then you're going to return from Chicago on the fourteen or,interrogative
6528,on the 14th,assertive
6530,think i'd like to arrive SFO around six in the evening,imperative
6531,late afternoon,assertive
6532,evening,assertive
6533,United has a 3:45 non-stop that arrives San Francisco 6:03,assertive
6534,or they have a five p m that arrives 7:18,assertive
6535,what's the next flight earlier than the the uh one that arrives,interrogative
6536,there's a 2:50 on American that arrives San Francisco 5:25 or a 1 o'clock on United that arrives San Francisco 3:14,assertive
6537,i think i'm going to do the 1 p m thing,imperative
6538,that would be United,assertive
6539,let me let me let me beg your pardon here for a second,assertive
6540,i want to pull a map,imperative
6541,do you have any distances easily available in your computer there,interrogative
6542,just air mileage,assertive
6543,where were you thinking of from,interrogative
6546,i think it's either two or three hundred miles that i have to drive if i'm going to come into ORD,imperative
6547,from Springfield,interrogative
6548,it's a different town,assertive
6549,but it's very very close to that,assertive
6550,a 175 airmiles from Springfield to Chicago,assertive
6551,i've got my auto club map,assertive
6552,if you have,assertive
6553,that's probably better,assertive
6554,it would give you the,assertive
6555,what have i got,interrogative
6556,i've got about 250 miles,assertive
6557,that's 5 hours of driving,assertive
6558,i want to book the um i want to book the 3 what is it 3 p m or so United flight out of Chicago,imperative
6559,that would be United f...,assertive
6560,it leaves at 3:45,assertive
6561,United flight 1 2 0 9,assertive
6562,United 1 2 0 9,assertive
6563,and it leaves at 3,assertive
6564,3:45,assertive
6565,and arrives San Francisco 6:03,assertive
6567,you want me to price this and see what we get for the lowest available fare,interrogative
6569,this is two weeks in advance,assertive
6570,so it should be,assertive
6571,and you are staying over a Saturday night,assertive
6572,so we should be able to do something here,assertive
6573,it's taking a moment,assertive
6574,not sure why,assertive
6575,i can send your United number to Hertz,assertive
6576,i'm just looking at this fare we got back,imperative
6577,the lowest available would be 600 and 60 dollars round trip,assertive
6578,that is completely non-refundable,assertive
6579,and the last day to issue the ticket would be today because it has a fourteen day advance purchase,assertive
6580,that is that is the discounted fare then,interrogative
6581,and that's that's the the lowest,assertive
6582,we would have to issue the ticket today,assertive
6583,and it would be completely non-refundable,assertive
6584,and if you want to go with that,assertive
6585,or we could look at er er portions of your trip going to change,assertive
6586,or would you like to look at a fare that has a,interrogative
6587,barring some major catastrophe,assertive
6588,it won't change,assertive
6589,would you like me to go ahead and set this up to ticket today,interrogative
6591,i've i've  always wondered if i get bumped on one of these legs because i am flying two different airlines,assertive
6592,is that going to foul up my ticketing,interrogative
6593,if if for for their reasons,assertive
6594,you mean  they,interrogative
6595,say American Airlines,assertive
6596,oversold the flight or something,imperative
6597,American Eagle or whoever it is bumps me off a flight,assertive
6598,is United going to penalize me,interrogative
6605,this is A from American Express,assertive
6608,we need to get a ticket for him from Boston,assertive
6609,this is a new reservation,interrogative
6610,new reservation on June 21,assertive
6611,let me let me pull up his profile  first,assertive
6612,and he is um,assertive
6613,he wants to fl... he wants to fly from Boston,assertive
6614,to Baltimore Washington International on flight,assertive
6615,i'm sure it's Piedmont P L P I,assertive
6616,P I,assertive
6618,7:40 p m,assertive
6619,and this is on the 21st of June,interrogative
6620,arriving  9:01 p m,assertive
6621,that's Piedmont 1 9 0 9 on the 21 of June,interrogative
6622,departing Boston 7:40 p m,assertive
6623,arriving Baltimore 9:01 p m,assertive
6624,and then he wants to return from um Baltimore Washington  to San Francisco on the 23rd of June,assertive
6625,and he requests flight 3 2 3 TWA,assertive
6626,it's two flight numbers,assertive
6627,it's 3 2 3,assertive
6628,and then it changes to 7 5 1 at 5:16 in the afternoon,assertive
6629,this is to San Jose did you say,interrogative
6630,i understand it's to San Francisco,assertive
6631,TWA flight 3 2 3 slash 7 5 1,assertive
6632,3 2 3 and 7 5 1,assertive
6633,and then does he know there is a non-stop that goes from Dulles to San Francisco instead of connection through St Louis,interrogative
6634,i think he's aware of it,assertive
6635,but i think we picked this one because um he could get the business traveller  uh seating,assertive
6636,he can also  he can also get that on the non-stop,assertive
6637,on the non-stop,assertive
6638,and what is the,interrogative
6639,give me the times for the non-stop,assertive
6640,the non-stop is at 4:40 arriving 7:05,assertive
6641,se... 4:40 to 7:05,assertive
6642,into San Francisco,assertive
6643,it's a non-stop from Dulles to San Francisco,assertive
6644,maybe he can't leave that early,assertive
6646,can i make the reservation and and change it by tomorrow,interrogative
6647,if it's it's still available,assertive
6648,i know subject to availability,assertive
6649,i've been giving you quick numbers here,assertive
6651,it's all right,assertive
6652,lets see what kind of fares they have,assertive
6653,a three day advance purchase fare,assertive
6654,using the business class upgrade of 4 4 9 one way,assertive
6655,i was quoted 6 0 8 50 for the whole round f... from Boston to Washington,assertive
6656,from Washington um to San Francisco,assertive
6657,this portion was for Baltimore San Francisco only,assertive
6658,let me just see what,interrogative
6659,could you find out how much the fare is all total,interrogative
6660,it's 6 0 8 50 that has to be ticketed by the 15th of June,assertive
6661,there are no cancellation or change penalties,assertive
6662,if any changes are made,assertive
6663,it's just subject to whatever the new fare is,assertive
6664,it has to be ticketed by the15th of June,assertive
6665,there are no penalties for cancellation if changes are made,assertive
6666,it's subject to whatever the new fares are at that time,assertive
6667,cos they're going to increase the fare,assertive
6668,but there's no penalty existing,interrogative
6669,there's no penalty uh if it's cancelled,assertive
6670,the non-stop flight seems to be more appealing to me,assertive
6671,this man travels so much though,assertive
6672,let me check with him um,assertive
6674,we're going to hold,interrogative
6675,we'll just go ahead and hold the um,imperative
6676,hold that TWA,assertive
6677,then i will inform him of the Dulles flight at fou... 4:40,assertive
6678,leaving uh Dulles and arriving,assertive
6679,is it San Francisco at 7:05   or San Jose,interrogative
6680,it's San Francisco,assertive
6682,that's what he wants,assertive
6683,it's still 6:08 any which way we do this,assertive
6684,i'm just thinking the convenience of the traveller,assertive
6686,i think you get that same fare,assertive
6687,let me check the fares,assertive
6688,i think it that would have to be using a 25 percent penalty on TWA,assertive
6689,it would be 20 dollars more if he wanted to have a fare without a penalty,assertive
6690,because the Dulles non-stop,assertive
6691,to get that 449,assertive
6692,you have to take a 25 percent penalty fare,assertive
6693,if you don't,assertive
6694,then it's 469,assertive
6695,so it would increase that total fare by 20 dollars,assertive
6696,it's 608 plus 20,interrogative
6697,if he wanted to go without a penalty,assertive
6698,it's 6 plus 20,assertive
6699,he needs the cheapest rate possible on this one,assertive
6700,let me talk it over with him uh,assertive
6701,on the business class,assertive
6702,that would be row nine seat number five,assertive
6703,which is an aisle seat,assertive
6704,what what about,interrogative
6705,how's he getting to Boston,interrogative
6706,he's already purchased his ticket,assertive
6707,this is just all one way travel,interrogative
6708,one way travel,assertive
6709,that was available,assertive
6710,and i requested that,assertive
6712,i'll call you back on the Dulles non-stop flight so we'll,imperative
6713,if if he needs that right,imperative
6714,if he needs that,assertive
6715,and if he does get that,assertive
6716,he has to pay uh 20 dollars more,interrogative
6717,if he wants to take a fare without a penalty,assertive
6718,a fare without a penalty,assertive
6719,if he's willing to take it with a penalty,assertive
6720,it would be exactly the same fare,assertive
6721,i i hesitate uh for him particularly to get anything uh because he does change a lot,assertive
6722,so i i'd rather get the 20 dollars,assertive
6723,but we'll see what he says,imperative
6726,you are A right,interrogative
6727,i'm A  all right,assertive
6732,i need some round trip air fares,assertive
6733,and this is just for a quote,interrogative
6735,and all departing from San Francisco,assertive
6736,what's the first destination,interrogative
6737,West Palm Beach,assertive
6738,that would be 4 88 each direction,assertive
6739,that is 5 96 each direction,assertive
6740,Phoenix,interrogative
6741,that would be 2 95 each direction,assertive
6742,Cleveland,interrogative
6743,4 98 each direction,assertive
6744,Louisville,interrogative
6745,5 15 each direction,assertive
6746,Columbus,interrogative
6747,and we are talking Columbus Ohio correct,interrogative
6748,500 each direction,assertive
6749,Tulsa,interrogative
6750,2 42 each direction,assertive
6751,Indianapolis,interrogative
6752,you got a lot of projects going,assertive
6753,4 78 each direction,assertive
6754,Milwaukee,interrogative
6755,4 88 each direction,assertive
6756,and the last one is Oklahoma City,imperative
6757,and that's 4 0 2 each direction,assertive
6762,for whom,interrogative
6764,i wanted to know how much it would be for a one way ticket to Las Vegas,interrogative
6765,to Las Vegas on what date,interrogative
6766,on the 13th,assertive
6767,the 13th of June,interrogative
6769,and that's a Friday,assertive
6770,were you looking at leaving after work around 5 p mish or something,interrogative
6772,are you only going one way or do you have transportation returning,interrogative
6773,i'd like to find out the one the one way and the round trip,imperative
6774,the lowest one way fare out of San Francisco would be on United at 2 o... 205 dollars one way,assertive
6775,that's with a 25 percent penalty,assertive
6776,it's pretty expensive i think,assertive
6777,it's a little better out of San Jose,assertive
6778,let me give you the fare on that,assertive
6779,the lowest one way fare out of San Jose is pricing out at 165 dollars,assertive
6780,is there um,interrogative
6781,there's it it's cheaper actually if,assertive
6782,it's almost the same price if you go round trip,assertive
6783,round trip,interrogative
6784,for instance i can get you a 158 dollar 25 percent penalty round trip fare out of San Jose,assertive
6785,and San Jose is a little better market for going into Las Vegas than San Francisco is,assertive
6786,and what time would the plane be leaving,interrogative
6787,i've got departures now,assertive
6788,looking at specific flight times,assertive
6789,the fares are looking a little more sold out than than what i was quoting you,assertive
6790,the best one for farewise would be a America West flight at 2:10 p m,assertive
6791,out of San Jose at 2:10,assertive
6792,into Las Vegas at 3:20,assertive
6793,and how much is that one,interrogative
6794,would that just on a one way fare,interrogative
6796,and returning about what date,interrogative
6797,it would be on the the 5th,assertive
6798,the 5th of July,interrogative
6799,the 4th,assertive
6801,that evening,assertive
6803,the very best fare i can get you is 138 dollars uh on... round trip,assertive
6804,and that is a non-refundable fare,assertive
6805,that's leaving on the 13th at 2:10  p m on America West,assertive
6806,returning on the 4th at 1:05 p m,assertive
6807,if i bring you back at 4:35 p m on America West,assertive
6808,i can get you uh a still a non-refundable fare,assertive
6809,but it would be 153 dollars round trip,assertive
6810,the 138's good,assertive
6811,138 at 1:05 p m,interrogative
6812,do you want uh me to make those reservations for you,interrogative
6813,we have you on Amer... confirmed on America West flight 8 0 8,assertive
6814,and this is  on the 13th of June out of San Jose at 2:10 p m,assertive
6815,into Las Vegas at 3:20 p m,assertive
6816,3:20,assertive
6817,returning on the 4th of July,assertive
6818,on America West flight 8 8 5,assertive
6819,8 8 5,assertive
6820,leaving Las Vegas at 1:05 p m,assertive
6821,and getting back into San Jose at 2:20 p m,assertive
6822,the fare on this is 138 dollars,assertive
6823,it you do have y... you have to ticket this in order for this reservation to remain intact  by the end of tomorrow,assertive
6824,i can do it right now actually uh,assertive
6833,i i'm with WWW,assertive
6834,and um i've i've made a couple of bookings um with Holiday Inn on the on the on the free phone line,assertive
6835,i just wondered,assertive
6836,they said to me you know we're government contractor,assertive
6837,and you made the reservation for me for for the last week,assertive
6838,at at the Palo Alto Holiday Inn,assertive
6839,what what signal do i have to give the Holiday Inn people to what proof that i'm you know that i'm with WWW and i'm i'm a gov government on this government thing,interrogative
6840,they said bring some sort of government number,assertive
6841,i think as long as you've got your WWW id,assertive
6842,that's enough,assertive
6843,you think that's that's all it takes,imperative
6844,that is that should be all it takes,assertive
6845,because they are uh they honor it for all WWW employees normally,assertive
6846,a lot of people ask us for government rates at specific hotels or airlines or   what have you,assertive
6847,and you have to have some type of government badge or government id,assertive
6848,but with Holiday Inns,assertive
6849,WWW's got a negotiated rate,assertive
6850,all you really need to show   is your WWW badge,assertive
6852,i you know i got a confirmation number from them,assertive
6853,i i i live in London England,assertive
6854,in the in the in the WWW office there,assertive
6855,i'd quite like to get something in in writing,assertive
6856,how do we do that,interrogative
6857,if it's you made it directly with them,assertive
6858,if i gave you the confirmation number,assertive
6859,could you could you just uh get sort of a i mean type out a,interrogative
6860,i could print up an order for them,assertive
6861,and then send me a copy,assertive
6862,i could,assertive
6863,what i could do is s... sell it as a book direct segment,assertive
6864,and i could print out an itinerary for you,assertive
6865,and that would have the the address and phone number and all that kind of stuff about the hotel plus the confirmation number,assertive
6866,i i'd appreciate that,assertive
6867,and what's um what's the confirmation number first of all,interrogative
6869,and um that was the Holiday Inn in Palo Alto,interrogative
6870,it was the Holiday Inn in Boston,assertive
6872,little bit far away there,assertive
6873,that's the Boston Government Center it's called,assertive
6876,got that listing and,assertive
6877,i'll send that address in,imperative
6878,that's the one on Blossom Street,assertive
6879,5 Blossom,assertive
6880,and what is your last name,interrogative
6881,CCC,assertive
6882,first name DDD,assertive
6883,and do you want to know the the days of the booking,interrogative
6884,or don't you need that,interrogative
6885,i would need to know the date you're checking in and the date you're checking out,assertive
6886,i'm checking in on the 31st of July late,assertive
6887,and checking out 1st of August,assertive
6888,1st of August,assertive
6889,and it's uh it's a room with 3 beds actually,assertive
6890,one child,assertive
6892,they told me 86 dollars plus tax,assertive
6893,86 plus tax,assertive
6894,and and then there's some some more coming up,assertive
6895,on the 7th and 8th of August,assertive
6896,nights of 7th and 8th of August in New York,assertive
6897,and it's the North Burigan New Jersey Hotel,assertive
6898,and is that a a Holiday Inn also,interrogative
6899,they call it North Burigan,assertive
6900,address on that one,assertive
6901,North,assertive
6902,that was,assertive
6903,i think it's called the Holiday Inn Lincoln Tunnel if i'm not mistaken,assertive
6904,in North Burigan,assertive
6905,and that's on um Canal Avenue,assertive
6906,i'm just jotting this down for further reference,imperative
6907,and that was for checking in on the 7th,imperative
6908,but checking out on the 10th,imperative
6909,morning of the 10th,imperative
6911,so just for the 1 night,interrogative
6912,it's for 2 nights,assertive
6913,for 2 nights,interrogative
6914,i'm  i'm,assertive
6916,8th and 9th,assertive
6917,checking in on the 7th,assertive
6918,and staying the night of the 8th,assertive
6919,and checking out on the 9th,assertive
6920,and that was 77 dollars plus tax,assertive
6921,and there i only need a double room,assertive
6922,and did you already make that reservation,interrogative
6923,i made that,assertive
6924,and the confirmation number for that,interrogative
6925,it's the same number   as i gave you before,assertive
6927,and what are you doing,interrogative
6928,are you actually checking that again,interrogative
6929,are you just sending me,interrogative
6930,i was just going to send you an itinerary with the   the um the addresses and confirmation numbers all printed out on each segment,assertive
6931,and then what about at WWW,interrogative
6932,whose extension should i have them call to um come pick up the itinerary,interrogative
6934,do,assertive
6935,is is that what they normally do,interrogative
6936,normally we've got a an office over at WWW that we generate all our tickets and itineraries through,assertive
6937,and then the person our employee there will call call you and and just tell you that it's ready to come down and and pick it up,assertive
6939,cos i'm i'm only visiting here um,assertive
6940,is there someone that we  you're visiting,interrogative
6941,i'll give you,imperative
6942,Mrs GG,assertive
6943,we'll um have them call her when the itinerary is all ready to be picked up,imperative
6944,i had an... one other question,assertive
6945,about Delta airline's flights,assertive
6946,can you just tell me,interrogative
6947,there's a flight on on a Tuesday in August,assertive
6949,Boston to Nantucket,assertive
6950,there's a 9:40 flight,assertive
6951,can you tell me when that arrives in uh and what the flight number is,interrogative
6953,9:40 a m,interrogative
6954,Delta flight 36  60,assertive
6955,Delta  36 68,assertive
6956,36 68,assertive
6957,68,assertive
6958,it leaves at 9:40 out of Boston,assertive
6959,arrival in Nantucket is at 10:17 a m,assertive
6960,10:17 a m,assertive
6961,and then there's the flight from Nantucket back to Boston on Friday,assertive
6962,leaving at 17:58,assertive
6963,if you could give me the same details about that flight number and uh,assertive
6964,that's Delta flight 38 17,assertive
6965,38 17,assertive
6966,leaving at 5:58,assertive
6967,arrival Boston 6:44,assertive
6968,18:44,interrogative
6976,Wolverhampton to Euston please,assertive
6980,how many people's travelling,interrogative
6982,and what date you travelling out,interrogative
6983,it's the erm the 6th of October,assertive
6984,and hopefully the business class please,assertive
6985,the Business Advance,assertive
6986,i'm just going to check that cos the fares are actually off change,imperative
6987,and they've changed some of the ticket names,assertive
6988,so  i'm just double checking  that there's still a business class available,imperative
6989,but it's a different name,assertive
6990,if you'd just like to hold the line a moment please,assertive
6992,what time do you like to depart on  Tuesday,interrogative
6993,it's  it's the 9:19 at Wolverhampton please,assertive
6994,the 9:19,interrogative
6995,and it's just for one,interrogative
6996,it's just for one,assertive
6997,do you want to book the return or leave this return journey open,interrogative
6998,can i leave it open please,interrogative
6999,you can,assertive
7001,the 9:19 for Wolverhampton arrives in Euston 11:20,assertive
7003,i'm just going to book your seat,imperative
7004,that will also include your zone 7 on underground and your complimentary car parking voucher as well,assertive
7005,is that got the the tea and coffee as well,interrogative
7008,it's em,assertive
7013,it's not for me,assertive
7014,i didn't,assertive
7015,91 pounds exactly,assertive
7017,that's gone up then,assertive
7018,have they had a price increase,interrogative
7019,cos it's normal 88,assertive
7020,they wen...,assertive
7021,the price... the price increased from 27th of September,assertive
7023,is 0 1 9 8 0,assertive
7024,9 1 5  8 9 0,assertive
7025,it's a full refund less 5 pounds if you have to cancel this ticket,assertive
7026,and if you miss a service that i have booked you on,assertive
7027,you are able to get the next available one,assertive
7029,it's   9  0,assertive
7031,79  Avenue,assertive
7032,Coxhoe,assertive
7033,Wolverhampton,assertive
7038,and the Visa number please,assertive
7039,it's 1 1 double 9,assertive
7040,1 1 double 9,assertive
7041,5 0 double 5,assertive
7043,0 800,assertive
7045,1 1 6 9,assertive
7048,it's 0 of 2000,assertive
7049,91 pounds will be debited from that account,assertive
7050,and this is the reference number the ticket has been booked under,assertive
7051,5 1 1,assertive
7058,and the ticket will be posted out in the first class post to you,assertive
7062,thank you very much then,assertive
7065,i would like to get uh some fare information,imperative
7067,what what type of fare do you want to go or  know about,interrogative
7068,this is um a round trip from San Francisco to Stockholm,assertive
7069,and basically what i want to know is the what the business class and the first class fares are,imperative
7070,will there be any particular date that you're be looking into,interrogative
7071,it would probably be uh leaving on June 17th,assertive
7072,and flying back uh the following Saturday,assertive
7073,and what about any particular carrier that you're looking into,interrogative
7074,i have i have eh no preference,assertive
7075,we're basically,assertive
7076,the issue is that uh the client's asking us to travel on our own time on weekends,assertive
7077,to fly to Sweden and back,assertive
7079,and we're thinking about whether we should ask them to pay for first class travel,imperative
7080,we've got,assertive
7081,it depends on what eh if you want to look at like j... a coach fare on a round trip basis,assertive
7082,it's not,assertive
7083,we're not even considering coach,assertive
7085,you just want first class,imperative
7086,business class is a minimum,assertive
7087,we're going,assertive
7088,business round trip would be 3208,assertive
7089,and then first class round trip is gonna be 4892,assertive
7090,4892,interrogative
7091,and then i don't know if you even want to hear the coach round trip,interrogative
7092,is 3208 as well,assertive
7093,so its  the same for business or coach,assertive
7094,coach and business  class are the same,interrogative
7096,unrestricted coach that is,assertive
7097,that's interesting,assertive
7098,that's all i needed to know,assertive
7106,Wrexham,assertive
7109,and you say you're travelling from Wrexham,interrogative
7110,to Wrexham,assertive
7111,to Wrexham from,interrogative
7113,is that London Euston,interrogative
7114,is it Wrexham Central or General,interrogative
7115,i thought there was only one station there,assertive
7116,do they both go on the same,interrogative
7117,they're on the same route,assertive
7118,it's just that there's erm distance between  the stations,assertive
7119,depends on what part of Wrexham you're travelling to,assertive
7120,we'll try Wrexham Central,imperative
7121,we'll try that one first of all to see if that's going to suit your times,imperative
7127,and that's the 2nd,interrogative
7128,what time tomorrow would you like to depart,interrogative
7129,about 11:15,assertive
7130,the 11:15,assertive
7131,you arrive in Birmingham New Street for 12:50,assertive
7132,you depart Birmingham New Street at 13:18,assertive
7133,you arrive in Wrexham General at 14:55,assertive
7134,then if you want to get to Wrexham Central,assertive
7135,the next train departs at 15:26,assertive
7136,arriving at 15:29,assertive
7137,i suppose that's that's,assertive
7138,so really i could get off at Wrexham General,interrogative
7139,if that's going to be the best station for you,assertive
7141,i'm actually coming back by car,assertive
7142,so i don't need a  return,assertive
7143,so  you just need a single,imperative
7144,is it the same price to go on to Wrexham Central,interrogative
7145,cos em what i might do is just take it to Wrexham Central,assertive
7146,and then i'll find out tomorrow which one is the best station to get off,imperative
7147,because i've got somebody meeting me there,assertive
7148,it's the same price anyway,assertive
7149,the cheapest fare that's going to be available  is your Walk-on,assertive
7150,there's not any advance purchase tickets,assertive
7151,so you're talking about a Saver Single,assertive
7152,and  the Saver Single is 45 pounds 50,assertive
7153,do you want me to book that ticket for you,interrogative
7156,the only train that i'm able to book is in between Euston and Birmingham New Street,imperative
7157,it's departing tomorrow 11:15 from Euston,assertive
7160,sat nearer nearer to the an exit door i suppose would be the best one,assertive
7161,but i'm not really fussy,assertive
7162,never had the option before,assertive
7163,it's travelling tomorrow the 2nd of October from London Euston to Birmingham New Street,assertive
7164,departing 11:15,assertive
7165,arriving in Birmingham New Street 12:50,assertive
7166,then it's from Birmingham New Street 13:18,assertive
7167,you arrive in Wrexham General 14:55,assertive
7168,then there's a connecting service from Wrexham General 15:26 to arrive in Wrexham Central at 15:29,assertive
7172,and it's a full refund less 5 pounds if you have to cancel your journey,assertive
7173,and i'm going to arrange for you to collect your tickets tomorrow from London Euston,imperative
7174,if i ask you to be there for half an hour before departure time of the train,assertive
7175,and it's the booking office in Euston,assertive
7176,windows 6 to 9,assertive
7179,6 to 9,interrogative
7180,6 to 9,assertive
7181,6 7 8 9,assertive
7189,is 0 1 5 8,assertive
7190,8 1 5,assertive
7191,7 1 8 1,assertive
7194,i'm giving you this as a company card i'm giving you,assertive
7195,it's a company card in your name,interrogative
7196,it's in my dir... director's name,assertive
7197,but who's it that's travelling tomorrow,interrogative
7198,i am,assertive
7199,you need a letter of authorisation then from,assertive
7200,can i just get him on the phone,interrogative
7201,and i give you his him to give you the details then shall i,interrogative
7202,we've done this before over the over the phone with a company credit card,assertive
7204,it's just so long as you have the letter of authorisation giving you permission to use the company credit card on like off... official headed paper,assertive
7205,that's ok,assertive
7206,i can't actually take it with me,assertive
7207,i'm going to give you the details,imperative
7208,or do i have to do that o...,interrogative
7209,what i'm saying is you don't need to take the card,imperative
7210,but you need a letter of authorisation,assertive
7211,giving you permission to use the card,assertive
7212,and it must be on the company headed paper,assertive
7213,the postcode please,assertive
7215,5,assertive
7216,and the name of the company,interrogative
7217,Fizzwhizz Merchandising,assertive
7218,Fizz,assertive
7219,and what was the next word,interrogative
7220,Merchandising,assertive
7221,company,interrogative
7222,and the next line of the address,interrogative
7223,40 to 43,assertive
7225,and that's  8 5,assertive
7227,is the credit card got a specific name on the card,interrogative
7228,the credit card number please,assertive
7229,1 7 8 7,assertive
7231,7 7 8 8,assertive
7233,5 5 8 7,assertive
7235,1 7 7 8,assertive
7238,1 99,assertive
7239,45 pounds 50 will be debited from that account,assertive
7240,and this is your reference number to quote tomorrow at Euston station,assertive
7242,for     for   for,assertive
7243,the number 8,assertive
7245,the number 7,assertive
7246,and you just collect your tickets half an hour before departure time tomorrow,assertive
7247,remember,assertive
7248,and take your letter of authorisation with you,assertive
7249,and the ticket will be waiting there at the train station,assertive
7252,thank you for calling then,assertive
7256,Agency Services,assertive
7257,this is A  speaking,assertive
7260,this is B  at American Express,assertive
7263,could you pull up a reservation for me please,interrogative
7264,it's flight 9 2 7 on the 26th of July Dallas to Denver,assertive
7265,and the last name is C,assertive
7266,which is this D,interrogative
7268,i want to see if i can get seats for him on those flights,imperative
7269,non-smoking aisles if possible,assertive
7279,a single ticket from Birmingham International  to London Euston on Sunday,assertive
7280,do you hold a current debit card or credit  card,interrogative
7281,and is it Sunday the 4th  of  October,interrogative
7284,sort of late afternoon,assertive
7286,the cheapest fare is the Virgin Value Single at 7 pounds,assertive
7287,but the only train that is available is the 7:56 in the morning,assertive
7288,arriving at 9:49,assertive
7289,that's too early,assertive
7290,if you needed to travel later on in the afternoon,assertive
7291,it'll be the cheap Day Single at 20 pounds 40,assertive
7294,then it's going to be 20 pounds 40,assertive
7295,what about Monday morning  early,interrogative
7296,the first train available is 10 fi... 25 in the morning,assertive
7297,arriving 11:50,assertive
7298,can you,interrogative
7299,that might do for me,assertive
7300,can you just let me  find out,interrogative
7301,that that 10  25 gets me in at what time,interrogative
7302,11:50,assertive
7304,and that's for Monday the 5th now,interrogative
7305,and that's seven pounds for your Virgin Value Single,assertive
7306,and that's Monday the 5th of October,assertive
7307,departing at 10:25 from Birmingham International,assertive
7308,arriving  11:50 in Euston,assertive
7312,forward facing preferably,assertive
7313,i've booked that for you,assertive
7314,the date time and seat number will be printed on the ticket for you,assertive
7316,i must what,interrogative
7317,stick to the date and  time that you book,assertive
7318,i'm going to arrange for you to collect your ticket from the train station,imperative
7319,if you be there for quarter of an hour before departure time of the train,assertive
7325,0 2 6 5 0,assertive
7326,5 double 5  0 4 0,assertive
7331,50  Avenue,assertive
7333,it's a  debit card i'm holding,assertive
7334,debit,assertive
7335,and the long number across the centre of the card,interrogative
7336,it's 0 5 6 5,assertive
7337,0 5 6 5,assertive
7338,2 6 5 0,assertive
7340,0 6 5 6,assertive
7342,5 double 0 5,assertive
7344,is that a Delta card,interrogative
7347,it's erm April 01,assertive
7348,Apr-01,assertive
7349,7 pounds will be debited from that account,assertive
7350,and this is your reference number to quote at the train station,assertive
7351,it's the number 5,assertive
7352,treble  as in,assertive
7355,you just collect your tickets 50 minutes before departure time on Monday,assertive
7365,i'm interested in purchasing a ticket,assertive
7366,a Super Saver Value,assertive
7367,leaving Birmingham New Street on Saturday and returning on the Sunday from London Euston,assertive
7368,do you want to book your ticket just now or are you just wanting information,interrogative
7369,i want to book the ticket,imperative
7371,it's for one person,assertive
7375,what time,interrogative
7376,is it Saturday the 3rd  of October you're  travelling,interrogative
7377,what time do you like to depart from  Birmingham New Street,interrogative
7379,for the Virgin Value fare at 14 pounds return,assertive
7380,the first train that you're ab...  a... able to use is on the 10:45 from Birmingham New Street,assertive
7381,arriving in Euston at 12:32,assertive
7383,is there anything earlier or not at all,interrogative
7384,the earlier trains are all booked up now,assertive
7385,so that's the erm,assertive
7386,what is it again,interrogative
7387,the 9,assertive
7388,it's the 10:45,assertive
7389,10:45,assertive
7390,oh my god,exclamatory
7391,so that's gonna have to do,assertive
7392,there's a 7:15 in the morning,assertive
7393,or is that going to be too early,interrogative
7394,i'll get on the 7:15,imperative
7395,i'd rather get on the 7:15,assertive
7396,7:15,assertive
7397,arriving at 9:05,assertive
7398,and what time on the Sunday,interrogative
7399,something like 6:15,assertive
7400,and that's Sunday the 4th of October,interrogative
7401,it's either the 22:45 train in the evening   available,assertive
7402,i'm just checking early morning,assertive
7403,it's 10:35 in the morning  for returning,assertive
7404,those are the only two available,assertive
7405,what's the one in the night,interrogative
7406,22:45,assertive
7407,quarter to 11 in the evening,assertive
7408,and that's going to get into Birmingham at,interrogative
7409,just check that,assertive
7410,it's going to get into London 60 minutes past 12 in the evening,assertive
7411,get into Birmingham,assertive
7414,at 12 midnight  basically,assertive
7415,what was that mor... morning one again,interrogative
7416,10:45,interrogative
7417,10:35,assertive
7419,i suppose i'm going to have to cope with that,imperative
7420,the 10:35,imperative
7421,and that's going to be 14 pounds return,assertive
7423,you must stick to the dates and the times that i'm going to book for you,imperative
7425,as long as you cancel by 6 o'clock day before travel,assertive
7427,if you did want to change any of the times of the travel,assertive
7436,can we just confirm the time,interrogative
7437,i'm leaving 7:15 a m from Birmingham New Street and leaving London Euston at 10:35 a m on Sunday,interrogative
7441,0 1 4 0,assertive
7442,6 3 1 0 6 6 6,assertive
7444,6 3,assertive
7446,for  Road,assertive
7451,facing towards the journey,assertive
7452,on Saturday 3rd of October from Birmingham New Street to London Euston,assertive
7453,departing at 7:15,assertive
7455,seat number 22,assertive
7457,then you returning on Sunday 4th of October,assertive
7458,departing 10:35,assertive
7459,i'm just booking your seat again,assertive
7460,and it's going to be coach  for,assertive
7461,seat number 27,assertive
7462,and that's forward facing non-smoking,assertive
7463,due to emergency engineering works on Sunday,assertive
7464,this service that you're actually booked on is going to be diverted between Birmingham and Wolverhampton,assertive
7465,so once you get off at Birmingham,assertive
7466,it could be ok,assertive
7467,but the journey might be rerouted,assertive
7468,which might extend the journey by 40 minutes,assertive
7469,but it's supposed to be starting  from Birmingham,assertive
7470,i don't know if it's going to be  like diverted before you get into the train station or  the station before that having to go around,assertive
7471,that it  it says here it's going to put an extra 40 minutes on if it is  going to be,assertive
7473,what type of credit card,interrogative
7476,3 1 6 1,assertive
7478,5 3 6,assertive
7480,3 6 0,assertive
7482,4 3 2,assertive
7485,ni... em 6 99,assertive
7487,and you need to quote this reference number,assertive
7488,it's 2 1 2 0,assertive
7489,2 1 2 0,assertive
7490,0 0 6 6,assertive
7493,and the total cost is 14 pounds return,assertive
7494,14 pounds,assertive
7500,8:35 p m,interrogative
7501,he's returning on the 13th of June on United flight 1 1 1 8,assertive
7502,leaving Los Angeles at 4 p m,assertive
7503,and arriving into San Francisco at 5:13 p m,assertive
7504,and the fare is 234 dollars and 64 cents,assertive
7505,almost finished here,assertive
7506,you said you had a second reservation,interrogative
7507,ar... are we done with um B,interrogative
7508,we are,assertive
7509,the second reservation is for D E,assertive
7510,last name is E as in the month E,assertive
7512,he wants to go San Francisco to Phoenix on Monday June 17th,assertive
7513,Southwest 6 7 8,assertive
7514,out of San Francisco at 4:10 p m,assertive
7515,into Phoenix at eh 5:55,assertive
7516,and returning or continuing on what date,interrogative
7517,returning on Tuesday June 20th on United 1 4 3 6,assertive
7518,out of Phoenix at 6:35 p m,assertive
7519,and into San Francisco at 8:33,assertive
7520,we've requested Southwestern flight 6 7 8,assertive
7521,that uh leaves on the 19th of June,assertive
7523,arriving into Phoenix at 5:55 p m,assertive
7524,and as i say request,assertive
7525,because they're not in our system,assertive
7526,we will actually phone and have to confirm this reservation with  Southwestern,assertive
7527,and then returning on the 20th w...,assertive
7528,he's on United flight 4 3 6 leaving Phoenix at 6:35 p m,assertive
7529,and arriving back into San Francisco at 8:33 p m,assertive
7530,and the fare on this is 162 dollars,assertive
7531,162,interrogative
7541,Physical Sciences Business Office at uh WWW,assertive
7542,and uh what can i help you with,interrogative
7543,i need to know uh business class round trip uh fare for uh San Francisco to uh Baron Switzerland,assertive
7544,is this for a proposal,interrogative
7545,i'm checking a couple different carriers just to compare them before i give you the fare on this,imperative
7546,i seem to have a very slow computer here,assertive
7548,i have one fare,assertive
7549,and i'm just trying to see if i can verify it on another carrier,imperative
7550,one way fare would be 1567,assertive
7551,w... round trip,interrogative
7552,the round trip would be that times 2 plus 13 for taxes,assertive
7553,it looks like approximately right,assertive
7554,using TWA instead of American,assertive
7555,i get 1589,assertive
7556,a little bit higher,assertive
7557,it's it's in that ballpark,assertive
7558,15  57 times 2 plus 13,assertive
7559,there isn't any one carrier that flies all the way in there,assertive
7560,you need to connect somewhere like from TWA to Air France or Pan Am to Air France or something to get in to Baron,assertive
7561,and also you can't get business class all the way through,assertive
7562,but they fare it business class all the way,assertive
7563,you you you would get business class from the US to your European gateway city,assertive
7564,and then for the little hop to Baron,assertive
7565,you would probably be in Coach,assertive
7566,that helps,assertive
7574,i'm B with WWW,assertive
7575,and i'd like to make some travel arrangements,imperative
7576,and what day did you wish to travel,interrogative
7577,this is um May 12th,assertive
7580,and going where,interrogative
7581,going to Los Angeles,assertive
7582,there's an eight o'clock i believe United flight,assertive
7583,that's 8 a m,interrogative
7585,and returning on what day,interrogative
7587,and about what time,interrogative
7588,at 6 o'clock,assertive
7589,again on United here,interrogative
7591,we have you confirmed on United flight 1 1 0 3,assertive
7592,that's on the 12th of May,assertive
7593,out of San Francisco at 8 a m,assertive
7594,into Los Angeles at 9:19 a m,assertive
7595,returning on the same day on United flight 1 0 4 4,assertive
7596,leaving Los Angeles at 6 p m,assertive
7597,and getting into San Francisco at 7:13 p m,assertive
7598,and the  fare on this is a 198 dollars,assertive
7599,what happened to the 78 dollar fares or those sort of things,imperative
7600,those you need to stay over a Saturday night for,assertive
7601,can't do that,assertive
7602,or,assertive
7612,i have a question,assertive
7613,on the return flight on the Sunday,assertive
7614,if the 6:20 flight was available,imperative
7615,let me take a look,assertive
7616,6:20 on Sunday the 25th,imperative
7618,it still shows available if you want to book it,assertive
7619,i assume it's the same as the other one  in terms of price,imperative
7620,same um same class of service is available,assertive
7621,let me  go ahead and take care of it and get seat assignments,assertive
7622,let me see what we have um seating-wise,assertive
7623,it's flight 6 4 0,assertive
7624,leaving Chicago on the 25th at 6:20,interrogative
7625,arrival Salt Lake at 8:21,interrogative
7626,and then connecting to Delta 3:25,interrogative
7627,departing 9:34 from Salt Lake,assertive
7628,arrival San Fran at 10:25,interrogative
7630,10:25,interrogative
7637,this is A with American Express Travel,assertive
7638,i spoke to you about 20 minutes ago about uh Japan around the world,assertive
7640,can you tell me what it costs for Business Class fo... for uh round trip,interrogative
7641,Japan versus Business Class uh  around the world's flight,interrogative
7642,i don't know if they offer,assertive
7643,i don't think they offer a Business uh Class around the world,assertive
7644,it has to be economy,assertive
7645,i found out um restrictions also,assertive
7646,as far as you're inquiring about penalties and stuff,assertive
7647,San Francisco Tokyo uh fare quote for business round trip would be 2114,assertive
7648,and again the coach was 1714,assertive
7649,and then for the 2099 that was economy,assertive
7650,but there it is also offered for business,assertive
7651,and first class the business around the world fare would be 2999,assertive
7652,and first class 3999,assertive
7653,and that's again the same of of applications of four stop overs uh for minimum maximum of 15,assertive
7654,and the purchase restrictions were 21 days in advance,assertive
7655,cancellation within uh or longer then 21 days prior to the departure,assertive
7656,you get a full refund within 21 days of the flight,assertive
7657,it's 25 percent penalty um attached to all all of those fares economy business and first,assertive
7658,and if um bu... in case of illness or death or anything like that,assertive
7659,it is uh waivable the 25 percent,assertive
7660,but that even  applies to these Apex and stuff,interrogative
7662,it applies to any type of fare,assertive
7663,thanks for that information,assertive
7664,i  don't think    i'd be interested in the business class,assertive
7665,it costs more than i thought,assertive
7666,but the guy i'm going with will be flying business and i'll be sitting in the  back of the plane   with the cheaper cheap fare,imperative
7667,there you go,assertive
7668,th... thanks for your help,assertive
7674,this is B C WWW,assertive
7675,do you still provide the personal service of making reservations for WWW employees for air reservation,interrogative
7676,and this is for personal travel,interrogative
7677,airline reservations,assertive
7678,i actually am going to i think be buying a ticket for someone else,assertive
7679,and so i need to know some time periods,assertive
7680,can you help me with that,interrogative
7681,what um,interrogative
7682,this p... this will be from Traver City Michigan to SFO,assertive
7683,what date is it for,interrogative
7684,the 28th of August,assertive
7685,and i'd like an open return,assertive
7686,but it would probably be something like the uh 19th of September,assertive
7687,if you have open return,assertive
7688,you're not going to get the lowest fare,assertive
7689,the lowest require a confirmed return,assertive
7691,cos they're all subject to what days you're travelling,assertive
7692,and they have to be confirmed,assertive
7693,with an open return,assertive
7694,you would be paying as high as,assertive
7695,524 one way,assertive
7697,so you have to have a confirmed return to get the lowest fares,interrogative
7698,that 524 dollars one way,imperative
7699,one way,assertive
7700,and if it's confirmed,interrogative
7701,i ne... i need to know the dates days  of the week,assertive
7702,say  the 19th of September,assertive
7703,the lowest airfare would be 353 round trip,assertive
7704,that's a non-refundable non-changeable ticket,assertive
7705,you have to make the reservation er buy the ticket within 20 hours after reservations are made,assertive
7706,the very latest you can make reservations and buy tickets would be 14 days uh before departure,assertive
7707,and that would be subject to the fares being available,assertive
7709,that certaily a big difference in price  isn't it,interrogative
7710,it's real restrictive too,assertive
7711,so once you buy it,assertive
7712,they can't change anything on it,assertive
7713,you use it or lose it,assertive
7714,and there's nothing in between th... even with uh confirmed date that would allow for a cancellation at anytime before the,assertive
7715,not not on,assertive
7716,the only fare that allows you that is the 5 24,assertive
7717,so if you have,assertive
7718,there's a 25 percent penalty ticket,assertive
7719,but you still have to use it round trip,assertive
7720,you'd have to make your re... changes 7 days before the new date or pay a 500 dollar fare to come home,assertive
7721,so all all of the fares are real restrictive now today,assertive
7722,let me see what the 25 percent penalty ticket would be,assertive
7724,that's American or Northwest,assertive
7725,the two carriers service that,assertive
7726,and and it's the same no matter if if we changed to United,interrogative
7727,same same re...,assertive
7728,they're all the same,assertive
7729,they all are competitive with one another,assertive
7730,so the fares are the same,assertive
7731,so it's Northwest or American,imperative
7732,and it goes Traver City to Chicago O'Hare,imperative
7733,it depends on who you're using,assertive
7734,Northwest will go through Detroit,assertive
7735,and United will go through,assertive
7736,United doesn't service,assertive
7737,United is,assertive
7738,you can't use United,assertive
7739,they don't service Traver City,assertive
7740,so it would have to be American or Northwest,assertive
7741,and American goes through Chicago,interrogative
7742,i guess i have some thinking to do and some questions to ask,assertive
7743,thank you  very much for your help,assertive
7747,between 8:50,assertive
7748,there is not an American flight,assertive
7749,there's an Alaska Air flight at 10:15,assertive
7750,Alaska Air,assertive
7751,it gets into Seattle at 12:15,assertive
7752,at 12:15,interrogative
7753,and once again what time does that leave,interrogative
7754,10,interrogative
7755,10:15 a m,assertive
7757,does that change uh the cost,interrogative
7759,would they be returning on the same flight,interrogative
7760,th... they would be returning on American Airlines number 2 2 5,assertive
7761,that was... that was a good time at 5:20,assertive
7763,the fare we were holding at was 258,assertive
7764,this would uh increase it by 40 dollars,assertive
7765,so it would be,assertive
7766,oh my,exclamatory
7767,2 98,assertive
7768,you said 2 98 exactly,imperative
7770,round  trip,assertive
7771,it would not  be um it would not be non-refundable,assertive
7772,it would be a 25 percent penalty for changes or refunds,assertive
7773,could you give me the flight number on that then,interrogative
7774,that's Alaska Airlines,interrogative
7775,Alaska Air flight 1 5 9,assertive
7776,1 5 9,assertive
7777,on out of San Jose on the 29th at 10:15 a m,assertive
7778,arrival Seattle at 12:15,assertive
7779,do you want me to book that,interrogative
7781,let me request seating on that one,assertive
7782,and and then we will go ahead and book for the American Airlines,assertive
7783,the return flight number 2 2 5,assertive
7784,we'll keep that the same,interrogative
7785,and so do we have final approval,interrogative
7786,or or we're still waiting,interrogative
7787,and i do have the travel advance,assertive
7788,i'm in,interrogative
7789,whose record am i in right now,interrogative
7790,i'm just checking on whose reservation i was in right now,assertive
7791,DDD,assertive
7792,i'm in,assertive
7793,his travel advance,interrogative
7794,his number then is,assertive
7795,and for EEE,interrogative
7797,and i did give you a charge number on that didn't i,imperative
7798,you did,assertive
7799,that's stands the same,assertive
7800,and i think that's it,assertive
7801,the tickets would be ready for pickup  probably,assertive
7802,these will be ready,assertive
7803,we can run them today now,assertive
7804,the 25 percent penalty fare,assertive
7805,that will be valid throught the 20th of July,assertive
7806,if you wanted to wait,assertive
7807,it was just the non-refundable had to be issued within 24 hours,assertive
7808,and in order to,interrogative
7809,did you want to   uh get that that price,interrogative
7810,it would have to be issued within 24 hours,assertive
7812,for for the non-refundable,assertive
7813,that was the one we were holding  with the American round trip,assertive
7814,but this but the 2 89 is 25 percent penalty,assertive
7815,we do not have to issue it uh within twenty four hours,interrogative
7816,through the,assertive
7817,you want to still go ahead and do it today,interrogative
7818,just ticket it,assertive
7819,but i mean it's no rush when when we we get it,assertive
7828,i just have a question first before i i purchase my ticket,assertive
7829,to get the Saver Return to London erm from Preston  right,interrogative
7830,leaving Friday,assertive
7831,coming back Sunday,assertive
7832,the 51 pounds,assertive
7833,do i need to specify train times  or is that,interrogative
7834,can i just get it for that d...,interrogative
7835,do i just purchase it for that day for those days   and travel any time,interrogative
7836,there is s... some restrictions with the Saver Return,assertive
7838,i'll get them for you,imperative
7840,with the Saver ticket,assertive
7841,you can travel on any train after 6:20,assertive
7843,if you're travelling back on a Sunday,assertive
7844,it's any train,assertive
7845,but if you're travelling on a weekday Monday to Friday,assertive
7846,you can travel on the train after  6:35 in the morning,assertive
7847,or it's 6:50 the next one after that,assertive
7848,but you're not allowed to travel on the 16 hundred 16:05 17 hundred and 17:05,assertive
7849,which is,assertive
7850,how much is,interrogative
7851,Monday to Friday,assertive
7852,if it's the Sunday you were travelling back,assertive
7853,you come back at any time,assertive
7854,and so the the Friday,assertive
7855,i can't travel down after 6 in the morning,interrogative
7856,you can't,assertive
7857,before,assertive
7858,before  6:20,assertive
7859,or  what about any other time,interrogative
7860,any time after 6:20,assertive
7861,so that leaves it open,assertive
7864,and do i actually purchase those tickets at the station or d... on the train or,interrogative
7865,you need to buy it at the booking office before your board the train,assertive
7866,or i can provisionally book it and arrange for you to collect the tickets at the train station as long as you are a credit or debit card holder,assertive
7867,is it is this the booking offices,interrogative
7868,are they in the train stations,interrogative
7869,and n...,assertive
7870,do they sell out usually,interrogative
7871,or is there always tickets,interrogative
7872,that's  a walk-on fare  whether or not you might not manage to get on that particular train,assertive
7873,if the seats were all booked or if it was busy,assertive
7874,but this is like a Walk-on fare,assertive
7875,and it's what you'd always be charged as long as you're travelling at the appropriate times,assertive
7876,cos then i'd know what train i was taking down there,assertive
7877,but i'd need to definitely get on that train,assertive
7878,can i do that  booking it with you now,interrogative
7881,can i just get my credit card,interrogative
7883,if this erm,assertive
7884,if i book it for a certain time going down,assertive
7885,and i can't make it for that train or i want to go on a later one,imperative
7886,is is that alright,interrogative
7887,you can do that with this kind of ticket,assertive
7890,this Friday,assertive
7891,which is the,interrogative
7892,2nd,assertive
7894,what time do you want to travel from Preston at,interrogative
7895,i wanted to get on the 3:20 if possible,imperative
7896,or it might be one after,assertive
7897,but it won't be earlier than that,assertive
7898,i'll just check the time,imperative
7899,15:20 from Preston,assertive
7900,arriving in Euston at 18:13,interrogative
7901,you want me to book that one for you,interrogative
7902,if if that's poss...,assertive
7903,just so i can make sure i've got a seat on there,assertive
7904,it might i might be going on a later train,assertive
7905,but it won't matter if the ticket says that time will it,interrogative
7909,what's your surname please,interrogative
7910,and your initials,interrogative
7913,the only seat that i can reserve you in is in the smoking coach,assertive
7914,that train must be particularly booked,assertive
7915,must be really busy,assertive
7916,so the only seats are left are in smoking,assertive
7917,that's that's alright,assertive
7919,seat number 38,assertive
7920,and that's smoking,assertive
7921,and that's on the 15:20 train tomorrow from Preston,assertive
7922,arriving in London,assertive
7923,just get the arrival time again,assertive
7924,18:13,assertive
7925,do you want to book the return or leave the return journey open,interrogative
7926,i'll leave the return journey open,imperative
7927,you can leave it open for the calendar month  like you said,assertive
7928,if it's a Sunday,assertive
7929,you're coming back y... come back at any time,assertive
7930,but there is those restrictions on the week day that i've explained to you,assertive
7932,can you give me your full address please,interrogative
7933,it's 7,assertive
7935,which is             View,assertive
7936,View,assertive
7940,and the code is   3  8,assertive
7943,it's 0 1 8 hundred,assertive
7944,0 1 8 hundred,assertive
7945,0 7 3,assertive
7947,8 6 3,assertive
7951,the total price is 51 pounds return,assertive
7952,travelling tomorrow on the 15 20 train,assertive
7953,that's the 2nd of October,assertive
7955,it's a Mastercard,assertive
7956,and the Mastercard number is,interrogative
7957,it's 7 8 3 3,assertive
7958,7 8 3 3,assertive
7959,6 6 3 0,assertive
7961,0 5 8 4,assertive
7963,0 8 3 9,assertive
7966,it's the 4 of the 1st,assertive
7968,April,assertive
7969,it's em the year 2001,assertive
7970,2001,assertive
7971,it sounds funny when they  have,assertive
7972,if you collect the tickets 90 minutes before departure time at the train station,assertive
7973,at Preston,assertive
7974,you just need to go to the travel centre,assertive
7975,and you'll have the tickets there,assertive
7976,you'll need to quote this reference number,assertive
7979,it's  8 8 0 9,assertive
7980,8 8 0 9,assertive
7981,3 3 9 3,assertive
7984,you just quote that reference number tomorrow,assertive
7985,and the ticket will be waiting there for you,assertive
7986,and if by chance em  i i would turn up for a later train,assertive
7987,what is the next train after that,interrogative
7989,could you check it,interrogative
7991,just to make sure i know,assertive
7992,it's just getting out of work on time but,assertive
7993,the next one's 16:20,assertive
7994,then there's a 16:31,assertive
7995,then 17:20,assertive
7996,so  they're 20 past the hour apart from there's one at 16:31,assertive
8006,i'm calling about a trip for C D,assertive
8007,this is his Montreal trip,assertive
8008,and that's on Monday,assertive
8009,i see it here,assertive
8010,and he needs to go to Montreal,assertive
8011,and i understand another group has made the reservations,assertive
8012,so i need to get the information on that,assertive
8013,just the information about what we have,interrogative
8014,he's on American flight 2 6 2,assertive
8015,2 6 2,assertive
8016,out of San Francisco at 11:55 p m,assertive
8017,arriving Chicago at 5:56 a m on the 25th,assertive
8018,on the tw...,assertive
8020,the time again,interrogative
8021,5:56 a m,assertive
8022,5:56,assertive
8023,on the 25h of July,assertive
8024,connecting to American flight 6 9 6,assertive
8025,that's out of Chicago at 7:10 a m,assertive
8026,and arrives Montreal at 10:08 a m,assertive
8027,on his return,assertive
8028,it's Tuesday the 25th,assertive
8029,American flight 1 4 3,assertive
8030,out of Montreal at 8:03 p m,assertive
8031,that's an American flight out of,interrogative
8032,i missed,assertive
8033,these are all  American,interrogative
8034,these are all American,assertive
8037,arrives Chicago at 9:13 p m,assertive
8038,and connects to flight 4 5 7,assertive
8039,that's out of Chicago at 9:50 p m,assertive
8040,and arrives San Francisco at 12:23 a m on the 26th,assertive
8041,so just after midnight,assertive
8042,and are we going to be doing the ticketing on these then,interrogative
8043,or is someone else going to be ticketing it,interrogative
8055,i'm wishing to er travel  to Taunton,imperative
8057,Hertford in Cheshire,assertive
8058,do you hold a current credit card or debit card,interrogative
8059,i have an Access,assertive
8061,Saturday the 24th of October,assertive
8063,just for 1 person,assertive
8065,i have an O A P railcard,assertive
8066,senior,interrogative
8067,a senior,assertive
8069,and what time would you like to depart  from Hertford at,interrogative
8070,i've just checked these train times,assertive
8071,and i've been given that's 7:41 from Hertford,assertive
8072,and it it's a through train,assertive
8073,and it arrives in Taunton at 14:28,assertive
8075,on Friday the30th of October,assertive
8077,10:35 Taunton,assertive
8078,arriving Crewe 13:54,assertive
8079,and then the connection from Crewe is 14:52,assertive
8080,arriving Hertford 15:03,assertive
8081,and the first one,assertive
8082,the the Hertford to Taunton,assertive
8083,i... it's a through train,assertive
8084,there's no changing on it,assertive
8085,abou...,assertive
8086,it's a new one i think,assertive
8087,with the new timetable,assertive
8089,i've got the train departing at 10:35 from Taunton,assertive
8090,but you're changing at Birmingham New Street,assertive
8091,you arrive in  Bi...,assertive
8092,i  don't normally,assertive
8094,i i don't want to change at Birmingham New Street,assertive
8095,you don't want to,interrogative
8096,i'll specify Crewe and see what it brings up,imperative
8097,i've got the one from  Taunton to Crewe,assertive
8098,so i'm just going to check availability to see what's your cheapest fare i can offer you,imperative
8099,if you just like to bear with me a moment please,assertive
8100,thank you for holding there,assertive
8101,i'm just actually having to double check that time on the return,imperative
8104,i'm just checking to see whether or not the Super Advance with the railcard is available  so you can get a reduced rate travelling,imperative
8105,are those train times ok then,interrogative
8106,the 10:35,interrogative
8107,i was just actually double checking that because  all part of the journey that you're doing is actually on Virgin trains,assertive
8108,but the last part from  Crewe to Hertford is a  Central train,assertive
8109,it's a local connection,assertive
8110,so i'm just making sure it's going to be valid on the kind of ticket  we're going to sell you,imperative
8111,i'm just double checking,assertive
8112,i think  i think it usually is because normally i've travelled,assertive
8113,i i've done this before,assertive
8114,it's just that there's been new restrictions been added  since the 7th of September,assertive
8116,but i've checked that out,assertive
8117,and that's ok,assertive
8118,so the fare's going to be 23 pounds 45,assertive
8119,and that's with your senior railcard discount,assertive
8123,going,assertive
8124,could i,interrogative
8126,let me get it the right way round,assertive
8128,could i travel erm front facing  please,interrogative
8129,because we're going all the way that way aren't we,interrogative
8131,could i have erm,interrogative
8132,just a sec,assertive
8133,the train turns round at Birmingham you see,assertive
8134,and it's it's a long good journey,assertive
8135,could i have front facing from Taunton to erm,interrogative
8137,from Taunton,assertive
8138,i'm just specifying that for you,imperative
8139,i'm just going to go over the dates  and times,imperative
8141,to be perfectly honest,assertive
8142,it doesn't really matter  whatever,assertive
8143,don't mind that,assertive
8144,i'll put forward facing  anyway,imperative
8145,that is  don't matter,assertive
8147,from Hertford 7:41  direct to Taunton,assertive
8148,arriving 14:28,assertive
8149,returning from Taunton at 30th of October,assertive
8150,you're changing at Crewe,assertive
8151,you depart at 10:35,assertive
8152,then it's the 14:52 from Crewe,assertive
8153,arriving at 15:03 in Hertford,assertive
8154,and that's 23 45,assertive
8158,you would just leave a full refund less 5 pounds,assertive
8159,if you needed to change any of the time of travel,assertive
8160,you must do so by 2 o'clock the day before as well,assertive
8161,subject to availability  and 5 pounds charge,assertive
8169,4 4 0 1 4 1,assertive
8170,8 8 0 4 0,assertive
8176,from Oxenholme to Euston,assertive
8178,i've got a credit card,assertive
8182,what date would you like to travel,interrogative
8183,Monday the,assertive
8184,is it the 8th,interrogative
8185,hang on,assertive
8186,Monday the 4th of October,interrogative
8187,Monday the 5th,assertive
8188,this Monday coming,interrogative
8189,it's the 5th of October,assertive
8193,what time do you like to depart at,interrogative
8194,think it's 11:41,assertive
8195,arriving at 15 hundred,interrogative
8196,i'm just going to check to see what's your cheapest fare available,imperative
8197,because it's this Monday you're travelling,assertive
8198,i'm going to have to arrange for you to collect your tickets from the train station,assertive
8200,when would you be returning,interrogative
8201,the next Thursday,assertive
8202,the Thursday after,assertive
8203,which is the 9th i think,assertive
8205,it's the  the 7th,assertive
8206,the 8th,assertive
8207,Monday the 4th,interrogative
8208,then it's  6 7,assertive
8209,it's the 8th,assertive
8210,Tue... for Thursday,interrogative
8212,i think there's a train at 12:35 from London Euston,assertive
8213,arriving at 15:39,interrogative
8214,is it 15:39,interrogative
8215,in Oxenholme,assertive
8216,does it have to be 11:41 train that you get travelling out,interrogative
8217,wha... why,interrogative
8218,what's the choice,interrogative
8219,the only advance purchase ticket is available is on the train after,assertive
8220,and that's the 15:41 in the  afternoon,assertive
8221,i've got  i've got to get the 11:41,assertive
8222,then the cheapest fare that's going to be available is your Super Saver return at 50 pounds 50,assertive
8223,do you want me go ahead and book this ticket for you,interrogative
8224,with the Super Saver return,assertive
8225,if you miss any  trains that i am going to reserve you on,assertive
8229,what i'm going to do just now is fill out a booking form,imperative
8230,reserve your seat,assertive
8231,and arrange for you to collect your ticket 50 minutes before departure time on Monday  from Oxenholme station,assertive
8233,your surname is please,interrogative
8238,can you give me your contact telephone number please,interrogative
8239,which is 0 1 1 9 0 8,assertive
8240,5 7  5 7 7,assertive
8243,confirm that address for me please,assertive
8244,i think it's Wynn Mail House,assertive
8245,i'll check,imperative
8246,it's a company credit card,assertive
8247,and where the the statement is addressed to,assertive
8248,i'm just checking it now,assertive
8250,Red Gail Head,assertive
8251,Seascale,assertive
8252,Cumbria,assertive
8253,and the postcode actually on this is   23 6,assertive
8254,what's the name of the business please,interrogative
8255,that's           Gargrave          Limited,assertive
8258,the number across the Visa please,assertive
8259,7 1 0 0,assertive
8261,0 7 1 2,assertive
8263,2 0 8 7,assertive
8265,9 9 0 8,assertive
8272,i'll just going to reserve your seats,imperative
8274,possibly facing forward,assertive
8275,but i don't mind,assertive
8276,i'm just reserving your seat now,assertive
8277,it's going from Oxenholme to London Euston on Monday the 5th,assertive
8278,departing 11:41,assertive
8280,seat number 13,assertive
8282,then you're returning from Euston to Oxenholme on Thursday the 8th,assertive
8283,departing at 21:35,assertive
8285,seat number 41,assertive
8286,and once again that's smoking,assertive
8287,if you miss any services that i've reserved you on,assertive
8289,it's a full refund less 5 pounds  if you have to cancel your ticket,assertive
8290,and the total cost is 50 pounds 50,assertive
8291,and this is your reference number to quote,assertive
8292,you need to be there for 50 minutes before departure time,assertive
8294,it's 0 7 9 7,assertive
8295,7 7 1 8,assertive
8297,0 7 9 7 7 7 1 8,assertive
8299,if i'm not there 50 minutes beforehand,assertive
8300,is there going to be a major problem,interrogative
8301,we do say 50 minutes,assertive
8302,and so you get enough time to collect your tickets and board your train,assertive
8303,so you don't miss your train,assertive
8304,but it's in case there was any queue,assertive
8305,it's just  allowing yourself extra time there,assertive
