word,count,common
you,8175,True
the,7473,True
and,6709,True
to,4928,True
of,4780,True
is,4767,True
in,4296,True
a,3847,True
are,3717,True
pakistan,3471,True
your,3277,True
i,3020,True
india,2738,True
that,2622,True
video,2458,True
on,2384,True
indian,2375,True
this,2242,True
for,2227,True
not,2111,True
but,2054,True
about,1841,True
from,1763,True
it,1591,True
dhruv,1560,False
we,1483,True
by,1423,True
have,1418,True
pakistani,1315,True
with,1289,True
people,1277,True
was,1261,True
why,1234,True
please,1144,True
what,1138,True
they,1092,True
as,1073,True
media,1070,True
all,1063,True
make,1006,True
one,950,True
be,945,True
army,944,True
rathee,925,False
no,893,True
will,860,True
who,860,True
so,860,True
if,858,True
just,843,True
attack,831,True
dont,817,True
our,801,True
like,796,True
he,785,True
also,784,True
its,765,True
how,753,True
or,742,True
country,721,True
only,719,True
can,718,True
were,715,True
their,693,True
now,682,True
has,667,True
love,651,True
know,636,True
truth,629,True
do,626,True
any,598,True
there,597,True
always,592,True
videos,583,True
my,579,True
bro,570,True
at,566,True
news,565,True
am,560,True
against,557,True
because,551,True
government,528,True
operation,509,True
sir,502,True
right,500,True
down,487,True
then,485,True
when,479,True
even,470,True
his,470,True
which,468,True
an,465,True
modi,461,False
where,456,True
should,448,True
still,444,True
very,441,True
say,435,True
jets,432,True
war,424,True
respect,424,True
both,408,True
world,407,True
support,405,True
did,402,True
international,394,True
them,393,True
more,391,True
many,391,True
pak,380,True
military,378,True
want,375,True
godi,375,False
good,372,True
these,369,True
first,368,True
after,367,True
time,366,True
some,365,True
killed,354,True
civilians,350,True
out,343,True
think,342,True
again,336,True
information,335,True
us,335,True
muslim,335,True
fake,332,True
other,329,True
brother,329,True
me,328,True
own,318,True
muslims,315,True
terrorists,314,True
facts,310,True
said,307,True
been,304,True
channel,304,True
lost,303,True
never,302,True
need,298,True
indians,297,True
kashmir,296,True
would,289,True
innocent,286,True
tell,284,True
sindoor,277,False
didnt,276,True
talk,274,True
shot,274,True
side,274,True
than,271,True
being,270,True
air,267,True
true,264,True
see,263,True
ur,263,True
peace,263,True
agree,261,True
really,253,True
wrong,253,True
same,251,True
false,248,True
give,246,True
research,243,True
ani,242,False
every,241,True
well,241,True
hindu,237,True
those,235,True
pakistanis,233,False
such,231,True
im,231,True
most,229,True
great,226,True
show,225,True
made,223,True
fact,217,True
doing,217,True
much,217,True
cant,216,True
thats,216,True
get,215,True
thank,214,True
here,211,True
proof,210,True
up,210,True
pahalgam,209,False
evidence,208,True
response,208,True
countries,207,True
may,207,True
too,205,True
children,204,True
best,204,True
next,203,True
person,203,True
without,199,True
believe,196,True
real,193,True
khan,193,True
proud,192,True
hindus,192,False
biased,191,True
comment,191,True
work,191,True
whole,190,True
balochistan,188,False
reality,187,True
speak,187,True
content,186,True
thanks,186,True
last,186,True
another,185,True
—,184,False
rafale,184,False
way,183,True
thing,182,True
mention,182,True
talking,182,True
credibility,181,True
rathi,181,False
saying,181,True
man,180,True
youre,180,False
before,179,True
come,178,True
attacks,178,True
investigation,177,True
things,174,True
destroyed,170,True
propaganda,170,True
understand,169,True
topic,169,True
condition,167,True
s,166,True
reply,165,True
stop,164,True
attacked,163,True
done,162,True
used,161,True
nation,161,True
had,160,True
govt,160,True
part,159,True
youtuber,159,False
sides,159,True
keep,158,True
go,158,True
sources,158,True
full,156,True
question,156,True
religion,155,True
expose,155,True
making,155,True
previous,154,True
exposed,153,True
take,151,True
live,150,True
watching,150,True
got,150,True
trying,150,True
him,149,True
over,149,True
force,148,True
totally,147,True
neutral,147,True
nothing,146,True
while,143,True
lies,143,True
don’t,141,False
watch,141,True
bangladesh,141,True
point,139,True
hospital,138,True
let,138,True
between,136,True
issue,136,True
based,135,True
important,132,True
fighter,132,True
something,130,True
trf,130,False
appreciate,130,True
into,128,True
could,128,True
flag,128,True
ask,127,True
stand,126,True
use,125,True
accept,125,True
voice,124,True
button,123,True
during,123,True
day,122,True
prove,122,True
lie,122,True
security,121,True
waiting,121,True
everyone,120,True
mentioned,120,True
telling,120,True
bla,120,False
water,119,True
due,118,True
big,118,True
politics,117,True
rafael,117,True
better,117,True
anything,116,True
two,116,True
bad,116,True
terror,114,True
answer,114,True
audience,114,True
base,114,True
happened,113,True
everything,113,True
dear,113,True
showing,113,True
new,113,True
number,112,True
it’s,111,False
try,111,True
raise,111,True
become,110,True
narrative,108,True
pakistans,107,False
jet,107,True
incident,107,True
including,106,True
called,106,True
yes,105,True
matter,105,True
issues,105,True
political,105,True
back,105,True
forces,104,True
peoples,104,True
blame,104,True
drones,104,False
name,104,True
ever,104,True
vs,103,True
knowledge,103,True
going,102,True
died,102,True
fantastic,102,True
story,102,True
does,101,True
doesnt,101,True
yourself,101,True
power,101,True
indias,100,False
involved,100,True
supporting,100,True
actually,100,True
clear,100,True
system,100,True
money,99,True
single,99,True
rest,99,True
problem,99,True
youtube,98,False
civilian,98,True
years,98,True
syed,98,False
views,96,True
imran,96,False
loud,95,True
state,95,True
tea,95,True
spreading,94,True
today,93,True
source,93,True
history,93,True
trust,93,True
laugh,93,True
few,92,True
downed,92,False
mr,92,True
sorry,91,True
through,91,True
instead,91,True
spread,91,True
correct,91,True
must,91,True
failed,90,True
informative,90,True
accepted,90,True
long,90,True
situation,89,True
social,89,True
knows,89,True
lot,89,True
sided,89,True
behind,89,True
since,88,True
kashmiri,87,False
banned,87,True
lives,87,True
pilot,86,True
killing,86,True
times,86,True
living,86,True
bihar,86,False
defence,85,True
claim,85,True
seen,85,True
public,84,True
change,84,True
according,84,True
china,84,True
using,84,True
youtubers,84,False
already,83,True
life,82,True
face,82,True
raw,82,True
claims,82,True
giving,82,True
hope,81,True
credit,81,True
case,81,True
off,80,True
shah,80,True
once,80,True
election,80,True
location,80,True
word,79,True
start,79,True
aircraft,79,True
questions,79,True
finally,78,True
save,78,True
check,78,True
guys,78,True
help,77,True
credible,77,True
murshidabad,77,False
foreign,77,True
read,76,True
truly,76,True
shame,76,True
started,76,True
channels,76,True
rather,76,True
muzammil,75,False
confirmed,75,True
fan,75,True
least,75,True
targeted,75,True
independent,75,True
analysis,75,True
common,75,True
won,75,True
end,74,True
reason,74,True
strikes,74,True
anyone,73,True
rajasthan,72,True
honest,72,True
feel,72,True
hit,72,True
put,72,True
others,72,True
god,72,True
explain,71,True
comes,71,True
clearly,71,True
women,71,True
yet,71,True
losses,71,True
conflict,71,True
th,71,True
didn’t,71,False
religious,70,True
told,70,True
damage,70,True
ceasefire,70,False
rss,70,True
nepal,70,True
find,69,True
nice,69,True
completely,69,True
someone,69,True
old,69,True
journalist,69,True
exam,69,True
liar,69,True
look,69,True
planes,68,True
humanity,68,True
responsible,68,True
absolutely,68,True
says,68,True
border,68,True
vedio,68,False
kind,67,True
under,67,True
justice,67,True
loss,67,True
chief,67,True
recent,66,True
thought,66,True
human,66,True
listen,66,True
strong,66,True
rathe,66,False
win,66,True
jats,66,False
si,65,True
hanuman,65,False
comments,65,True
druv,65,False
opinion,65,True
article,65,True
beniwal,65,False
karni,65,False
sena,65,False
okay,65,True
courage,65,True
statement,65,True
ok,64,True
group,64,True
crying,63,True
taken,63,True
mean,63,True
regarding,63,True
salute,63,True
stable,63,True
speaking,63,True
level,63,True
n,63,True
provide,62,True
held,62,True
defense,62,True
israel,62,True
points,62,True
came,62,True
wait,61,True
different,61,True
getting,61,True
criticism,61,True
half,61,True
rafales,60,False
express,60,True
involvement,60,True
whatever,60,True
islam,60,True
congress,60,True
hard,60,True
unbiased,60,True
message,60,True
region,60,True
community,59,True
airbase,59,False
missile,59,True
mind,59,True
pls,59,True
enough,59,True
doubt,59,True
whats,59,True
criticize,59,False
minutes,59,True
guy,58,True
awareness,58,True
m,58,True
place,58,True
wing,58,True
kill,58,True
background,58,True
etc,58,True
shoot,58,True
stay,58,True
minister,57,True
establishment,57,True
report,57,True
call,57,True
command,57,True
admitted,56,True
present,56,True
software,56,True
articles,56,True
fight,56,True
difference,55,True
english,55,True
her,55,True
germany,55,True
iaf,55,False
simple,55,True
afghanistan,54,True
united,54,True
safe,54,True
pm,54,True
stupid,54,True
i’m,54,False
kids,54,True
sense,54,True
happy,54,True
job,53,True
reports,53,True
education,53,True
hatred,53,True
critical,53,True
shows,53,True
reference,53,True
view,53,True
share,53,True
away,52,True
till,52,True
gave,52,True
however,52,True
proved,52,True
trade,52,True
dhruve,52,False
paf,52,False
far,51,True
general,51,True
year,51,True
misinformation,51,False
care,51,True
else,51,True
faisal,51,False
action,51,True
taking,51,True
nations,50,True
denied,50,True
past,50,True
around,50,True
blaming,50,False
lying,50,True
agreed,50,True
open,50,True
punjab,50,True
enemy,50,True
references,50,True
poor,50,True
party,50,True
shit,49,True
hello,49,True
request,49,True
main,49,True
little,49,True
leaders,49,True
missiles,49,True
lahore,49,False
within,49,True
you’re,49,False
each,49,True
violence,49,True
ban,49,True
create,49,True
given,49,True
whether,49,True
soldiers,49,True
k,49,True
might,49,True
isnt,48,True
yar,48,False
hi,48,True
asked,48,True
area,48,True
leader,48,True
showed,48,True
reporting,48,True
unity,48,True
pehlgam,47,False
days,47,True
viewers,47,True
freedom,47,True
cannot,47,False
death,47,True
educational,47,True
indus,47,False
mistake,47,True
lose,47,True
saw,47,True
biggest,46,True
followers,46,True
income,46,True
politicians,46,True
intelligence,46,True
usa,46,True
elections,46,True
supported,46,True
official,46,True
seems,46,True
fool,46,True
anil,45,False
responsibility,45,True
expect,45,True
joke,45,True
majority,45,True
left,45,True
bring,45,True
singh,45,True
rahim,45,False
coming,44,True
soon,44,True
maybe,44,True
arunachal,44,False
permission,44,True
wont,44,True
kashmiris,44,False
picture,44,True
condemn,44,False
admit,44,True
ground,44,True
suffering,44,True
otherwise,44,True
free,44,True
complete,44,True
citizens,44,True
areas,44,True
remains,44,True
arrested,43,True
itself,43,True
current,43,True
towards,43,True
ai,43,True
commander,43,True
national,43,True
destroy,43,True
service,43,True
local,43,True
criticizing,43,False
especially,43,True
near,43,True
dhurv,43,False
watched,43,True
claimed,43,True
armed,43,True
pl,43,True
bases,43,True
occupied,43,True
proofs,43,True
drone,43,False
edit,43,True
words,43,True
land,42,True
follow,42,True
took,42,True
almost,42,True
calling,42,True
kindly,42,True
thinking,42,True
ensure,42,True
wire,42,True
inside,42,True
family,42,True
investigate,42,True
srinagar,42,False
future,41,True
explained,41,True
science,41,True
onesided,41,False
act,41,True
pehalgam,41,False
means,41,True
criticized,41,True
following,41,True
wants,41,True
problems,41,True
lots,41,True
ali,40,True
actual,40,True
theres,40,True
topics,40,True
fully,40,True
lets,40,True
purposes,40,True
actions,40,True
democracy,40,True
raised,40,True
hand,40,True
hats,40,True
protect,40,True
offered,40,True
creator,40,True
osho,40,False
…,40,False
focus,40,True
havent,40,False
extremist,39,False
remember,39,True
percent,39,True
assam,39,False
disappointed,39,True
explanation,39,True
funeral,39,True
consider,39,True
muzamil,39,False
siang,39,False
pilots,39,True
bollywood,39,True
peaceful,39,True
balanced,38,True
scared,38,True
high,38,True
translate,38,True
earth,38,True
heart,38,True
bathinda,38,False
top,38,True
role,38,True
target,38,True
cover,38,True
karachi,38,False
stories,38,True
huge,38,True
hell,38,True
dangerous,38,True
targeting,38,True
known,38,True
officials,38,True
pradesh,38,True
himself,38,True
fear,38,True
that’s,37,False
agencies,37,True
possible,37,True
pashto,37,False
fair,37,True
often,37,True
able,37,True
becoming,37,True
attacking,37,True
cds,37,True
literally,37,True
gaza,37,True
control,37,True
deep,37,True
citizen,37,True
second,37,True
ji,37,True
eyes,37,True
sad,37,True
guts,37,True
list,37,True
shown,36,True
sure,36,True
either,36,True
unchanged,36,True
happen,36,True
interview,36,True
hypocrisy,36,False
combat,36,True
factual,36,True
secular,36,True
wanted,36,True
agenda,36,True
respond,36,True
post,36,True
hero,36,True
ideology,36,True
islamic,36,True
journalism,36,True
chandimandir,36,False
fire,36,True
defeat,36,True
wish,36,True
talked,36,True
team,36,True
sites,36,True
america,36,True
major,36,True
forgot,35,True
together,35,True
justify,35,True
confirm,35,True
dhruvrathee,35,False
line,35,True
though,35,True
bangladeshi,35,False
carried,35,True
fighting,35,True
internal,35,True
except,35,True
authentic,35,True
trusted,35,True
river,35,True
unfortunately,34,True
jail,34,True
jc,34,True
offer,34,True
openly,34,True
treaty,34,True
nuclear,34,True
supports,34,True
population,34,True
three,34,True
sharif,34,False
leave,34,True
happening,34,True
book,34,True
child,34,True
exposing,34,True
learn,34,True
asking,34,True
france,34,True
extremism,34,False
entire,34,True
gain,34,True
update,34,True
hey,34,True
prime,34,True
failure,33,True
bias,33,True
bcz,33,False
blind,33,True
yours,33,True
nawaz,33,False
updated,33,True
spoke,33,True
ready,33,True
shut,33,True
defend,33,True
anymore,33,True
chauhan,33,False
hours,33,True
bhai,33,False
journalists,33,True
image,33,True
india’s,33,False
bhaiya,33,False
akhnoor,33,False
needs,33,True
section,33,True
anti,33,True
mosques,32,False
seriously,32,True
misleading,32,True
non,32,True
brave,32,True
home,32,True
airport,32,True
ignore,32,True
mistakes,32,True
law,32,True
brain,32,True
secretary,32,True
dead,32,True
reuters,32,True
sikh,32,False
mindset,32,False
bit,32,True
men,32,True
themselves,32,True
went,32,True
narratives,32,False
small,32,True
later,32,True
perspective,32,True
makes,32,True
cause,31,True
working,31,True
funny,31,True
fatf,31,False
martyred,31,False
less,31,True
ones,31,True
written,31,True
countrys,31,False
lack,31,True
minority,31,True
north,31,True
casualties,31,True
front,31,True
oh,31,True
incidents,31,True
rcb,31,False
iam,30,False
mostly,30,True
forget,30,True
father,30,True
deaths,30,True
victory,30,True
student,30,True
dam,30,True
pakistan’s,30,False
title,30,True
standing,30,True
directly,30,True
brothers,30,True
pressure,30,True
police,30,True
selective,30,True
accepting,30,True
dirty,30,True
ignored,30,True
speaks,30,True
places,30,True
bbc,30,True
destruction,30,True
attention,30,True
wars,30,True
bullshit,29,True
definitely,29,True
powerful,29,True
rights,29,True
educated,29,True
quite,29,True
worry,29,True
claiming,29,True
st,29,True
successfully,29,True
friend,29,True
groups,29,True
blamed,29,True
sent,29,True
created,29,True
global,29,True
total,29,True
logic,29,True
fall,29,True
fir,29,True
gandhi,29,True
normal,29,True
gone,29,True
several,29,True
patriotism,28,False
books,28,True
across,28,True
governments,28,True
game,28,True
quoting,28,True
talks,28,True
doesn’t,28,False
via,28,True
rahul,28,False
millions,28,True
ago,28,True
presented,28,True
example,28,True
launched,28,True
night,28,True
she,28,True
course,28,True
shivangi,28,False
isi,28,False
school,28,True
tried,28,True
grow,28,True
rafailfail,28,False
fail,28,True
voices,28,True
happens,28,True
modis,28,False
nonsense,28,True
strike,28,True
explaining,28,True
house,28,True
puppet,27,True
shameful,27,False
gujrat,27,False
condemned,27,True
afraid,27,True
baseless,27,False
viewership,27,False
ive,27,True
specially,27,True
aware,27,True
hide,27,True
business,27,True
solid,27,True
corrupt,27,True
druve,27,False
former,27,True
al,27,True
port,27,True
highly,27,True
basis,27,True
atleast,26,False
late,26,True
forward,26,True
info,26,True
baloch,26,False
badly,26,True
zero,26,True
south,26,True
proper,26,True
missing,26,True
asian,26,True
cry,26,True
threat,26,True
e,26,True
hypocrite,26,False
hiding,26,True
train,26,True
context,26,True
self,26,True
nor,26,True
head,26,True
arent,26,False
reported,26,True
thoughts,26,True
youve,26,False
per,26,True
posted,26,True
laughing,26,True
warraich,26,False
hear,26,True
butcher,25,True
airforce,25,False
vpn,25,True
pure,25,True
operations,25,True
class,25,True
details,25,True
fighters,25,True
highlight,25,True
remain,25,True
approach,25,True
knew,25,True
choose,25,True
played,25,True
debate,25,True
hindustan,25,False
wow,25,True
stance,25,True
sikhs,25,False
shaheed,25,False
earlier,25,True
victims,25,True
weak,25,True
refer,25,True
type,25,True
script,25,True
jf,25,True
tandoor,25,False
exactly,25,True
nd,24,True
trump,24,True
million,24,True
extremists,24,False
rafail,24,False
found,24,True
genuine,24,True
carry,24,True
let’s,24,False
cases,24,True
losing,24,True
borders,24,True
became,24,True
presenting,24,True
fun,24,True
states,24,True
culture,24,True
destroying,24,True
provided,24,True
silent,24,True
pulwama,24,False
isn’t,24,False
vote,24,True
project,24,True
idiot,24,True
airbases,24,False
crime,24,True
ppl,24,True
aircrafts,24,False
site,24,True
alot,24,True
rawalpindi,24,False
continue,24,True
marsoos,24,False
map,24,True
page,23,True
weapons,23,True
large,23,True
body,23,True
criticise,23,False
looking,23,True
alone,23,True
ashamed,23,True
i’ve,23,False
search,23,True
society,23,True
chinese,23,True
vlog,23,False
strongly,23,True
until,23,True
l,23,True
economy,23,True
damaged,23,True
yadav,23,False
inquiry,23,True
hurt,23,True
along,23,True
brahmos,23,False
agent,23,True
among,23,True
staff,23,True
rule,23,True
childrens,23,True
standard,23,True
proving,23,True
turn,23,True
udhampur,23,False
balance,23,True
genocide,23,True
serious,23,True
simply,23,True
heard,23,True
considered,23,True
data,22,True
smart,22,True
felt,22,True
territory,22,True
hes,22,True
drama,22,True
speech,22,True
six,22,True
light,22,True
organization,22,True
lacks,22,True
gets,22,True
die,22,True
block,22,True
arguments,22,True
statements,22,True
although,22,True
clown,22,True
coward,22,True
flow,22,True
dialogue,22,True
honestly,22,True
outside,22,True
road,22,True
sitting,22,True
corruption,22,True
ass,22,True
deny,22,True
backed,22,True
policy,22,True
mosque,22,True
russia,22,True
tv,22,True
pashtun,22,False
wanna,22,True
evil,22,True
run,22,True
fans,22,True
third,22,True
french,21,True
changed,21,True
asia,21,True
counter,21,True
move,21,True
playing,21,True
atrocities,21,False
google,21,True
upload,21,True
related,21,True
goes,21,True
ind,21,True
having,21,True
nobody,21,True
ttp,21,False
protest,21,True
killings,21,False
dr,21,True
bloomberg,21,True
easy,21,True
months,21,True
bless,21,True
form,21,True
plane,21,True
nationalism,21,True
providing,21,True
dhuruv,21,False
massive,21,True
study,21,True
matters,21,True
east,21,True
families,21,True
blocked,21,True
stopped,21,True
needed,21,True
names,21,True
movie,21,True
turned,21,True
peak,21,True
socalled,21,False
jaffar,21,False
caught,21,True
acknowledge,21,True
pehelgam,21,False
perfect,21,True
can’t,21,False
multiple,21,True
patriot,21,True
defending,21,True
illegal,21,True
rise,21,True
numbers,21,True
everywhere,21,True
favourite,21,True
truthful,21,False
thinks,21,True
promoting,20,True
baluchistan,20,False
favour,20,True
rational,20,True
buy,20,True
bhatinda,20,False
quoted,20,True
thousands,20,True
luxurious,20,True
development,20,True
sometimes,20,True
agency,20,True
religions,20,True
fallen,20,True
raising,20,True
couldnt,20,False
friends,20,True
clarity,20,True
four,20,True
radical,20,True
understanding,20,True
welcome,20,True
personal,20,True
recently,20,True
h,20,True
minds,20,True
paid,20,True
mouth,20,True
detailed,20,True
resistance,20,True
field,20,True
promote,20,True
allegations,20,True
shifted,20,True
captured,20,True
images,20,True
build,20,True
lived,20,True
disagree,20,True
born,20,True
sharing,20,True
five,20,True
silence,20,True
sympathy,20,True
loyalty,20,True
brainwashed,20,False
proxy,20,True
ramban,20,False
dumb,20,True
supporter,20,True
km,19,True
natural,19,True
hour,19,True
pk,19,True
play,19,True
wasnt,19,False
proves,19,True
loose,19,True
victim,19,True
criticising,19,False
dude,19,True
young,19,True
sovereignty,19,True
sake,19,True
cnn,19,True
version,19,True
tensions,19,True
low,19,True
attackers,19,False
technology,19,True
further,19,True
king,19,True
flags,19,True
congratulations,19,True
rafaels,19,False
bunyan,19,False
deliberately,19,True
missed,19,True
bus,19,True
planned,19,True
alive,19,True
identity,19,True
pain,19,True
youth,19,True
genuinely,19,True
fault,19,True
phalgam,19,False
clips,19,True
deal,19,True
upper,19,True
respected,19,True
girl,19,True
reaction,19,True
civil,18,True
diplomatic,18,True
u,18,True
subcontinent,18,False
dare,18,True
suffer,18,True
corner,18,True
heavy,18,True
respective,18,True
age,18,True
efforts,18,True
you’ve,18,False
basically,18,True
enjoy,18,True
american,18,True
basic,18,True
crashed,18,True
loved,18,True
sadly,18,True
remove,18,True
plus,18,True
harmful,18,True
propoganda,18,False
awaited,18,True
•,18,False
correction,18,True
resources,18,True
hold,18,True
legend,18,True
joker,18,False
akash,18,False
creating,18,True
suffered,18,True
controversy,18,True
unless,18,True
creators,18,True
reading,18,True
food,18,True
communal,18,True
jazeera,18,False
bruh,18,False
parties,18,True
faced,18,True
whose,18,True
visit,18,True
extremely,18,True
stands,18,True
economic,18,True
independence,18,True
despite,18,True
members,18,True
foolish,18,True
nationalist,18,True
funded,18,True
systems,17,True
g,17,True
count,17,True
double,17,True
solve,17,True
account,17,True
running,17,True
return,17,True
quality,17,True
tribes,17,True
negative,17,True
ad,17,True
choice,17,True
press,17,True
neighbors,17,True
raffle,17,False
shared,17,True
beyond,17,True
allow,17,True
whenever,17,True
justifying,17,False
idea,17,True
challenge,17,True
humans,17,True
worst,17,True
belong,17,True
meanwhile,17,True
include,17,True
bharat,17,False
defeated,17,True
mission,17,True
asim,17,False
baby,17,True
kpk,17,False
indirectly,17,True
miss,17,True
analyst,17,True
loses,17,True
effect,17,True
progress,17,True
op,17,True
activities,17,True
similar,17,True
cease,17,True
commented,17,True
short,17,True
rawfail,17,False
islamabad,17,False
step,17,True
answered,17,True
targets,17,True
sell,17,True
manipulate,17,True
difficult,17,True
close,17,True
enemies,17,True
send,17,True
muzzamil,17,False
feels,16,True
set,16,True
dhru,16,False
massacre,16,True
success,16,True
millitary,16,False
ill,16,True
accountable,16,True
caused,16,True
solution,16,True
expecting,16,True
mentioning,16,True
arnab,16,False
safety,16,True
flight,16,True
mansoor,16,False
muhammad,16,True
discuss,16,True
viral,16,True
waraich,16,False
seeing,16,True
f,16,True
blood,16,True
impartial,16,True
loves,16,True
yeah,16,True
hindutva,16,False
result,16,True
objective,16,True
responded,16,True
fine,16,True
sindh,16,False
o,16,True
facing,16,True
ordinary,16,True
communities,16,True
city,16,True
outlets,16,True
era,16,True
funding,16,True
intellectual,16,True
minorities,16,True
reliable,16,True
rauf,16,False
organizations,16,True
platform,16,True
poonch,16,False
valid,16,True
refused,16,True
various,16,True
whom,16,True
pro,16,True
thumbnail,16,True
soldier,16,True
nature,16,True
injured,16,True
jinnah,16,False
confirms,16,True
deserve,16,True
cities,16,True
grace,16,True
–,16,False
imagine,16,True
opinions,16,True
music,16,True
liked,16,True
poison,16,True
delhi,15,True
travel,15,True
declared,15,True
personnel,15,True
flaws,15,True
phalgham,15,False
israeli,15,True
pathetic,15,True
studies,15,True
village,15,True
spoken,15,True
becomes,15,True
loc,15,True
delete,15,True
value,15,True
jhoot,15,False
favorite,15,True
leadership,15,True
hinduism,15,False
boy,15,True
terriost,15,False
worth,15,True
kid,15,True
beginning,15,True
infrastructure,15,True
covering,15,True
cut,15,True
price,15,True
west,15,True
coz,15,False
shelling,15,False
stood,15,True
fools,15,True
mess,15,True
swamy,15,False
y,15,True
historical,15,True
expected,15,True
moment,15,True
mentality,15,False
parts,15,True
concerned,15,True
western,15,True
attempt,15,True
gujarat,15,False
dhirendra,15,False
shastri,15,False
sindhoor,15,False
interesting,15,True
eat,15,True
downing,15,True
cares,15,True
president,15,True
bomb,15,True
allowed,15,True
jammu,15,False
sponsored,15,True
avoid,15,True
patriotic,15,True
honesty,15,True
danger,15,True
deeply,14,True
reputation,14,True
officially,14,True
reach,14,True
turkey,14,True
logical,14,True
innocents,14,False
favor,14,True
kills,14,True
generals,14,True
likes,14,True
wonder,14,True
integrity,14,True
spot,14,True
ministers,14,True
rohingya,14,False
ignoring,14,True
whos,14,False
mohak,14,False
caste,14,False
reflect,14,True
campaign,14,True
narendra,14,False
pmln,14,False
biharis,14,False
position,14,True
sensitive,14,True
effort,14,True
dark,14,True
anywhere,14,True
riots,14,False
myself,14,True
relations,14,True
easily,14,True
pride,14,True
closed,14,True
exports,14,True
pr,14,True
cultural,14,True
battle,14,True
verified,14,True
none,14,True
viewer,14,True
purpose,14,True
cuz,14,True
indigenous,14,True
benefits,14,True
munir,14,False
believes,14,True
disappointing,14,True
forest,14,True
break,14,True
mig,14,False
gives,14,True
black,14,True
tripura,14,False
proudly,14,True
poverty,14,True
celebrating,14,True
hasnt,14,False
works,14,True
rivers,14,True
depth,14,True
straight,14,True
abdul,14,True
crisis,14,True
students,14,True
hind,14,False
manish,14,False
chance,14,True
alleged,14,True
intelligent,14,True
answers,14,True
moodi,14,False
harm,14,True
regardless,14,True
radar,14,True
realise,14,True
neither,14,True
realize,14,True
super,14,True
amazing,14,True
piece,14,True
specific,14,True
published,14,True
gravity,14,True
liars,14,False
properly,14,True
influence,14,True
equal,14,True
anyway,14,True
dictatorship,14,False
।।,14,False
movement,13,True
nagaland,13,False
baba,13,False
path,13,True
ran,13,True
saved,13,True
banning,13,True
b,13,True
moral,13,True
language,13,True
thankyou,13,False
york,13,True
dhruvs,13,False
market,13,True
proven,13,True
conveniently,13,True
sold,13,True
panwar,13,False
arun,13,False
vikram,13,False
lead,13,True
heaven,13,True
throughout,13,True
card,13,True
master,13,True
blindly,13,False
satellite,13,True
advantage,13,True
conclusion,13,True
accounts,13,True
placed,13,True
storage,13,True
goswami,13,False
kulbhushan,13,False
haha,13,True
damages,13,True
bought,13,True
complex,13,True
blochistan,13,False
white,13,True
divide,13,True
stuff,13,True
hence,13,True
posts,13,True
quote,13,True
faces,13,True
rely,13,True
unemployed,13,True
belongs,13,True
standards,13,True
comedy,13,True
pahalgham,13,False
luck,13,True
illiterate,13,False
europe,13,True
knowing,13,True
kumar,13,True
exact,13,True
climate,13,True
hidden,13,True
cost,13,True
armys,13,False
multipurpose,13,False
reaching,13,True
improve,13,True
upon,13,True
internationally,13,True
mob,13,True
ipl,13,False
bs,13,True
influencer,13,False
worse,13,True
gonna,13,True
houses,13,True
looks,13,True
revenue,13,True
original,13,True
leading,13,True
chose,13,True
acting,13,True
fell,13,True
precision,13,True
hindi,13,True
evidences,13,False
excellent,13,True
throwing,13,True
isolated,13,True
uses,13,True
homes,13,True
absolute,13,True
professional,13,True
beautiful,13,True
lower,12,True
garg,12,False
positive,12,True
date,12,True
pandits,12,False
worlds,12,True
singapore,12,True
entirely,12,True
hafiz,12,False
lover,12,True
pay,12,True
attendance,12,True
admitting,12,False
haram,12,False
wheres,12,False
extreme,12,True
dream,12,True
feeling,12,True
largest,12,True
county,12,True
uploaded,12,True
mainstream,12,True
month,12,True
punjabi,12,False
listening,12,True
threats,12,True
aand,12,False
persons,12,True
special,12,True
obviously,12,True
saving,12,True
subramanian,12,False
necessary,12,True
ram,12,True
prayer,12,True
mother,12,True
undo,12,True
officer,12,True
lieutenant,12,True
conference,12,True
ispr,12,False
seem,12,True
followed,12,True
plastic,12,True
concern,12,True
notice,12,True
porkistan,12,False
aggression,12,True
loyal,12,True
researcher,12,True
upcoming,12,True
decide,12,True
indeed,12,True
btw,12,True
refuse,12,True
lier,12,False
plan,12,True
supposed,12,True
capture,12,True
app,12,True
verify,12,True
removed,12,True
neutrality,12,False
fooling,12,False
joint,12,True
discussing,12,True
sargodha,12,False
hates,12,True
yesterday,12,True
uk,12,True
personally,12,True
bringing,12,True
decided,12,True
cheap,12,True
editing,12,True
tells,12,True
min,12,True
hands,12,True
lagged,12,False
winner,12,True
secondly,12,True
newspaper,12,True
lalit,12,False
billion,12,True
add,12,True
separate,12,True
theyre,12,False
enter,12,True
suggest,12,True
accusations,12,False
higher,12,True
vital,12,True
paper,12,True
tourists,12,True
nord,12,True
export,12,True
absurd,12,True
committed,12,True
vlogs,12,False
putting,12,True
rathees,12,False
excuse,12,True
extortion,12,False
space,12,True
sit,12,True
cricket,12,True
fund,12,True
plans,12,True
growing,12,True
sensible,12,True
digest,12,True
company,11,True
cup,11,True
rich,11,True
clip,11,True
currently,11,True
movies,11,True
interested,11,True
amount,11,True
bros,11,True
british,11,True
freely,11,True
theory,11,True
denial,11,True
follower,11,False
yur,11,False
agin,11,False
impact,11,True
clashes,11,False
rip,11,True
rafeal,11,False
arrest,11,True
drugs,11,True
concerns,11,True
forever,11,True
joined,11,True
relationship,11,True
podcast,11,True
nordvpn,11,False
correctly,11,True
jadhav,11,False
spy,11,True
forced,11,True
included,11,True
reasons,11,True
highlighted,11,True
vid,11,True
illogical,11,False
pajeet,11,False
interests,11,True
boss,11,True
su,11,True
differences,11,True
pahlgam,11,False
realized,11,True
concrete,11,True
increase,11,True
shameless,11,False
intentions,11,True
highlighting,11,True
bjps,11,False
denying,11,True
significant,11,True
sisters,11,True
cross,11,True
injustice,11,True
there’s,11,False
focused,11,True
taht,11,False
begging,11,False
rubbish,11,True
rafal,11,False
yt,11,False
delusion,11,False
minute,11,True
risks,11,True
sister,11,True
benefit,11,True
compare,11,True
address,11,True
ignorant,11,True
tolerate,11,True
militants,11,False
faith,11,True
named,11,True
protecting,11,True
typical,11,True
threatens,11,True
discussed,11,True
surely,11,True
bodies,11,True
secret,11,True
regional,11,True
challenges,11,True
ongoing,11,True
unfollow,11,False
misri,11,False
hundred,11,True
abroad,11,True
retaliation,11,False
linked,11,True
tamil,11,True
guess,11,True
lady,11,True
daily,11,True
faso,11,True
forcefully,11,False
selling,11,True
hopefully,11,True
flop,11,True
lve,11,False
record,11,True
manipur,11,False
helped,11,True
forum,11,True
greater,11,True
।,11,False
exist,11,True
strength,11,True
sayed,11,False
sheikh,11,True
scientific,11,True
struggle,11,True
april,11,True
sick,11,True
registered,11,True
t,11,True
brutal,11,True
situations,10,True
casehats,10,False
votes,10,True
newspapers,10,True
bold,10,True
stronger,10,True
skipped,10,True
unite,10,True
cooked,10,True
fearless,10,False
ul,10,True
effects,10,True
longer,10,True
allowing,10,True
moey,10,False
viralpakistani,10,False
checked,10,True
sign,10,True
sound,10,True
meet,10,True
cow,10,True
burkina,10,True
opposition,10,True
division,10,True
realised,10,True
broke,10,True
qureshi,10,False
unknown,10,True
detail,10,True
wise,10,True
loving,10,True
tehy,10,False
presence,10,True
teacher,10,True
camps,10,True
surrounding,10,True
countrythe,10,False
meaning,10,True
politician,10,True
maturity,10,True
birth,10,True
accurate,10,True
clarify,10,True
oppose,10,True
usual,10,True
thier,10,False
todays,10,True
distance,10,True
considering,10,True
wer,10,False
torturewhile,10,False
doses,10,True
dialy,10,False
mistakeimran,10,False
protestand,10,False
ccouldnt,10,False
disrupting,10,False
biodiversity,10,True
guarantee,10,True
pointing,10,True
mirage,10,True
external,10,True
familythey,10,False
tehm,10,False
oe,10,True
personality,10,True
confirmation,10,True
obvious,10,True
review,10,True
admire,10,True
probably,10,True
manipulating,10,False
mainly,10,True
tiwari,10,False
inspired,10,True
confidence,10,True
childs,10,True
tuber,10,False
mints,10,False
canada,10,True
controlling,10,True
presentation,10,True
appreciated,10,True
conflicts,10,True
types,10,True
opposite,10,True
anyways,10,True
worried,10,True
join,10,True
continuously,10,True
friendship,10,True
available,10,True
member,10,True
baised,10,False
series,10,True
indiapakistan,10,False
sacrifice,10,True
shutdown,10,True
seemed,10,True
policies,10,True
taliban,10,True
brutally,10,False
program,10,True
suddenly,10,True
won’t,10,False
“,10,False
beating,10,True
hacked,10,True
vdo,10,False
shocked,10,True
weapon,10,True
incorrect,10,True
copy,10,True
active,10,True
uneducated,10,False
ghias,10,False
cotrol,10,False
mental,10,True
match,10,True
tahts,10,False
lifewith,10,False
pakiatni,10,False
cousin,10,True
son,10,True
website,10,True
educate,10,True
moreover,10,True
tone,10,True
status,10,True
locations,10,True
latest,10,True
carefully,10,True
liberation,10,True
irreversible,10,False
apart,10,True
individual,10,True
limited,10,True
trolled,10,False
sort,10,True
videosss,10,False
reject,10,True
truths,10,True
cool,10,True
believed,10,True
perhaps,10,True
admits,10,True
finding,10,True
taught,10,True
argument,10,True
unable,10,True
cruel,10,True
centre,10,True
buddy,10,True
pray,10,True
university,10,True
unlike,10,True
saar,10,False
da,10,True
scenario,10,True
female,10,True
relaly,10,False
origin,9,True
hearts,9,True
angry,9,True
criticised,9,False
humble,9,True
abt,9,True
gdp,9,True
tourist,9,True
noise,9,True
kept,9,True
consequences,9,True
starting,9,True
jaffer,9,False
bodhgya,9,False
rules,9,True
week,9,True
legal,9,True
bet,9,True
dams,9,True
haters,9,False
selfish,9,True
amit,9,False
pahelgam,9,False
wider,9,True
environmental,9,True
urgently,9,False
researched,9,True
ours,9,True
throw,9,True
heroes,9,True
questioning,9,True
hahaha,9,False
haryana,9,False
heres,9,False
goodi,9,False
terms,9,True
neighbours,9,True
write,9,True
dubai,9,True
eagerly,9,False
direct,9,True
aggressive,9,True
noticed,9,True
conducted,9,True
thousand,9,True
pok,9,False
saeed,9,False
slowly,9,True
waited,9,True
generation,9,True
bsf,9,False
escalation,9,False
sleeping,9,True
involving,9,True
questioned,9,True
above,9,True
botton,9,False
mandit,9,False
gta,9,True
brought,9,True
azad,9,False
gen,9,True
court,9,True
mangal,9,False
harmony,9,True
changing,9,True
discrimination,9,True
officers,9,True
takes,9,True
what’s,9,False
pin,9,True
disputed,9,True
therefore,9,True
desperate,9,True
wouldnt,9,False
calm,9,True
civillians,9,False
sacrificed,9,False
awesome,9,True
conduct,9,True
emotional,9,True
dropped,9,True
stated,9,True
dictator,9,False
traitors,9,False
assume,9,True
wat,9,True
eon,9,False
jay,9,True
changes,9,True
wash,9,True
stopping,9,True
marshal,9,True
odisha,9,False
sy,9,True
figure,9,True
laws,9,True
orchestrated,9,False
unfair,9,True
hole,9,True
bombing,9,True
regime,9,True
debunked,9,False
۔,9,False
suggestion,9,True
toe,9,True
nepali,9,False
pakis,9,False
certain,9,True
zindabad,9,False
wake,9,True
grey,9,True
beneficiary,9,True
commenting,9,True
beat,9,True
initial,9,True
ratheee,9,False
repeatedly,9,True
virus,9,True
clever,9,True
nur,9,True
fooled,9,False
woman,9,True
station,9,True
prof,9,True
explains,9,True
blast,9,True
critically,9,True
capable,9,True
shes,9,False
listened,9,True
deserves,9,True
happiness,9,True
dhurve,9,False
indo,9,True
submerging,9,False
survive,9,True
christian,9,True
involve,9,True
authorities,9,True
rd,9,True
lied,9,True
uri,9,True
shouldnt,9,False
winning,9,True
celebrate,9,True
misuse,9,True
clean,9,True
virat,9,False
spitting,9,False
jingoism,9,False
harmed,9,False
focusing,9,True
represent,9,True
andhbhakts,9,False
requested,9,True
pretty,9,True
below,9,True
raffale,9,False
populations,9,True
downstream,9,True
material,9,True
energy,9,True
heavily,9,True
duty,9,True
demand,9,True
incomplete,9,True
imf,9,True
democratic,9,True
tragedy,9,True
emirates,9,True
typing,9,True
rafel,9,False
resolve,9,True
agian,9,False
ways,9,True
writer,9,True
popularity,9,True
planet,9,True
order,9,True
recommend,8,True
figures,8,True
decision,8,True
peshawar,8,False
evident,8,True
tries,8,True
increasing,8,True
lesson,8,True
militant,8,False
godhi,8,False
rohan,8,False
iran,8,True
exodus,8,True
supply,8,True
sandoor,8,False
hospitalised,8,False
affairs,8,True
entered,8,True
nailed,8,False
established,8,True
reflects,8,True
generations,8,True
ignoredi,8,False
hur,8,False
knwo,8,False
sht,8,False
crore,8,False
anger,8,True
strategic,8,True
displacing,8,False
realistic,8,True
hydropower,8,False
referring,8,True
raja,8,False
print,8,True
cowardly,8,False
beluchistan,8,False
accuse,8,False
teach,8,True
event,8,True
sea,8,True
turns,8,True
worldwide,8,True
biasness,8,False
organisations,8,True
myanmar,8,True
engineer,8,True
cheif,8,False
threatening,8,True
supporters,8,True
pathankot,8,False
environment,8,True
strategy,8,True
zinda,8,False
sounds,8,True
glad,8,True
paksitan,8,False
soul,8,True
girls,8,True
islamist,8,False
vedios,8,False
tho,8,True
option,8,True
resident,8,True
prophet,8,True
spent,8,True
gobar,8,False
universe,8,True
urge,8,True
powers,8,True
wishes,8,True
pacific,8,True
justification,8,True
chill,8,True
hated,8,True
forums,8,True
games,8,True
disgusting,8,False
reveal,8,True
crossborder,8,False
fairness,8,True
relevant,8,True
constant,8,True
gained,8,True
valuable,8,True
gem,8,True
aerial,8,True
sentiment,8,True
influencers,8,False
modern,8,True
irresponsible,8,False
addressing,8,True
behave,8,True
appease,8,False
filled,8,True
pictures,8,True
relation,8,True
events,8,True
somehow,8,True
connection,8,True
tragic,8,True
appear,8,True
shooting,8,True
slap,8,True
dhuru,8,False
knowledgeable,8,True
regularly,8,True
infact,8,False
ruined,8,True
controlled,8,True
revealed,8,True
everybody,8,True
serve,8,True
equally,8,True
usually,8,True
center,8,True
mark,8,True
promotion,8,True
episode,8,True
inspiring,8,True
humiliated,8,False
wasn’t,8,False
understandable,8,True
liberal,8,True
culprits,8,False
pointed,8,True
successful,8,True
retaliate,8,False
installations,8,True
broader,8,True
locals,8,True
fly,8,True
separatist,8,False
release,8,True
disappear,8,True
accountability,8,True
bank,8,True
proxies,8,False
secularism,8,False
launch,8,True
interest,8,True
indopak,8,False
stick,8,True
previously,8,True
loosing,8,False
stock,8,True
x,8,True
sarkar,8,False
pass,8,True
cooperation,8,True
he’s,8,False
final,8,True
reporter,8,True
eye,8,True
bahawalpur,8,False
dhurav,8,False
chanel,8,True
abhinandan,8,False
sport,8,True
cruelty,8,True
health,8,True
fast,8,True
repeating,8,True
mass,8,True
ni,8,True
northeast,8,True
bigger,8,True
paxtan,8,False
kalboshan,8,False
celebration,8,True
doubts,8,True
advice,8,True
thorough,8,True
crucial,8,True
medias,8,False
believing,8,True
connect,8,True
overall,8,True
revenge,8,True
nearly,8,True
plzz,8,False
earn,8,True
ñext,8,False
risk,8,True
haven’t,8,False
idiots,8,True
bear,8,True
coverage,8,True
online,8,True
serrahx,8,False
strip,8,True
regions,7,True
palit,7,False
sath,7,False
bye,7,True
understood,7,True
azerbaijan,7,True
band,7,True
collect,7,True
hundreds,7,True
announce,7,True
fantasy,7,True
declined,7,True
quiet,7,True
ibrahim,7,False
tibet,7,True
divert,7,False
roads,7,True
afford,7,True
irrelevant,7,True
soft,7,True
roast,7,True
abdur,7,False
stupidity,7,False
somebody,7,True
staying,7,True
factbased,7,False
helping,7,True
kerala,7,True
holding,7,True
atheist,7,True
friendly,7,True
hateful,7,False
comparing,7,True
impressed,7,True
phir,7,False
zone,7,True
persecution,7,True
guilty,7,True
mutual,7,True
century,7,True
offended,7,True
web,7,True
shares,7,True
converted,7,True
sharmistha,7,False
starts,7,True
dividing,7,True
fuel,7,True
workers,7,True
neighbour,7,True
runway,7,True
develop,7,True
idrees,7,False
catch,7,True
failures,7,True
numerous,7,True
gov,7,True
ex,7,True
ends,7,True
womens,7,True
ie,7,True
compete,7,True
pasrur,7,False
bombed,7,False
establish,7,True
intercepted,7,False
shahbaz,7,False
confused,7,True
rajput,7,False
keeping,7,True
dignity,7,True
c,7,True
j,7,True
shocking,7,True
mislead,7,False
ads,7,True
ravish,7,False
appeal,7,True
hindutwa,7,False
shitty,7,False
surprised,7,True
particularly,7,True
essential,7,True
bodhgaya,7,False
trustworthy,7,False
shud,7,False
continues,7,True
informed,7,True
portraying,7,False
faster,7,True
random,7,True
constantly,7,True
growth,7,True
assumptions,7,True
acknowledging,7,False
secure,7,True
hardly,7,True
conspiracy,7,True
conquered,7,False
bitter,7,True
requesting,7,True
sheikhs,7,False
regular,7,True
brainwashing,7,False
comparison,7,True
goods,7,True
hurts,7,True
adampur,7,False
mad,7,True
stream,7,True
hitting,7,True
fucked,7,True
behaviour,7,True
lal,7,False
empty,7,True
shout,7,True
particular,7,True
merely,7,True
exaggerating,7,False
animals,7,True
eid,7,False
investigations,7,True
organisation,7,True
fix,7,True
daughter,7,True
subject,7,True
sponsor,7,True
goal,7,True
wc,7,True
network,7,True
sharma,7,False
mint,7,True
dhrub,7,False
bai,7,False
goat,7,True
mirror,7,True
careless,7,False
ties,7,True
protests,7,True
trophy,7,True
jokers,7,False
wins,7,True
bunch,7,True
yadev,7,False
rate,7,True
elements,7,True
breaking,7,True
blessed,7,True
barking,7,True
mins,7,True
navy,7,True
keeps,7,True
covid,7,False
bread,7,True
neutralized,7,False
defame,7,False
agents,7,True
pe,7,True
finger,7,True
react,7,True
feed,7,True
measures,7,True
w,7,True
worship,7,True
dhrue,7,False
regards,7,True
vijay,7,False
violent,7,True
likely,7,True
district,7,True
building,7,True
spend,7,True
commitment,7,True
goverment,7,False
convinced,7,True
private,7,True
sofia,7,True
fights,7,True
tewari,7,False
reached,7,True
obsessed,7,True
ra,7,True
elected,7,True
constructive,7,True
irrespective,7,False
feelings,7,True
everytime,7,True
warfare,7,True
developed,7,True
push,7,True
bravery,7,False
launching,7,True
shall,7,True
links,7,True
calls,7,True
syedmuzammilofficial,7,False
behalf,7,True
ego,7,True
hasina,7,False
toxic,7,True
motherland,7,False
reduce,7,True
tactical,7,True
useful,7,True
grown,7,True
unspecified,7,True
lines,7,True
process,7,True
re,7,True
crazy,7,True
falling,7,True
ryk,7,False
insane,7,True
kulbhoshan,7,False
v,7,True
shift,7,True
harsh,7,True
achieve,7,True
reportedly,7,True
convince,7,True
jk,7,True
inspiration,7,True
combined,7,True
culprit,7,False
iok,7,False
shaping,7,True
access,7,True
imposed,7,True
unsc,7,False
d,7,True
province,7,True
confirming,7,True
stadium,7,True
donald,7,True
plese,7,False
mourning,7,True
popular,7,True
authenticity,7,True
witness,7,True
lanka,7,True
sri,7,True
budget,7,True
crash,7,True
raises,7,True
laying,7,True
decades,7,True
anchor,7,True
newslaundry,7,False
contents,7,True
training,7,True
transparent,7,True
red,7,True
individuals,7,True
affected,7,True
plz,7,True
fragile,7,True
devastating,7,True
aviation,7,True
anybody,7,True
logics,7,False
kashmirs,7,False
prosperity,7,True
actively,7,True
hy,7,True
investigating,7,True
killer,7,True
covered,7,True
trp,7,False
bull,7,True
beloved,7,True
corona,7,True
clarification,7,True
continuing,7,True
professor,7,True
youll,7,False
style,7,True
occupation,7,True
character,7,True
shred,7,False
busy,6,True
shop,6,True
hurting,6,True
errors,6,True
remained,6,True
raho,6,False
regret,6,True
solutions,6,True
judge,6,True
lair,6,False
visited,6,True
arms,6,True
aren’t,6,False
chat,6,True
sudden,6,True
european,6,True
sham,6,False
seek,6,True
highest,6,True
disrespect,6,False
learning,6,True
agniveer,6,False
yaar,6,False
encounters,6,True
pushing,6,True
acts,6,True
trolling,6,False
operated,6,True
escape,6,True
thy,6,True
heros,6,False
azam,6,False
honor,6,True
domestic,6,True
portion,6,True
damn,6,True
backing,6,True
beings,6,True
ministry,6,True
yapping,6,False
gilgit,6,False
confess,6,True
dassault,6,False
briefing,6,True
sub,6,True
soil,6,True
internet,6,True
atanki,6,False
dishonest,6,False
occurred,6,True
aljazeera,6,False
headlines,6,True
terriorist,6,False
hoping,6,True
immigration,6,True
discussion,6,True
street,6,True
superpower,6,False
results,6,True
cmon,6,False
rejected,6,True
criminal,6,True
sing,6,True
acceptable,6,True
ending,6,True
nepals,6,False
aspects,6,True
rape,6,True
troll,6,True
brigade,6,True
affecting,6,True
allies,6,True
expert,6,True
cancelled,6,True
african,6,True
advanced,6,True
nationality,6,True
wife,6,True
protection,6,True
baltistan,6,False
deliver,6,True
shock,6,True
camp,6,True
ak,6,True
toward,6,True
impossible,6,True
burnt,6,True
manipulated,6,True
prefer,6,True
they’re,6,False
hahah,6,False
meant,6,True
ecosystems,6,True
fought,6,True
washed,6,True
anytime,6,True
track,6,True
ourselves,6,True
biases,6,False
andhbakht,6,False
speculation,6,True
wtf,6,True
khalistan,6,False
values,6,True
portray,6,False
languages,6,True
acknowledged,6,True
forcing,6,True
willing,6,True
struck,6,True
learned,6,True
hunting,6,True
treatment,6,True
washing,6,True
nitesh,6,False
circus,6,True
minded,6,True
intention,6,True
describe,6,True
agreement,6,True
ended,6,True
rare,6,True
denies,6,True
seven,6,True
storytelling,6,True
outstanding,6,True
kulbushan,6,False
janaza,6,False
disinformation,6,False
comeback,6,True
dharuv,6,False
craft,6,True
blunders,6,False
strange,6,True
warriach,6,False
tiny,6,True
outrage,6,False
dispute,6,True
unrest,6,False
relatives,6,True
edited,6,True
offering,6,True
crap,6,True
dying,6,True
yo,6,True
selected,6,True
removing,6,True
indain,6,False
cartoon,6,True
bar,6,True
humiliation,6,True
crimes,6,True
safely,6,True
spirituality,6,True
mirza,6,False
seconds,6,True
gaurav,6,False
burned,6,True
rafels,6,False
crafts,6,True
opening,6,True
ny,6,True
highway,6,True
lynching,6,False
factually,6,False
propagate,6,False
alert,6,True
aim,6,True
coin,6,True
whereas,6,True
chaos,6,True
drops,6,True
hesitate,6,True
violating,6,True
comedian,6,False
note,6,True
additionally,6,True
satisfy,6,True
uae,6,True
celebrated,6,True
observed,6,True
hasn’t,6,False
aspect,6,True
backlash,6,False
exists,6,True
shahzad,6,False
guard,6,True
influenced,6,True
opportunity,6,True
serves,6,True
birthday,6,True
feedback,6,True
raheem,6,False
governance,6,True
struggling,6,True
violation,6,True
masjids,6,False
attached,6,True
condolences,6,False
expressed,6,True
killers,6,True
unsubscribing,6,False
battlefield,6,True
bombs,6,True
nazi,6,True
compelled,6,True
cleverly,6,False
speeches,6,True
authors,6,True
immediately,6,True
importantly,6,True
deployed,6,True
trfs,6,False
assure,6,True
mundit,6,False
betterment,6,False
buying,6,True
kick,6,True
lecture,6,True
bottom,6,True
interference,6,True
pushed,6,True
pretend,6,True
engine,6,True
kohli,6,False
burning,6,True
collecting,6,True
bharti,6,False
skip,6,True
naming,6,True
resulted,6,True
innocence,6,True
martyrs,6,False
thunder,6,True
gaining,6,True
brainwash,6,False
ancestors,6,True
writers,6,True
selectively,6,False
ports,6,True
complain,6,True
stops,6,True
tap,6,True
blames,6,False
saport,6,False
provides,6,True
terrarist,6,False
ideological,6,True
healthy,6,True
intellect,6,True
searching,6,True
raftar,6,False
equipment,6,True
marsos,6,False
sindor,6,False
khatri,6,False
critising,6,False
mothers,6,True
rated,6,True
diversity,6,True
creates,6,True
waziristan,6,False
presents,6,True
copyright,6,True
blocking,6,True
footage,6,True
worked,6,True
infront,6,False
twisted,6,True
products,6,True
plzzz,6,False
arab,6,True
threatened,6,True
realities,6,True
demanded,6,True
heads,6,True
theories,6,True
serving,6,True
purely,6,True
photo,6,True
incompetent,6,False
balls,6,True
couldn’t,6,False
quaid,5,False
rock,5,True
royal,5,True
restore,5,True
balancing,5,True
washroom,5,False
gentleman,5,True
wah,5,False
medicine,5,True
corrona,5,False
cold,5,True
oppressed,5,False
filed,5,True
prior,5,True
upset,5,True
traitor,5,False
begged,5,False
tactics,5,True
owns,5,True
who’s,5,False
mohammad,5,False
greatest,5,True
test,5,True
geopolitical,5,False
foot,5,True
shouldn’t,5,False
rulling,5,False
politically,5,True
bkwas,5,False
drop,5,True
potential,5,True
served,5,True
solely,5,True
strongest,5,True
aside,5,True
fox,5,True
parachinar,5,False
taiba,5,False
smartly,5,False
qaiser,5,False
spit,5,True
trouble,5,True
gya,5,False
saturday,5,True
shangrila,5,False
empire,5,True
curious,5,True
ga,5,True
fuk,5,False
praising,5,False
march,5,True
fl,5,True
apply,5,True
goddi,5,False
emotions,5,True
verification,5,True
film,5,True
early,5,True
nah,5,False
dham,5,False
causalities,5,False
adding,5,True
blah,5,True
chosen,5,True
kirana,5,False
hills,5,True
smooth,5,True
kilometers,5,True
spokesperson,5,True
sincerely,5,True
causing,5,True
lacking,5,True
sundoor,5,False
brilliant,5,True
inferior,5,True
raphael,5,True
mandir,5,False
jihadi,5,False
intense,5,True
sumki,5,False
subscribed,5,True
roasted,5,True
code,5,True
equality,5,True
warrich,5,False
inshallah,5,False
lmao,5,False
organized,5,True
happend,5,False
inform,5,True
beside,5,True
ruin,5,True
relating,5,True
huh,5,True
sponsoring,5,True
accusation,5,False
belive,5,False
ik,5,True
warning,5,True
construction,5,True
blacklist,5,False
actors,5,True
suit,5,True
loading,5,True
everyday,5,True
factory,5,True
defaming,5,False
cooperate,5,True
pick,5,True
commits,5,True
quick,5,True
beaten,5,True
clarifies,5,False
tough,5,True
crystal,5,True
lessons,5,True
racism,5,True
cards,5,True
endless,5,True
select,5,True
sin,5,True
famous,5,True
bridge,5,True
traore,5,False
vids,5,True
creation,5,True
meme,5,False
sec,5,True
key,5,True
gather,5,True
manohar,5,False
country’s,5,False
received,5,True
urine,5,True
stability,5,True
uploading,5,True
union,5,True
moving,5,True
manage,5,True
careful,5,True
apologize,5,True
embarrassing,5,True
nyc,5,True
endian,5,False
irtaza,5,False
stocks,5,True
financially,5,True
divided,5,True
insights,5,True
beta,5,True
positivity,5,False
juice,5,True
citing,5,True
exposure,5,True
licking,5,True
prayers,5,True
taxes,5,True
spying,5,True
suspects,5,True
experience,5,True
cia,5,True
career,5,True
disappointment,5,True
runs,5,True
courses,5,True
heartbreaking,5,False
jaipur,5,False
warriors,5,True
relax,5,True
witnessed,5,True
bann,5,False
world’s,5,False
apna,5,False
courageous,5,False
spare,5,True
blatant,5,False
tech,5,True
impressive,5,True
mumbai,5,True
stats,5,True
shehzad,5,False
collaboration,5,True
shallow,5,True
spreads,5,True
term,5,True
objectivity,5,False
ahead,5,True
audiences,5,True
baniyan,5,False
butt,5,True
round,5,True
dreams,5,True
declares,5,True
amd,5,True
thr,5,True
perpetrators,5,False
diverting,5,False
deshbakht,5,False
referencing,5,False
learnt,5,True
ofcourse,5,False
sincere,5,True
extent,5,True
turning,5,True
alongside,5,True
radicals,5,False
miserably,5,False
constitution,5,True
mafia,5,True
violate,5,True
avoided,5,True
rathis,5,False
triple,5,True
gulf,5,True
internally,5,True
mp,5,True
refrence,5,False
negativity,5,False
period,5,True
tube,5,True
creater,5,False
bolo,5,False
kro,5,False
publicly,5,True
terorism,5,False
updates,5,True
jesus,5,True
justified,5,True
illusion,5,True
pharmer,5,False
institutions,5,True
pajeets,5,False
finish,5,True
chawal,5,False
loser,5,True
shield,5,True
bhagat,5,False
hotel,5,True
players,5,True
grab,5,True
karma,5,True
thinker,5,False
bat,5,True
airspace,5,False
flights,5,True
waters,5,True
circumstances,5,True
engage,5,True
fishy,5,False
mate,5,True
aint,5,False
weight,5,True
christians,5,True
ally,5,True
republic,5,True
rulers,5,True
greedy,5,True
maximum,5,True
peacefully,5,False
cr,5,True
nil,5,True
thoughtful,5,True
reader,5,True
posting,5,True
puppets,5,True
june,5,True
platforms,5,True
wala,5,False
globally,5,True
recognized,5,True
childish,5,False
”,5,False
scene,5,True
refrences,5,False
audacity,5,False
hindumuslim,5,False
addressed,5,True
commendable,5,False
engagement,5,True
tortured,5,True
recommended,5,True
kay,5,True
examples,5,True
id,5,True
hussain,5,False
asshole,5,True
exaggerated,5,False
radiation,5,True
retaliated,5,False
hat,5,True
sarr,5,False
jyoti,5,False
operational,5,True
grave,5,True
tiktok,5,False
analyze,5,True
relying,5,True
theirs,5,True
cyber,5,True
tongue,5,True
trapped,5,True
built,5,True
responding,5,True
paksitani,5,False
ten,5,True
capital,5,True
recorded,5,True
dhrve,5,False
corridor,5,True
druvh,5,False
shamelessly,5,False
scholar,5,True
pretending,5,False
offers,5,True
terrist,5,False
rogue,5,True
referred,5,True
psychology,5,True
bashing,5,False
spirit,5,True
stir,5,True
severe,5,True
generated,5,True
opposing,5,True
root,5,True
stake,5,True
werent,5,False
maintain,5,True
illegally,5,True
kalma,5,False
senseless,5,False
dhruv’s,5,False
hn,5,True
elaborate,5,True
defensive,5,True
faults,5,True
helpless,5,True
winn,5,False
oppression,5,True
pakhandi,5,False
iit,5,False
sindhi,5,False
league,5,True
import,5,True
jailed,5,False
valley,5,True
steps,5,True
occupying,5,False
sno,5,False
crossed,5,True
mockery,5,False
irony,5,True
concluded,5,True
pre,5,True
blunder,5,False
stoop,5,False
ans,5,True
wouldve,5,False
signed,5,True
coment,5,False
eject,5,False
thoroughly,5,True
lakhs,5,False
americans,5,True
manner,5,True
custody,5,True
pakisthan,5,False
terrible,5,True
parents,5,True
prevail,5,True
lovers,5,True
batteries,5,True
beas,5,False
armies,5,True
remind,5,True
websites,5,True
remaining,5,True
blasted,5,False
resolutions,5,True
critisize,5,False
permanently,5,True
smaller,5,True
direction,5,True
becoz,5,False
eachother,5,False
reluctant,5,True
rightly,5,True
incidence,5,True
sentence,5,True
dhruva,5,False
verifiable,5,False
bcoz,5,False
glorifying,5,False
genius,5,True
trash,5,True
naturally,5,True
losers,5,True
label,5,True
cast,5,True
ma,5,True
ar,5,True
masses,5,True
office,5,True
damaging,5,True
behavior,5,True
bageshwar,5,False
mountains,4,True
offense,4,True
explanations,4,True
declare,4,True
respectfully,4,True
sane,4,True
revealing,4,True
sukhoi,4,False
insurance,4,True
chuhan,4,False
eventually,4,True
identified,4,True
daughters,4,True
they’ve,4,False
task,4,True
praise,4,True
marks,4,True
celebrities,4,True
watches,4,True
idealogy,4,False
fundamental,4,True
principle,4,True
gradually,4,True
compulsion,4,False
rahimyar,4,False
kinda,4,True
credibilty,4,False
pics,4,True
gpt,4,False
profit,4,True
jumping,4,True
exploited,4,True
modi’s,4,False
thrives,4,False
clarifying,4,False
casualities,4,False
predict,4,True
pulling,4,True
lastly,4,True
citizenship,4,True
doubtful,4,False
eh,4,True
begins,4,True
compassion,4,True
prison,4,True
hue,4,False
assuming,4,True
cries,4,True
escalate,4,False
pronounce,4,False
explaination,4,False
dna,4,True
core,4,True
confident,4,True
countless,4,True
picking,4,True
judges,4,True
abbas,4,False
karo,4,False
childhood,4,True
ussr,4,True
persecuted,4,False
qaisar,4,False
jee,4,False
I,4,False
affect,4,True
andbakht,4,False
accepts,4,True
conversation,4,True
bunyanunmarsoos,4,False
cutting,4,True
hijack,4,False
zombies,4,False
agendas,4,True
precious,4,True
suppose,4,True
bw,4,True
economically,4,True
questionable,4,True
allegedly,4,True
realty,4,True
aknoor,4,False
hasptel,4,False
released,4,True
dgmo,4,False
precise,4,True
distorted,4,True
sindur,4,False
located,4,True
burn,4,True
dive,4,True
hitler,4,True
somewhere,4,True
department,4,True
dhruvv,4,False
praises,4,False
blatantly,4,False
brilliantly,4,False
managed,4,True
penetrate,4,False
summary,4,True
duruv,4,False
pur,4,False
onesidedly,4,False
intro,4,True
route,4,True
saints,4,True
admired,4,False
babas,4,False
unnecessary,4,True
condem,4,False
meitei,4,False
certainly,4,True
pashtoon,4,False
separation,4,True
trustable,4,False
jingoistic,4,False
consistent,4,True
bihari,4,False
moved,4,True
highlights,4,True
maa,4,False
rarely,4,True
cruise,4,True
minor,4,True
uphold,4,False
birds,4,True
sending,4,True
inflation,4,True
glory,4,True
triggered,4,True
“the,4,False
loans,4,True
size,4,True
kidnapped,4,False
propogenda,4,False
replied,4,True
hypocritical,4,False
hyderabad,4,True
diplomatically,4,False
town,4,True
collective,4,True
bangalore,4,True
cinema,4,True
average,4,True
gas,4,True
overwhelming,4,True
somethings,4,False
supersonic,4,False
surprising,4,True
bangladeshis,4,False
pieces,4,True
imports,4,True
boundaries,4,True
headline,4,True
shake,4,True
negatively,4,True
boots,4,True
personnels,4,False
achieved,4,True
sky,4,True
flying,4,True
regard,4,True
terrors,4,False
critisized,4,False
elites,4,False
malhotra,4,False
blam,4,False
shootdown,4,False
continent,4,True
sacred,4,True
resentment,4,False
parliament,4,True
neglecting,4,False
reminder,4,True
falsely,4,False
masjid,4,False
shortage,4,True
urs,4,False
financing,4,True
breaks,4,True
globe,4,True
announced,4,True
linkage,4,True
weaknesses,4,True
explore,4,True
capacity,4,True
roots,4,True
fourday,4,False
srilanka,4,False
today’s,4,False
talented,4,True
aggressor,4,False
barak,4,False
meaningful,4,True
wb,4,True
homeland,4,True
star,4,True
brutality,4,False
eg,4,True
lac,4,True
paste,4,True
suspended,4,True
joining,4,True
profile,4,True
inocent,4,False
includes,4,True
godii,4,False
downfall,4,False
nowadays,4,True
depot,4,True
mf,4,True
lashkaretaiba,4,False
sar,4,True
financial,4,True
chohan,4,False
elon,4,False
auto,4,True
benifits,4,False
bloggers,4,True
steal,4,True
sb,4,True
shed,4,True
scheme,4,True
crushed,4,True
muridke,4,False
indepth,4,False
kalbushan,4,False
appears,4,True
ahmad,4,True
chair,4,True
wonderful,4,True
unlikely,4,True
rationality,4,False
lazy,4,True
brains,4,True
civic,4,True
whatsapp,4,False
swami,4,False
politicans,4,False
millatry,4,False
anthing,4,False
award,4,True
drue,4,False
sector,4,True
worms,4,True
looting,4,False
horror,4,True
operate,4,True
insult,4,True
gate,4,True
yellow,4,True
payment,4,True
wellresearched,4,False
distract,4,False
fit,4,True
wale,4,False
rid,4,True
khuzdar,4,False
nights,4,True
mid,4,True
fack,4,False
pravin,4,False
accused,4,True
blinded,4,False
mea,4,False
ancient,4,True
floods,4,True
alternative,4,True
invite,4,True
wanting,4,True
tht,4,False
nagpur,4,False
hahahaha,4,False
saudi,4,True
bhutan,4,True
deeds,4,True
hired,4,True
fals,4,False
breakdown,4,True
grade,4,True
unanswered,4,True
foolishness,4,False
permanent,4,True
holy,4,True
kinds,4,True
touch,4,True
description,4,True
paying,4,True
sharmishtha,4,False
beliefs,4,True
distraction,4,False
brainless,4,False
unbaised,4,False
edge,4,True
sole,4,True
geopolitics,4,False
retaliatory,4,False
forgetting,4,False
mis,4,True
bc,4,True
korea,4,True
sooner,4,True
loopholes,4,False
unit,4,True
propagandas,4,False
earned,4,True
lowest,4,True
closing,4,True
afterall,4,False
grateful,4,True
jafer,4,False
attacker,4,True
udampur,4,False
spending,4,True
superb,4,True
sons,4,True
described,4,True
villain,4,False
instructions,4,True
ahmed,4,True
shivani,4,False
suspect,4,True
wild,4,True
campaigns,4,True
suhagrat,4,False
compromised,4,True
decisively,4,False
labeled,4,True
‘godi,4,False
media’,4,False
recognize,4,True
punished,4,True
classes,4,True
ancer,4,False
raped,4,True
oppressing,4,False
champion,4,True
phelgam,4,False
cleared,4,True
becouse,4,False
beleive,4,False
spine,4,True
firing,4,True
textbooks,4,True
impactful,4,False
engaged,4,True
experiences,4,True
discussions,4,True
interfere,4,True
hindo,4,False
commission,4,True
unjustified,4,False
escaped,4,True
thanku,4,False
cancer,4,True
cell,4,True
critique,4,True
separatists,4,False
speaker,4,True
abused,4,True
lovely,4,True
col,4,True
fails,4,True
endia,4,False
bullying,4,True
introduction,4,True
jahil,4,False
bots,4,True
thus,4,True
mongering,4,False
latter,4,True
click,4,True
educating,4,True
surrender,4,True
worries,4,True
writing,4,True
preplanned,4,False
rank,4,True
hunger,4,True
unfollowing,4,False
maulana,4,False
pakhtunkhwa,4,False
misuses,4,False
bahi,4,False
dhakad,4,False
sx,4,True
directed,4,True
stereotypes,4,False
viewpoint,4,True
bin,4,True
ears,4,True
stress,4,True
appreciation,4,True
mine,4,True
subsequent,4,True
washington,4,True
nill,4,False
tit,4,True
tat,4,False
leak,4,True
immigrants,4,True
pakistanies,4,False
yadiv,4,False
sports,4,True
lol,4,True
welldone,4,False
lallantop,4,False
arm,4,True
conquer,4,True
range,4,True
independently,4,True
lapse,4,False
led,4,True
jihad,4,True
napak,4,False
banglore,4,False
distorting,4,False
sensationalism,4,False
hindoo,4,False
copying,4,True
muzammils,4,False
pattern,4,True
skies,4,True
kudos,4,False
picked,4,True
swear,4,True
hating,4,False
isreal,4,False
affects,4,True
businesses,4,True
pehalgham,4,False
reasonable,4,True
ia,4,True
ds,4,True
tactic,4,True
rhetoric,4,True
economics,4,True
invade,4,False
tariq,4,False
masood,4,False
insightful,4,True
hearing,4,True
nonmuslim,4,False
worshipping,4,False
quickly,4,True
eating,4,True
dung,4,False
telegraph,4,True
rewrite,4,True
error,4,True
eliminate,4,True
fraud,4,True
produce,4,True
beggars,4,False
intentionally,4,True
drinking,4,True
tricks,4,True
brotherhood,4,True
martyr,4,False
connected,4,True
decline,4,True
jokes,4,True
stale,4,False
awam,4,False
chapter,4,True
slogans,4,False
rising,4,True
principles,4,True
driven,4,True
falls,4,True
outfit,4,True
utter,4,True
tour,4,True
vice,4,True
middle,4,True
gudi,4,False
costs,4,True
viewed,4,True
druvv,4,False
comprehensive,4,True
bahini,4,False
mocking,4,False
awakening,4,True
passenger,4,True
chanal,4,False
cells,4,True
zam,4,False
validation,4,True
council,4,True
art,4,True
bright,4,True
dummy,4,True
curse,4,True
follows,4,True
noor,4,False
rafile,4,False
copied,4,True
unverified,4,False
superficial,4,True
chor,4,False
teachers,4,True
hajam,4,False
easier,4,True
carrying,4,True
replying,4,False
farmers,4,True
weakness,4,True
lieing,4,False
sanctions,4,True
repeat,4,True
neutralised,4,False
effective,4,True
warplanes,4,False
audio,4,True
attending,4,True
salt,4,True
cowards,4,False
imagination,4,True
worthy,4,True
daring,4,True
chhattisgarh,4,False
pinch,4,True
protected,4,True
bhuj,4,False
gurus,4,False
logically,4,False
sastri,4,False
firstly,4,True
bow,4,True
stunt,4,True
hearted,4,True
civillions,4,False
paxtani,4,False
suits,4,True
colonel,4,True
restrictions,4,True
beef,4,True
usman,4,False
neighbor,4,True
hasi,4,False
immediate,4,True
indira,4,False
kargil,4,False
differentiate,4,True
noted,4,True
chiefs,4,True
opened,4,True
kingdom,4,True
alleging,4,False
tag,4,True
august,4,True
sialkot,4,False
eater,4,True
hijacked,4,False
moves,4,True
victor,4,True
quantum,4,True
imam,4,False
outsource,4,False
widely,4,True
visa,4,True
outcomes,4,True
ambitions,4,False
prepared,4,True
tigers,4,True
wear,3,True
initiated,3,True
teller,3,True
brainwasher,3,False
discredit,3,False
feet,3,True
proposal,3,True
separated,3,True
mehtas,3,False
mary,3,True
bhawalpur,3,False
andheri,3,False
sleep,3,True
failing,3,True
car,3,True
primary,3,True
fathers,3,True
abusing,3,False
motivated,3,True
purchased,3,True
sence,3,False
lucky,3,True
broo,3,False
rumours,3,False
exposes,3,False
favoring,3,False
applaud,3,False
desperately,3,True
phone,3,True
finished,3,True
finds,3,True
argue,3,True
mood,3,True
observer,3,True
handle,3,True
jafar,3,False
ambiguous,3,True
dhorave,3,False
lauched,3,False
ranked,3,True
qouted,3,False
passed,3,True
missle,3,False
muzzammil,3,False
modhi,3,False
contract,3,True
violance,3,False
ofc,3,False
met,3,True
treason,3,False
drhuv,3,False
coincidence,3,True
generalist,3,False
household,3,True
perspectives,3,True
legitimate,3,True
goto,3,True
rooted,3,True
structured,3,True
definition,3,True
garbage,3,True
i’d,3,False
formula,3,True
un,3,True
apki,3,False
thru,3,True
spreader,3,False
hv,3,True
respectful,3,True
insulting,3,False
bombings,3,True
co,3,True
females,3,True
fascinating,3,True
plebiscite,3,False
jihadists,3,False
subjected,3,True
artist,3,True
paradise,3,True
lion,3,True
ourself,3,False
outright,3,True
judgment,3,True
kamal,3,False
finest,3,True
ncert,3,False
writes,3,True
unauthentic,3,False
swiftly,3,False
misguided,3,False
electronic,3,True
leaves,3,True
urgent,3,True
tariff,3,True
swarm,3,False
limiting,3,True
attariwagah,3,False
paused,3,False
may—then,3,False
sindoor—nine,3,False
weve,3,False
urself,3,False
mukhti,3,False
wisdom,3,True
incompetence,3,False
opponent,3,True
pani,3,False
livelihood,3,False
terrifying,3,False
minimum,3,True
equate,3,False
contest,3,True
importance,3,True
legendary,3,True
limit,3,True
unpacks,3,False
jhooth,3,False
conclusions,3,True
notch,3,True
evidently,3,True
ajeet,3,False
divisive,3,False
‼,3,False
oo,3,True
educator,3,True
sandeep,3,False
hindusyes,3,False
rightu,3,False
critices,3,False
villages,3,True
beg,3,True
debunking,3,False
weeks,3,True
sponsorship,3,True
heritage,3,True
attempting,3,True
apologies,3,True
extremes,3,True
receiving,3,True
contrast,3,True
debt,3,True
subscribes,3,False
panjab,3,False
fired,3,True
jan,3,True
fk,3,False
vidio,3,False
manzoor,3,False
declaring,3,True
gazau,3,False
sindoorthey,3,False
enters,3,True
mix,3,True
clearing,3,True
legit,3,False
spiritual,3,True
frm,3,False
checking,3,True
condemning,3,False
africa,3,True
posturing,3,False
entertain,3,True
designed,3,True
sympathising,3,False
screen,3,True
tolerance,3,True
wright,3,True
table,3,True
draw,3,True
fanbase,3,False
representing,3,True
bushes,3,False
investigative,3,True
chinesemade,3,False
exclusive,3,True
yunus,3,False
prevent,3,True
operator,3,True
subtly,3,False
godimedia,3,False
babe,3,True
emerged,3,True
indianadministered,3,False
stayed,3,True
totaly,3,False
limits,3,True
nia,3,False
blowing,3,True
abad,3,False
guise,3,False
consent,3,True
omitted,3,True
dhurva,3,False
suicide,3,True
surge,3,True
intellectuals,3,False
cows,3,True
seats,3,True
sporting,3,True
arranged,3,True
falsehood,3,False
compared,3,True
certified,3,True
seeker,3,True
doings,3,False
expensive,3,True
zafar,3,False
shashtri,3,False
wether,3,False
inflicted,3,False
usd,3,True
painful,3,True
columns,3,True
stil,3,False
forgets,3,False
murdered,3,True
drons,3,False
hater,3,False
attract,3,True
fill,3,True
whoever,3,True
listeners,3,True
rafil,3,False
domination,3,True
ships,3,True
authority,3,True
mozaffarabad,3,False
brand,3,True
aye,3,True
wrapped,3,True
textbook,3,True
dhruvu,3,False
looses,3,False
le,3,True
pune,3,False
invites,3,True
honorable,3,True
yourselves,3,True
encouraging,3,True
antipakistan,3,False
hides,3,True
shaeed,3,False
stuck,3,True
performing,3,True
projecting,3,False
we’re,3,False
narrow,3,True
disturb,3,False
boys,3,True
encourage,3,True
demolished,3,False
mercy,3,True
ceasfire,3,False
boarder,3,False
warld,3,False
bnao,3,False
fawad,3,False
cz,3,True
outsourced,3,False
younus,3,False
engaging,3,True
vyomika,3,False
companies,3,True
pseudo,3,True
attari,3,False
ohh,3,False
regain,3,True
unprofessional,3,False
coordinated,3,True
insan,3,False
additional,3,True
rajputs,3,False
mohaks,3,False
door,3,True
theif,3,False
nationalists,3,False
teams,3,True
mentally,3,True
continued,3,True
deception,3,True
ratings,3,True
qadeer,3,False
sawhney,3,False
adani,3,False
amid,3,True
brings,3,True
utuber,3,False
programme,3,True
muzaffarabad,3,False
tool,3,True
absence,3,True
ajit,3,False
planning,3,True
disputes,3,True
arabic,3,True
desert,3,True
bith,3,False
calmly,3,False
kuwait,3,True
pakistanii,3,False
ought,3,True
shri,3,False
promise,3,True
fabricated,3,True
federation,3,True
taimur,3,False
loop,3,True
audit,3,True
delusional,3,False
basics,3,True
ironic,3,True
instability,3,True
operating,3,True
appeared,3,True
satellites,3,True
exams,3,True
wreckage,3,False
crpf,3,False
imbalance,3,False
sacrifices,3,False
projects,3,True
confuse,3,False
handled,3,True
season,3,True
agriculture,3,True
crackdown,3,False
firstpost,3,False
rocks,3,True
kp,3,True
nonstop,3,False
radicalism,3,False
acted,3,True
canals,3,False
hub,3,True
streets,3,True
trolls,3,False
discourse,3,True
vulgarity,3,False
fav,3,True
terorists,3,False
kidding,3,True
dosent,3,False
aswell,3,False
lips,3,True
misplaced,3,False
goraya,3,False
bhakts,3,False
gao,3,True
mata,3,False
aapne,3,False
terorist,3,False
learns,3,True
vocal,3,True
fed,3,True
tension,3,True
undercover,3,True
grounded,3,True
jacobabad,3,False
troops,3,True
concept,3,True
dhruvrathi,3,False
documentary,3,True
graphics,3,True
wave,3,True
bcs,3,False
epic,3,True
martyrdom,3,False
peacefull,3,False
coverup,3,False
shoe,3,True
tm,3,True
practice,3,True
fingers,3,True
backs,3,True
debris,3,True
awful,3,True
commit,3,True
terrrist,3,False
cowardice,3,False
insight,3,True
q,3,True
anout,3,False
godi…,3,False
forgotten,3,True
fiction,3,True
jobs,3,True
morons,3,False
morally,3,False
strict,3,True
activity,3,True
mastermind,3,False
md,3,True
generalizations,3,False
yousaf,3,False
incite,3,False
maharastra,3,False
pragmatic,3,True
resolution,3,True
helps,3,True
accident,3,True
footages,3,False
civilization,3,True
paxtanis,3,False
ability,3,True
revisit,3,False
generally,3,True
zayed,3,False
disturbed,3,True
airplanes,3,True
prices,3,True
uav,3,False
placing,3,True
hypocrites,3,False
shotdown,3,False
net,3,True
musk,3,False
collateral,3,True
demages,3,False
geniune,3,False
praying,3,True
shutted,3,False
arrived,3,True
declining,3,True
injuries,3,True
sophia,3,True
linking,3,True
handedly,3,False
ultimately,3,True
agre,3,False
sticking,3,True
rachel,3,True
akashdeep,3,False
prominent,3,True
electricity,3,True
exception,3,True
added,3,True
you’ll,3,False
p,3,True
dealing,3,True
strategically,3,False
larger,3,True
historians,3,True
ages,3,True
palgham,3,False
bastard,3,True
stampede,3,False
progressive,3,True
toh,3,False
incredible,3,True
owner,3,True
users,3,True
zionist,3,False
looked,3,True
allegation,3,False
realy,3,False
infiltrated,3,False
bother,3,True
differently,3,True
funds,3,True
evey,3,False
matches,3,True
surplus,3,True
awaiting,3,True
sentiments,3,False
mature,3,True
potent,3,True
responses,3,True
poles,3,True
contradictory,3,False
uno,3,True
prepare,3,True
twist,3,True
colour,3,True
beautifully,3,True
preparing,3,True
afridi,3,False
spin,3,True
dushman,3,False
prone,3,True
revoked,3,True
file,3,True
manufacturing,3,True
hook,3,True
belt,3,True
controls,3,True
rapid,3,True
insaniyat,3,False
mister,3,True
gold,3,True
ekta,3,False
bhartiya,3,False
theyve,3,False
welcomed,3,True
mulla,3,False
capabilities,3,True
fourth,3,True
document,3,True
pull,3,True
journey,3,True
akhnor,3,False
speek,3,False
pardesh,3,False
chicken,3,True
prakash,3,False
omanakuttam,3,False
promoted,3,True
shouldve,3,False
doctrine,3,True
mehmood,3,False
prrson,3,False
militarys,3,False
midia,3,False
convert,3,True
yea,3,True
dnt,3,False
hamare,3,False
muslin,3,False
patriots,3,True
index,3,True
effectively,3,True
uh,3,True
gernal,3,False
agenst,3,False
distray,3,False
rong,3,False
shashi,3,False
parallel,3,True
arya,3,False
duration,3,True
neighbouring,3,True
neutrally,3,False
antaqwad,3,False
sqn,3,False
stage,3,True
treated,3,True
attended,3,True
kalbhoshan,3,False
ordered,3,True
administration,3,True
firmly,3,True
bengali,3,False
hoga,3,False
hmary,3,False
tharoor,3,False
attitude,3,True
utterly,3,True
shelter,3,True
hen,3,True
focuses,3,True
countered,3,False
radhe,3,False
jealous,3,True
dhongi,3,False
doubted,3,False
smashed,3,False
pjeet,3,False
integral,3,True
zee,3,False
rebel,3,True
maldives,3,True
temper,3,True
masterclass,3,False
rafeel,3,False
taste,3,True
masters,3,True
mukti,3,False
sight,3,True
aligns,3,False
moments,3,True
relate,3,True
smell,3,True
suspected,3,True
mishri,3,False
treating,3,True
shiwangi,3,False
pakindia,3,False
tru,3,False
martial,3,True
drdo,3,False
increased,3,True
reacted,3,False
goi,3,False
nicely,3,True
wikipedia,3,True
hein,3,False
literate,3,False
unreliable,3,False
couple,3,True
solving,3,True
dumbest,3,False
buffalo,3,True
camera,3,True
sanity,3,True
enjoying,3,True
philosopher,3,True
canal,3,True
daylight,3,True
entitled,3,True
trending,3,False
store,3,True
thin,3,True
jist,3,False
assured,3,True
lawyer,3,True
causalties,3,False
specifically,3,True
substance,3,True
contributed,3,True
disappoint,3,False
violations,3,True
accusing,3,False
dies,3,True
hoo,3,False
director,3,True
kalam,3,False
rati,3,False
hid,3,True
fallacies,3,False
files,3,True
cancel,3,True
trials,3,True
parade,3,True
mock,3,True
salary,3,True
husband,3,True
metro,3,True
deepest,3,True
gratitude,3,True
scroll,3,True
lindian,3,False
bombay,3,True
gupta,3,True
liking,3,True
undermine,3,True
terrorisam,3,False
hain,3,False
uttar,3,False
consistency,3,True
extra,3,True
harpic,3,False
alhamdulillah,3,False
upto,3,True
expression,3,True
guardian,3,True
nationalistic,3,False
dominate,3,True
differ,3,True
bajrang,3,False
altitude,3,True
hindoos,3,False
leads,3,True
firm,3,True
outer,3,True
facility,3,True
tight,3,True
dispite,3,False
product,3,True
vidoes,3,False
chaiman,3,False
gpsc,3,False
founded,3,True
nadu,3,True
murderer,3,False
realizing,3,True
critised,3,False
marked,3,True
alike,3,True
wohi,3,False
fairly,3,True
protesting,3,False
fanatics,3,False
would’ve,3,False
judiciary,3,True
apology,3,True
hardwork,3,False
offcourse,3,False
tlp,3,False
understands,3,True
gains,3,True
disturbing,3,True
alhamdulilah,3,False
roti,3,False
frightened,3,False
papers,3,True
lapses,3,False
corrupted,3,True
rumors,3,True
humbly,3,False
method,3,True
plate,3,True
priority,3,True
morning,3,True
assets,3,True
beneficial,3,True
dawn,3,True
pigs,3,True
dust,3,True
forty,3,True
central,3,True
granted,3,True
furthermore,3,True
generalized,3,True
breach,3,True
pandit,3,False
conscience,3,True
shine,3,True
cited,3,True
karna,3,False
gandhis,3,False
fanatic,3,False
we’ve,3,False
quetta,3,False
screaming,3,True
erase,3,True
satisfied,3,True
ghandi,3,False
resource,3,True
loudly,3,False
actor,3,True
developing,3,True
submitted,3,True
banyan,3,False
confidently,3,False
mentor,3,True
outsider,3,False
anis,3,False
transparency,3,True
advance,3,True
prize,3,True
sneak,3,True
qs,3,False
objections,3,True
author,3,True
afghan,3,True
murders,3,True
involvment,3,False
green,3,True
betrayed,3,False
yogi,3,False
entry,3,True
produced,3,True
promotes,3,True
gau,3,False
occurrence,3,True
consistently,3,True
brooo,3,False
entertainment,3,True
wrongdoers,3,False
twonation,3,False
repeated,3,True
leveled,3,False
eternal,3,True
trace,3,True
goals,3,True
unfortunate,3,True
inc,3,True
worng,3,False
resolved,3,True
conducting,3,True
consume,3,True
bangladeshs,3,False
py,3,True
shoes,3,True
mistaken,3,True
opposed,3,True
aakash,3,False
chuttoooooo,3,False
magazine,3,True
nobel,3,True
dg,3,True
mahrang,3,False
flood,3,True
decreasing,3,True
centers,3,True
thirdly,3,False
launches,3,True
pakstan,3,False
terrrism,3,False
chanting,3,False
ignorance,3,True
nine,3,True
nepalese,3,False
dad,3,True
challenging,3,True
scenarios,3,True
pity,3,True
multi,3,True
yrs,3,True
studying,3,True
trick,3,True
visible,3,True
scripted,3,False
pkmkb,3,False
rightwing,3,False
congratulation,3,False
iraq,3,True
jihadist,3,False
islamists,3,False
industry,3,True
traders,3,True
chameleon,3,False
commercial,3,True
banks,3,True
subs,3,True
criticizes,3,False
tired,3,True
flee,3,True
intellectually,3,False
hq,3,True
notes,3,True
illiteracy,3,False
habibi,3,False
criminals,3,True
closely,3,True
fundamentalist,3,False
phobia,3,False
veer,3,False
zubair,3,False
portrayed,3,True
squadron,3,True
pressured,3,False
invasion,3,True
funerals,3,False
recite,3,False
angle,3,True
wasting,3,True
hijacking,3,False
occur,3,True
lame,3,True
clowns,3,False
thurve,3,False
abandoned,3,True
cycle,3,True
evacuate,3,False
fellow,3,True
literature,3,True
vanished,3,False
cars,3,True
consumers,3,True
chatgpt,3,False
jump,3,True
observe,3,True
verifying,3,True
wrongly,3,False
assistance,3,True
himanshi,3,False
conditions,3,True
palestinians,3,True
israels,3,False
investigated,3,True
pahelgram,3,False
pretext,3,False
yadv,3,False
heretic,3,False
beauty,3,True
attraction,3,True
organize,3,True
dependent,3,True
brahmaputra,3,False
inviting,3,True
refuses,3,True
kuchh,3,False
migration,3,True
paki,3,False
wrote,3,True
fr,3,True
angles,3,True
advise,3,True
necessity,3,True
ladies,3,True
underreported,3,False
contributing,3,True
matching,3,True
anyhow,3,False
amritsar,3,False
bragging,3,False
qatar,3,True
hair,3,True
opportunities,3,True
nonbiased,3,False
weather,3,True
knees,3,True
befitting,3,False
impress,3,True
dedication,3,True
reservation,3,True
toxicity,3,True
demanding,3,True
gawk,3,False
trailer,3,True
digital,3,True
people…,3,False
philosophy,3,True
race,3,True
warich,3,False
iq,3,True
riot,3,True
scrap,3,True
tweet,3,False
betray,3,False
leftist,3,False
trumps,3,False
demography,3,False
remarks,3,True
respecting,3,True
chances,3,True
chinas,3,False
vulnerable,3,True
youths,3,True
andaman,3,False
thrown,3,True
respectable,3,False
injustices,3,False
suggests,3,True
banyanulmarsoos,3,False
rebuttal,3,False
ideas,3,True
mystery,3,True
aginst,3,False
exhausting,3,False
physics,3,True
advertisement,3,True
anchors,3,True
donot,3,False
huy,2,False
wich,2,False
satisfactory,2,True
utmost,2,True
sheeps,2,False
herald,2,True
،,2,False
blessings,2,True
goti,2,False
nhe,2,False
basss,2,False
wech,2,False
fuking,2,False
breasted,2,False
pissed,2,True
villagers,2,True
shops,2,True
patients,2,True
vlogger,2,False
importan,2,False
acha,2,False
tmc,2,False
celebs,2,True
trollers,2,False
articals,2,False
forcibly,2,False
split,2,True
fist,2,True
shamefully,2,False
bahni,2,False
goli,2,False
judged,2,True
approaching,2,True
walks,2,True
wearing,2,True
delegations,2,False
amazed,2,True
studied,2,True
proceed,2,True
rathee’s,2,False
dramatic,2,True
park,2,True
unidentified,2,True
apprehended,2,False
dancing,2,True
difficulty,2,True
schools,2,True
responsive,2,True
unchecked,2,False
calculated,2,True
informationfrom,2,False
fulfil,2,True
ss,2,True
dramas,2,True
shedding,2,False
listens,2,False
loosed,2,False
trait,2,True
fuels,2,True
langoor,2,False
serial,2,True
lindustan,2,False
oppressive,2,False
escalated,2,False
ignores,2,False
kasmir,2,False
wholes,2,False
bnaiye,2,False
railway,2,True
indra,2,False
queen,2,True
golden,2,True
conversion,2,True
converting,2,True
khans,2,False
invest,2,True
carrier,2,True
countires,2,False
pool,2,True
rahthee,2,False
bark,2,True
rocket,2,True
hits,2,True
di,2,True
uncles,2,False
ve,2,True
experts,2,True
fleet,2,True
distric,2,False
labeling,2,True
shortages,2,True
pharmaceuticals,2,True
emphasizing,2,False
captivity,2,False
idiotic,2,False
cameras,2,True
intl,2,True
bastards,2,False
torn,2,True
purchase,2,True
realworld,2,False
holes,2,True
kon,2,False
translation,2,True
smarter,2,True
gun,2,True
stages,2,True
racist,2,True
perticular,2,False
extrimism,2,False
hostility,2,False
rusia,2,False
almarsoos,2,False
recognised,2,True
gangs,2,True
misconception,2,False
brief,2,True
erupted,2,False
refuted,2,False
untrustworthy,2,False
spoiling,2,False
onwards,2,True
meeting,2,True
palwama,2,False
bush,2,True
drunk,2,True
recognition,2,True
destroyer,2,False
entering,2,True
blow,2,True
rightfully,2,False
jack,2,True
js,2,True
sindhudesh,2,False
secratery,2,False
solute,2,False
assams,2,False
goons,2,False
didnot,2,False
scammer,2,False
mourn,2,False
agains,2,False
critize,2,False
hug,2,True
mossad,2,False
admission,2,True
pakistanyou,2,False
dhruvuddin,2,False
rathulla,2,False
pakistan…,2,False
frankfurt,2,True
fingure,2,False
hindustani,2,False
bluffing,2,False
solved,2,True
practically,2,True
prompt,2,True
afghani,2,False
forming,2,True
souls,2,True
spots,2,True
“there,2,False
temple,2,True
acceptance,2,True
mining,2,True
caring,2,True
habits,2,True
explainer,2,False
invisible,2,True
pahalagam,2,False
suspend,2,True
limelight,2,False
lollipop,2,False
justifications,2,False
advocated,2,False
impartiality,2,False
critise,2,False
kalbhusan,2,False
pakistan”,2,False
mujahideen,2,False
firsthand,2,False
glorified,2,False
swift,2,True
purchasing,2,True
responce,2,False
deflect,2,False
stern,2,True
halal,2,False
supportive,2,True
baist,2,False
loudest,2,False
twitter,2,False
fked,2,False
clap,2,False
lick,2,True
miscreants,2,False
jaishankar,2,False
militancy,2,False
grip,2,True
toys,2,True
hazam,2,False
pleading,2,False
guru,2,True
cristal,2,False
unethical,2,False
dgispr,2,False
butter,2,True
unhappy,2,True
college,2,True
tthe,2,False
blunt,2,True
taibe,2,False
excuses,2,True
apologetic,2,False
mamy,2,False
islami,2,False
childern,2,False
militarised,2,False
materials,2,True
realisation,2,False
brighter,2,True
displaying,2,True
wnat,2,False
skilled,2,True
muzzamils,2,False
mahira,2,False
belief,2,True
delegation,2,True
refreshing,2,True
underestimate,2,False
heinous,2,False
safeguard,2,True
gober,2,False
rightful,2,False
sarrr,2,False
jalandhar,2,False
hisar,2,False
inward,2,True
schooled,2,False
ponch,2,False
chandigarh,2,False
sees,2,True
inda,2,False
deciding,2,True
decisions,2,True
factions,2,False
thrive,2,True
tearing,2,False
insecurity,2,False
library,2,True
haven,2,True
maps,2,True
fictional,2,True
sudhir,2,False
dutt,2,False
trs,2,False
unending,2,False
deshbhakt,2,False
guides,2,True
voiceless,2,False
foundation,2,True
vloger,2,False
“godi,2,False
titled,2,True
someday,2,True
kubhushan,2,False
perceptions,2,True
naval,2,True
properties,2,True
demean,2,False
healing,2,True
tools,2,True
lye,2,False
alis,2,False
unflinching,2,False
dangers,2,True
partition,2,True
brink,2,False
pw,2,True
lakshar,2,False
cent,2,True
pleased,2,True
dares,2,False
drag,2,True
submit,2,True
prashants,2,False
pound,2,True
reckless,2,False
populist,2,False
eleven,2,True
artillery,2,True
occurs,2,True
neighboring,2,True
ethics,2,True
aka,2,True
jhootay,2,False
dall,2,False
imaginary,2,True
decisive,2,True
dhrov,2,False
muzmil,2,False
itt,2,False
peice,2,False
sayyed,2,False
unstable,2,True
messages,2,True
ratthe,2,False
proove,2,False
sections,2,True
longterm,2,False
sheild,2,False
covert,2,True
strained,2,False
fron,2,False
jahannum,2,False
introspect,2,False
selves,2,False
suspecting,2,False
misunderstanding,2,False
internation,2,False
cave,2,True
chahiye,2,False
darve,2,False
rafaile,2,False
apj,2,False
integrated,2,True
guided,2,True
conceptualized,2,False
messed,2,False
characterless,2,False
recheck,2,False
rrs,2,False
lag,2,True
summer,2,True
critisizing,2,False
wrongs,2,False
exaggeration,2,False
benefited,2,True
shehbaz,2,False
itna,2,False
curb,2,True
ina,2,False
drave,2,False
doll,2,True
glaciers,2,False
ilove,2,False
holds,2,True
discusses,2,True
facial,2,True
expressions,2,True
ayesha,2,False
bluff,2,True
tackle,2,True
curfew,2,False
blogs,2,True
tf,2,True
establishments,2,True
atari,2,True
devotion,2,True
memory,2,True
earning,2,True
liable,2,True
pinned,2,False
caliber,2,True
familys,2,False
coas,2,False
bravely,2,False
resisted,2,False
terriorists,2,False
depicted,2,True
ballistic,2,True
approx,2,True
conclusive,2,False
disaster,2,True
burka,2,False
“you,2,False
mushidabad,2,False
consideration,2,True
signal,2,True
ambition,2,True
recognizing,2,True
ldr,2,False
treat,2,True
alright,2,True
dynasty,2,True
israelimade,2,False
unilaterally,2,False
bilateral,2,True
nowhere,2,True
portal,2,True
nitish,2,False
sometime,2,True
controversies,2,False
videoes,2,False
rambaan,2,False
pavan,2,False
historian,2,True
intrest,2,False
preparation,2,True
offence,2,True
crappy,2,False
embarrased,2,False
harbouring,2,False
kindness,2,True
accordingly,2,True
displayed,2,True
countary,2,False
coweating,2,False
judging,2,True
supreme,2,True
sindoor”,2,False
prejudice,2,True
markets,2,True
reactive,2,True
demonstrated,2,True
accurately,2,True
mediaand,2,False
knowledgeful,2,False
dubbed,2,True
perfectly,2,True
mursidabad,2,False
hyping,2,False
crashing,2,True
airfield,2,False
yr,2,True
pumpur,2,False
yaps,2,False
halftruths,2,False
powerfull,2,False
freinds,2,False
rahtee,2,False
fateh,2,False
bhagt,2,False
dodged,2,False
employed,2,True
breath,2,True
ciritical,2,False
sarpunch,2,False
kaka,2,False
bayas,2,False
implications,2,True
“operation,2,False
bengaluru,2,False
thruv,2,False
‘truth,2,False
suck,2,True
shifts,2,True
cheering,2,False
sahid,2,False
boom,2,True
invited,2,True
pib,2,False
leftists,2,False
finaly,2,False
switch,2,True
adopt,2,True
condemed,2,False
urged,2,True
heat,2,True
frauds,2,False
myth,2,True
tragically,2,False
poop,2,False
tubeer,2,False
confessed,2,False
diversion,2,True
tunnels,2,True
militarized,2,False
itihaas,2,False
rain,2,True
distort,2,False
swamis,2,False
avoidance,2,True
revolution,2,True
possibly,2,True
hatered,2,False
defeating,2,False
species,2,True
contain,2,True
trusting,2,False
disproove,2,False
emotionally,2,True
reconsider,2,False
strengthen,2,True
lacked,2,True
reducing,2,True
upfront,2,False
spineless,2,False
photos,2,True
risky,2,True
khurram,2,False
farthest,2,False
variant,2,True
staffs,2,False
room,2,True
song,2,True
concerning,2,True
ecosystem,2,True
scenes,2,True
attck,2,False
peddles,2,False
residents,2,True
frech,2,False
godee,2,False
dekho,2,False
skardu,2,False
systematic,2,True
noida,2,False
jinha,2,False
clearify,2,False
takedown,2,False
khasmir,2,False
scammers,2,False
thankful,2,True
informations,2,True
collected,2,True
unmatched,2,False
drown,2,False
prompted,2,True
arena,2,True
prowess,2,False
newest,2,True
indpak,2,False
slightly,2,True
inclined,2,True
noting,2,True
concentrate,2,True
kartapur,2,False
dseducationrt,2,False
façade,2,False
pot,2,True
kettle,2,True
heyy,2,False
harming,2,False
consult,2,True
contexts,2,True
pursuit,2,True
amidst,2,False
category,2,True
masiha,2,False
gotten,2,True
poking,2,False
suspicion,2,True
bgp,2,False
andbakhts,2,False
enjoys,2,True
thirsty,2,False
warmonger,2,False
wrongdoings,2,False
eradicate,2,False
checks,2,True
deedar,2,False
chandio,2,False
larkana,2,False
settle,2,True
touched,2,True
antimuslim,2,False
coexist,2,False
constructively,2,False
pampore,2,False
them…,2,False
moter,2,False
waqas,2,False
raids,2,False
depended,2,False
lock,2,True
manufactured,2,True
varthaman,2,False
flowers,2,True
polite,2,True
islamophobia,2,False
forge,2,True
yiu,2,False
refugees,2,True
insurgency,2,False
analysed,2,True
od,2,True
drink,2,True
sindoors,2,False
maintaining,2,True
january,2,True
couldve,2,False
resume,2,True
hostilities,2,False
stays,2,True
pill,2,True
pukhtoons,2,False
bacha,2,False
lift,2,True
rehman,2,False
bjp’s,2,False
venom,2,True
losser,2,False
pocket,2,True
bhayya,2,False
equity,2,True
communications,2,True
philgam,2,False
tackled,2,False
criticisms,2,False
circle,2,True
suitable,2,True
hop,2,True
abu,2,True
dhabi,2,False
songs,2,True
wipe,2,True
hint,2,True
catching,2,True
janta,2,False
relationships,2,True
parvin,2,False
unreasonable,2,True
kureshi,2,False
greetings,2,True
muzzamal,2,False
subramaniam,2,False
disappoints,2,False
libya,2,True
atmosphere,2,True
causes,2,True
preamble,2,False
delivering,2,True
desire,2,True
impartially,2,False
duffers,2,False
pahlgham,2,False
believers,2,True
poilet,2,False
thandoor,2,False
celebrates,2,True
truth”,2,False
attributed,2,True
tibetan,2,True
belonged,2,True
feature,2,True
oppress,2,False
todya,2,False
intent,2,True
dominance,2,True
ot,2,True
intervention,2,True
treats,2,True
memes,2,False
overrated,2,False
telugu,2,False
bars,2,True
syria,2,True
shits,2,False
participating,2,True
dogfight,2,False
formed,2,True
writings,2,True
estimates,2,True
civilized,2,False
emotion,2,True
bunyanum,2,False
simplify,2,True
himanta,2,False
biswa,2,False
shavasharif,2,False
biryani,2,False
empower,2,True
anthem,2,True
ideal,2,True
clothes,2,True
abrogation,2,False
hotels,2,True
property,2,True
generls,2,False
monster,2,True
widows,2,False
sanatan,2,False
satan,2,True
handful,2,True
communicate,2,True
cautious,2,True
safer,2,True
animal,2,True
creative,2,True
appreciable,2,False
tailor,2,True
creepy,2,True
antinationals,2,False
sgpc,2,False
hideouts,2,False
thrones,2,False
pakistanand,2,False
fronts,2,True
distroyed,2,False
starving,2,False
asks,2,True
embarrassment,2,False
dhruvi,2,False
unbelievable,2,True
surprisingly,2,True
hunt,2,True
likha,2,False
wel,2,False
disagreed,2,False
javed,2,False
practicing,2,True
greatly,2,True
godt,2,False
hybrid,2,True
listener,2,True
operates,2,True
alleges,2,False
pakistanbased,2,False
legacy,2,True
tc,2,True
raaj,2,False
havildar,2,False
jhantu,2,False
rattled,2,False
equivalence,2,True
habit,2,True
cancellation,2,True
diwali,2,False
industrial,2,True
neighborhoods,2,True
rethink,2,False
gospel,2,True
misery,2,True
crook,2,False
demands,2,True
rejecting,2,False
refail,2,False
juts,2,False
serrhax,2,False
discord,2,False
plain,2,True
kms,2,True
fateful,2,False
adds,2,True
stoped,2,False
dissent,2,True
model,2,True
install,2,True
conversations,2,True
vigo,2,False
thnks,2,False
indifference,2,False
fame,2,True
prianka,2,False
supermacy,2,False
channal,2,False
becuase,2,False
theocratic,2,False
dismantle,2,False
implement,2,True
existence,2,True
cleansing,2,True
societal,2,True
terriosim,2,False
recited,2,False
sh,2,True
chinmay,2,False
tall,2,True
uniting,2,False
wao,2,False
stamped,2,True
welleducated,2,False
concepts,2,True
tow,2,True
gang,2,True
babies,2,True
harop,2,False
illuminate,2,False
rear,2,True
parks,2,True
donate,2,True
genuineness,2,False
looted,2,False
harassed,2,False
steady,2,True
destabilize,2,False
decrease,2,True
condemnable,2,False
deprived,2,True
facilities,2,True
suffers,2,True
terrism,2,False
aps,2,True
consolation,2,False
dictators,2,False
crowd,2,True
suspicious,2,True
motels,2,True
industries,2,True
laughable,2,False
establishmentbut,2,False
brian,2,True
console,2,True
cognitively,2,False
elder,2,True
rindian,2,False
driving,2,True
required,2,True
assist,2,True
youngster,2,False
surpass,2,False
shoulders,2,True
buttons,2,True
profe,2,False
preferred,2,True
preseucation,2,False
specified,2,True
hyenas,2,False
donkey,2,True
wagha,2,False
vain,2,True
radicalisation,2,False
googling,2,False
classified,2,True
professors,2,True
securty,2,False
kashimir,2,False
janata,2,False
embarrassed,2,False
hii,2,False
hype,2,True
boder,2,False
wr,2,True
moon,2,True
keyboard,2,True
looser,2,False
darkness,2,True
deaf,2,True
factors,2,True
temples,2,True
disorder,2,True
direndra,2,False
convenient,2,True
objectively,2,False
guests,2,True
propagated,2,False
criticis,2,False
yall,2,False
zionism,2,False
nexus,2,True
kuran,2,False
fever,2,True
heal,2,True
rapes,2,False
fueling,2,False
rawfails,2,False
mot,2,True
fled,2,True
soliders,2,False
lifted,2,True
orchestrating,2,False
speculative,2,False
saboot,2,False
opted,2,True
skepticism,2,False
sermon,2,True
media”,2,False
surveillance,2,True
arrests,2,True
allows,2,True
unchallenged,2,False
“precision,2,False
inhumane,2,False
pakistanadministered,2,False
humanitarian,2,True
researches,2,False
volatile,2,True
manipulative,2,False
shields,2,True
hahahahaha,2,False
geku,2,False
interpret,2,True
dhoti,2,False
harder,2,True
luv,2,True
laundry,2,True
anyones,2,False
session,2,True
uturn,2,False
heading,2,True
militery,2,False
hrs,2,True
customs,2,True
dhrv,2,False
holistic,2,True
exaggerates,2,False
feeding,2,True
frivolous,2,False
pal,2,True
sooo,2,False
scrutiny,2,True
lens,2,True
thirdparty,2,False
tribal,2,True
gourav,2,False
bunker,2,True
sheep,2,True
recieve,2,False
soo,2,True
buried,2,True
leverage,2,True
people’s,2,False
atk,2,True
destroyed…please,2,False
stones,2,True
hinduttva,2,False
demographic,2,True
handling,2,True
provoke,2,False
wana,2,False
minerals,2,True
terrt,2,False
laal,2,False
confusion,2,True
exchanges,2,True
giant,2,True
manufacturer,2,True
dishonesty,2,False
activism,2,True
echo,2,True
goodbut,2,False
voter,2,True
illigal,2,False
activists,2,True
crack,2,True
lols,2,False
lundian,2,False
intricacies,2,False
deol,2,False
yhe,2,False
winter,2,True
celebrity,2,True
morale,2,True
mega,2,True
hoped,2,True
unwavering,2,False
idians,2,False
cop,2,True
↔,2,False
terroist,2,False
gut,2,True
enemys,2,False
taked,2,False
ratehee,2,False
postal,2,True
casually,2,False
guilt,2,True
badla,2,False
amongst,2,True
flooding,2,True
analysts,2,True
indion,2,False
mehta,2,False
bans,2,True
accuracy,2,True
undermines,2,False
instances,2,True
reforms,2,True
generalizing,2,False
versa,2,True
akbar,2,False
sanghi,2,False
momin,2,False
syncing,2,False
dono,2,False
heartfelt,2,False
sex,2,True
kegal,2,False
literacy,2,True
complaints,2,True
opration,2,False
kafir,2,False
celebriting,2,False
bolachistan,2,False
din,2,True
tarrarest,2,False
incorrect”,2,False
pahelgaon,2,False
psychological,2,True
whereabouts,2,False
qasoor,2,False
terrorisim,2,False
unresolved,2,True
dint,2,False
wil,2,True
haslinda,2,False
amin,2,False
retailiated,2,False
ruled,2,True
disgrace,2,False
shutup,2,False
iwt,2,False
sutlej,2,False
drying,2,True
necessarily,2,True
weakens,2,False
sponsers,2,False
noticing,2,False
volumes,2,True
nab,2,False
hot,2,True
significance,2,True
andolan,2,False
dum,2,False
admirable,2,False
astounding,2,False
warm,2,True
temporary,2,True
darling,2,True
promises,2,True
musques,2,False
nxt,2,False
boost,2,True
briefly,2,True
babaremasjid,2,False
possession,2,True
bloombergs,2,False
nightmare,2,True
sam,2,True
zia,2,False
preaching,2,True
milion,2,False
sink,2,True
extend,2,True
infiltrate,2,False
yoir,2,False
maheshwari,2,False
perceived,2,True
agendadriven,2,False
fasial,2,False
alwys,2,False
mufti,2,False
define,2,True
somalia,2,True
japan,2,True
enlighten,2,False
pashteen,2,False
jn,2,True
gentle,2,True
handwara,2,False
indiscriminately,2,False
blank,2,True
physical,2,True
agreeing,2,True
patani,2,False
phalagam,2,False
critics,2,True
murshidaabad,2,False
downs,2,True
bravo,2,True
jetssaid,2,False
marshall,2,True
madhya,2,False
wrap,2,True
fabulous,2,True
maker,2,True
unnecessarily,2,False
longtime,2,False
appreciates,2,False
happily,2,True
ary,2,False
inaccurate,2,True
implemented,2,True
frequently,2,True
sis,2,True
’,2,False
monologue,2,False
vichardhara,2,False
udham,2,False
toilets,2,True
miltary,2,False
aurangzeb,2,False
superior,2,True
services,2,True
gap,2,True
alway,2,False
bill,2,True
shahied,2,False
pahlgram,2,False
bloom,2,True
burg,2,False
commited,2,False
relied,2,True
animation,2,True
storyteller,2,False
unique,2,True
wast,2,False
interrupting,2,False
youyou,2,False
discount,2,True
appropriate,2,True
centuries,2,True
shush,2,False
balouchistan,2,False
patrakar,2,False
shirt,2,True
migrated,2,False
crashes,2,True
rathore,2,False
fearing,2,False
kashmiries,2,False
durv,2,False
reeks,2,False
condescension,2,False
nuance,2,False
reinforce,2,True
hipocracy,2,False
indin,2,False
cm,2,True
cabinet,2,True
responds,2,True
span,2,True
monsters,2,True
“india,2,False
aghbarg,2,False
ratthi,2,False
returns,2,True
mehdi,2,False
motive,2,True
brothee,2,False
deeper,2,True
shrif,2,False
dumbass,2,False
appointed,2,True
demage,2,False
overlooked,2,True
poisoning,2,True
pockets,2,True
sofiya,2,False
tilt,2,True
sary,2,False
oxygen,2,True
prediction,2,True
pawn,2,False
nuanced,2,False
inconvenient,2,False
plgam,2,False
warships,2,False
comprehend,2,False
supplying,2,True
clouds,2,True
assessment,2,True
matram,2,False
chinnaswamy,2,False
inhuman,2,False
rakhe,2,False
automatically,2,True
mans,2,True
spelling,2,True
methods,2,True
muzammail,2,False
muneer,2,False
wealth,2,True
ytber,2,False
processes,2,True
afganistan,2,False
ignited,2,False
countering,2,False
dragged,2,True
tattoo,2,True
pher,2,False
ocean,2,True
dash,2,True
jamshid,2,False
lundia,2,False
domain,2,True
clam,2,True
ideologies,2,False
myths,2,True
sweet,2,True
headquater,2,False
dhrove,2,False
switching,2,True
mentions,2,True
sum,2,True
daru,2,False
spotted,2,True
apse,2,False
aisa,2,False
bunyaan,2,False
loll,2,False
arabia,2,True
hmm,2,True
surface,2,True
distracting,2,False
renewed,2,True
closer,2,True
bongaon,2,False
receive,2,True
coal,2,True
thapar,2,False
blacklisted,2,False
colonized,2,False
mi,2,True
hony,2,False
bachaty,2,False
peshwar,2,False
intended,2,True
backfired,2,False
isolating,2,False
suspending,2,False
counties,2,True
striked,2,False
debunk,2,False
nai,2,False
khandwa,2,False
agla,2,False
mh,2,True
aty,2,False
refugee,2,True
impacted,2,True
reduced,2,True
ti,2,True
largescale,2,False
younger,2,True
eastern,2,True
majorly,2,False
sponsors,2,True
messi,2,False
deceive,2,False
lockdown,2,False
bajrangdal,2,False
haramkhoor,2,False
musical,2,True
frequent,2,True
deletes,2,False
score,2,True
represents,2,True
closest,2,True
dismissing,2,False
awake,2,True
surrounded,2,True
improved,2,True
moderate,2,True
destructive,2,True
visual,2,True
oli,2,False
bhut,2,False
afsoos,2,False
horrendous,2,False
text,2,True
hurtful,2,False
radiations,2,False
sucks,2,True
productive,2,True
bd,2,True
sorts,2,True
stooge,2,False
fort,2,True
bhikharistan,2,False
intrested,2,False
determination,2,True
tipe,2,False
exploding,2,False
jamu,2,False
bengladesh,2,False
pekistan,2,False
scripting,2,True
psl,2,False
constructions,2,False
tomorrow,2,True
curriculum,2,True
delta,2,True
suggestions,2,True
puppy,2,True
resort,2,True
pleas,2,False
howa,2,False
tubers,2,False
videobut,2,False
geo,2,True
judgement,2,True
cheep,2,False
han,2,True
excited,2,True
politic,2,False
sahab,2,False
reinstate,2,False
hooo,2,False
tooo,2,False
aam,2,False
villian,2,False
abey,2,False
prospective,2,True
proffs,2,False
controversial,2,True
requires,2,True
subjects,2,True
mantri,2,False
tb,2,True
chup,2,False
ami,2,True
thake,2,False
advertising,2,True
narrate,2,False
villains,2,False
pehlagam,2,False
parchi,2,False
andhabhakts,2,False
rs,2,True
punishment,2,True
respects,2,True
limitations,2,True
robot,2,True
westbengal,2,False
positions,2,True
sustainable,2,True
duffer,2,False
ro,2,True
sounding,2,True
arises,2,True
boarders,2,False
circles,2,True
proofbut,2,False
sidhu,2,False
wellknown,2,False
clues,2,True
shitting,2,False
mixture,2,True
terr,2,False
reels,2,True
rivalry,2,False
potentially,2,True
partnership,2,True
transforming,2,True
delisted,2,False
hmmm,2,True
comprehensively,2,False
msg,2,True
cried,2,True
louder,2,False
england,2,True
letter,2,True
isis,2,True
weren’t,2,False
display,2,True
supremacy,2,False
frustrated,2,True
chuslims,2,False
balochistanwhy,2,False
hypocricy,2,False
staggering,2,False
raphaels,2,False
chapri,2,False
comprehension,2,True
exploiting,2,False
spreaded,2,False
lil,2,True
goin,2,True
gali,2,False
attcks,2,False
indiaand,2,False
where’s,2,False
suppress,2,True
grows,2,True
resubscribed,2,False
exclusively,2,True
widow,2,True
orphans,2,False
kafirs,2,False
verbal,2,True
devastated,2,False
arguing,2,True
capturing,2,True
backward,2,True
recovered,2,True
load,2,True
succeeded,2,True
abd,2,False
ukrain,2,False
boucher,2,False
mendhar,2,False
manipulates,2,False
madness,2,True
astonishing,2,False
alliances,2,True
broken,2,True
toddlers,2,True
quit,2,True
considers,2,True
email,2,True
wickets,2,False
bano,2,False
peacelove,2,False
abuse,2,True
favouring,2,False
miltry,2,False
engagements,2,True
bribe,2,False
professionalism,2,True
afternoon,2,True
gona,2,False
objection,2,True
percentage,2,True
nationals,2,True
substantiated,2,False
demonstration,2,True
perception,2,True
facilitated,2,True
palastine,2,False
totly,2,False
nat,2,True
permotion,2,False
passport,2,True
shiny,2,True
quarrel,2,False
shamefull,2,False
setup,2,True
offshot,2,False
invested,2,True
wazir,2,False
taiwan,2,True
nagrota,2,False
interservices,2,False
ager,2,False
forceful,2,False
sentences,2,True
vibes,2,False
comfort,2,True
didn‘t,2,False
batter,2,True
unfounded,2,False
deepak,2,False
dual,2,True
bhathinda,2,False
kattarwadi,2,False
believer,2,True
arrogant,2,False
replies,2,True
governed,2,True
batnda,2,False
mandr,2,False
sings,2,True
“us,2,False
explicitly,2,True
began,2,True
aftermath,2,True
invading,2,False
prisoner,2,True
phrases,2,True
showcase,2,True
togather,2,False
malda,2,False
evacuated,2,False
theyll,2,False
absent,2,True
feared,2,True
shankar,2,False
nh,2,True
colleges,2,True
projector,2,True
originated,2,True
riparian,2,False
apni,2,False
resist,2,True
diminished,2,True
oldest,2,True
anbhakts,2,False
quantity,2,True
doubting,2,False
tacit,2,False
paks,2,False
veri,2,False
blp,2,False
uou,2,False
eager,2,True
kitna,2,False
soviet,2,True
collapse,2,True
pitty,2,False
xd,2,True
subscription,2,True
ah,2,True
athiest,2,False
govts,2,False
dreaming,2,True
pahlagam,2,False
plotted,2,False
impose,2,True
records,2,True
holidays,2,True
protector,2,True
hmre,2,False
accha,2,False
besides,2,True
mountain,2,True
praised,2,True
bnaye,2,False
charge,2,True
thankfully,2,False
shahid,2,False
partialities,2,False
arewere,2,False
absolved,2,False
bothering,2,False
piche,2,False
kn,2,True
hindusthan,2,False
sabse,2,False
sharia,2,False
tumpe,2,False
bcc,2,False
druva,2,False
adam,2,True
faithful,2,True
inf,2,True
ate,2,True
deepen,2,False
divides,2,False
thakur,2,False
stubborn,2,False
parrot,2,True
setting,2,True
restored,2,True
waly,2,False
tak,2,False
iconic,2,False
thora,2,False
huwa,2,False
zabardast,2,False
refference,2,False
wall,2,True
ltte,2,False
ridiculous,2,True
ops,2,True
charges,2,True
randomly,2,True
hurry,2,True
mutala,2,False
petty,2,True
yearold,2,False
uhh,2,False
terriosm,2,False
disregard,2,True
kk,2,True
proposed,2,True
cap,2,True
suppressed,2,True
malegaon,2,False
census,2,True
hummm,2,False
whatsoever,2,True
neuteral,2,False
hindutuwa,2,False
pathological,2,False
cracks,2,True
andbhakt,2,False
grammar,2,True
fraction,2,True
irrational,2,False
purposely,2,False
guiding,2,True
chin,2,True
convincing,2,True
holiday,2,True
devotees,2,False
blue,2,True
wach,2,False
aligarh,2,False
aniasian,2,False
refering,2,False
sourced,2,False
cite,2,True
malaysia,2,True
rebels,2,True
abut,2,False
publicity,2,True
extensive,2,True
pack,2,True
disposal,2,True
kamboj,2,False
completed,2,True
communist,2,True
policing,2,True
visuals,2,False
ilp,2,False
corrected,2,True
acres,2,True
jholi,2,False
judgemental,2,False
salutes,2,False
blud,2,False
depends,2,True
trap,2,True
rafals,2,False
backyard,2,True
bite,2,True
abhi,2,False
nandan,2,False
nutshell,2,False
sovereign,2,True
partners,2,True
bully,2,False
fancy,2,True
hamara,2,False
servants,2,True
ghaza,2,False
upi,2,False
bharath,2,False
illegitimate,2,False
homework,2,True
twice,2,True
statue,2,True
ruling,2,True
thinkers,2,False
concocted,2,False
favoritism,2,False
cough,2,True
vedeo,2,False
siding,2,True
graveyard,2,False
package,2,True
nop,2,False
monkey,2,True
talent,2,True
pop,2,True
toll,2,True
someones,2,False
answering,2,True
pissing,2,True
detained,2,True
inducted,2,False
uncover,2,True
awaz,2,False
pakistsn,2,False
modified,2,True
pak’s,2,False
rep,2,True
awarded,2,True
painted,2,True
terrorsts,2,False
tax,2,True
sacrificing,2,False
belonging,2,True
compain,2,False
teror,2,False
bideo,2,False
metha,2,False
houp,2,False
kadwa,2,False
analyses,2,True
orders,2,True
paghlam,2,False
mension,2,False
unaware,2,True
faulty,2,True
narcissistic,2,False
wallah,2,False
analyse,2,True
pressurize,2,False
normally,2,True
distroy,2,False
disclose,2,True
indication,2,True
scientist,2,True
bakery,2,True
filters,2,True
timeless,2,True
behest,2,False
bi,2,True
krtey,2,False
mindsets,2,False
encourages,2,True
introspection,2,False
putted,2,False
ect,2,True
letting,2,True
newyork,2,False
dropping,2,True
treasury,2,True
welfare,2,True
levels,2,True
initially,2,True
implying,2,False
deceived,2,False
chanakya,2,False
surprise,2,True
bjb,2,False
assamese,2,False
horrible,2,True
knowingly,2,True
partner,2,True
truely,2,False
crush,2,True
diginity,2,False
condemnation,2,False
transgender,2,True
stone,2,True
junior,2,True
cuntry,2,False
apprehend,2,False
reflection,2,True
quietly,2,True
rationale,2,True
teroorist,2,False
cultures,2,True
films,2,True
interviews,2,True
hahahah,2,False
agar,2,False
acharya,2,False
mullas,2,False
indien,2,False
sindhor,2,False
suggesting,2,True
khoon,2,False
beh,2,False
sakty,2,False
extraordinary,2,True
hypocracy,2,False
pa,2,True
terroriest,2,False
checkpoints,2,False
securities,2,True
pitch,2,True
burma,2,True
wronged,2,False
honoured,2,False
rises,2,True
fitting,2,True
defamation,2,False
bribed,2,False
courts,2,True
initiative,2,True
that…,2,False
misinterpreted,2,False
runways,2,False
sharmishta,2,False
coaching,2,True
thek,2,False
significantly,2,True
luckily,2,True
screenshot,2,True
box,2,True
enforced,2,True
elders,2,True
nominated,2,True
chok,2,False
geographically,2,True
sincerity,2,False
immoral,2,False
roles,2,True
retirement,2,True
mom,2,True
handed,2,True
bharatiya,2,False
naive,2,True
hadees,2,False
jaish,2,False
alliance,2,True
carries,2,True
filth,2,True
ruler,2,True
guns,2,True
nonmuslims,2,False
mualim,2,False
representative,2,True
liers,2,False
identities,2,True
chakra,2,False
foreigners,2,True
pjeets,2,False
ist,2,True
laden,2,True
skinwalker,2,False
ranch,2,True
phlgam,2,False
executed,2,True
november,2,True
revoke,2,False
prevails,2,False
lap,2,True
swat,2,False
dragging,2,True
certainty,2,True
brokeep,2,False
passengers,2,True
armi,2,False
expectations,2,True
yep,2,True
technical,2,True
trained,2,True
heartedly,2,False
empathy,2,False
steel,2,True
muzzamail,2,False
ummatemuhammad,2,False
tolerant,2,True
subscribing,2,True
videoyou,2,False
summarize,2,True
sandor,2,False
programs,2,True
profiles,2,True
editor,2,True
companions,2,True
avoiding,2,True
pretends,2,False
infiltration,2,False
biharies,2,False
delay,2,True
stating,2,True
unwanted,2,True
bhaii,2,False
pahalgram,2,False
massacred,2,False
diverted,2,False
beard,2,True
chindi,2,False
raffles,2,False
defamed,2,False
attact,2,False
braindead,2,False
align,2,True
pehlgaam,2,False
sandhwar,2,False
institution,2,True
determine,2,True
inch,2,True
bunkers,2,False
equipping,2,False
payed,2,False
unsuccessful,2,True
contrary,2,True
skirmishes,2,False
dw,2,True
demons,2,True
righ,2,False
recover,2,True
shahs,2,False
rectify,2,False
appealing,2,True
buddha,2,True
government…,2,False
dusting,2,False
indulging,2,False
sweeping,2,True
fascinated,2,False
married,2,True
ineffective,2,True
deceased,2,True
kannada,2,False
babu,2,False
terriest,2,False
bro’s,2,False
math,2,True
tank,2,True
arsenals,2,False
arrival,2,True
returned,2,True
teachings,2,True
possess,2,True
deported,2,False
gande,2,False
walked,2,True
secondhand,2,False
publish,2,True
disgraceful,2,False
comeon,2,False
narrated,2,False
funral,2,False
tribute,2,True
chilling,2,False
explosion,2,True
azhar,2,False
tumhy,2,False
ins,2,True
bigot,2,False
urdu,2,False
arshad,2,False
familyhow,2,False
glass,2,True
equals,2,True
anwar,2,False
races,2,True
hapens,2,False
protects,2,True
hindituwa,2,False
ambala,2,False
managing,2,True
apartment,2,True
onions,2,True
exemplary,2,True
burqa,2,False
mocked,2,False
verbally,2,False
physically,2,True
expressing,2,True
syllabus,2,True
stain,2,True
devil,2,True
pig,2,True
loads,2,True
superiority,2,False
legitimacy,2,True
tyrant,2,False
uplift,2,False
devided,1,False
hail,1,True
fasil,1,False
shamrishta,1,False
boloin,1,False
allhummdulliha,1,False
ghost,1,True
theater,1,True
bakkery,1,False
affan,1,False
banger,1,False
ayo,1,False
normailzed,1,False
fakes,1,True
dnga,1,False
thid,1,False
murdaar,1,False
saaly,1,False
solder,1,True
hanikarak,1,False
parted,1,False
funtestic,1,False
womans,1,False
madarsas,1,False
stricks,1,False
grooming,1,True
whyyyyyyyyyyyyyyyyyyyyyy,1,False
viedeo,1,False
comrade,1,False
behar,1,False
manipoor,1,False
asam,1,False
mudi,1,False
teriiirstan,1,False
phukistan,1,False
ghya,1,False
buddies,1,True
ghodimedia,1,False
meai,1,False
employee,1,True
vijetha,1,False
light—milk,1,False
jointly,1,True
beautifuly,1,False
worshipped,1,False
sahib,1,False
columnist,1,True
fifth,1,True
persists,1,False
unfollowed,1,False
forehead,1,True
durood,1,False
awards,1,True
mutually,1,True
graph,1,True
drowning,1,True
randian,1,False
dictated,1,False
picturer,1,False
sahanbhuti,1,False
authenticy,1,False
utam,1,False
shaling,1,False
exhausted,1,True
coudnt,1,False
sargodah,1,False
safia,1,False
blinding,1,False
trim,1,True
attac,1,False
clarified,1,True
ashrafia,1,False
bised,1,False
junk,1,True
dossier,1,False
underdeveloped,1,False
statescities,1,False
terribly,1,True
awantipora,1,False
inspector,1,True
tales,1,True
curly,1,True
secutrity,1,False
bakshi,1,False
kashmirare,1,False
moto,1,True
fused,1,False
curses,1,False
whey,1,False
pehelgham,1,False
halfhour,1,False
kela,1,False
fogget,1,False
inkling,1,False
srinagars,1,False
yor,1,False
noble,1,True
islamophobist,1,False
dollowed,1,False
eveything,1,False
neturalize,1,False
involed,1,False
balochistanwhat,1,False
disintegrated,1,False
battries,1,False
tweets,1,False
ruleso,1,False
ghodi,1,False
reexplain,1,False
interestingly,1,True
lend,1,True
bakths,1,False
andha,1,False
racket,1,False
maaayyyy,1,False
manners,1,True
refief,1,False
int’s,1,False
appreciatiy,1,False
missels,1,False
pushpa,1,False
lieying,1,False
shpade,1,False
stunts,1,False
atacks,1,False
slipped,1,True
shehzads,1,False
carpet,1,True
payroll,1,True
weaks,1,False
andbagt,1,False
disappointing…,1,False
aircraftsssmore,1,False
insufficient,1,True
bombarded,1,False
nervous,1,True
goated,1,False
stricken,1,False
clinton,1,True
discover,1,True
acknowledgeding,1,False
inococent,1,False
heatedly,1,False
molested,1,False
modiji,1,False
indina,1,False
speake,1,False
relitives,1,False
wouldn’t,1,False
chalak,1,False
sugarmaniam,1,False
cn,1,True
hasan,1,False
retarded,1,False
dissucse,1,False
czn,1,False
timesits,1,False
personalties,1,False
feces,1,False
excrete,1,False
resolves,1,False
funnreal,1,False
afghanis,1,False
ashole,1,False
tasted,1,False
hustled,1,False
pehlegam,1,False
scholers,1,False
bajawas,1,False
amy,1,True
fruitless,1,False
sashi,1,False
idress,1,False
derogatory,1,False
pakishtan,1,False
query,1,True
rejection,1,True
cheered,1,False
panel,1,True
ownself,1,False
wayalthough,1,False
assess,1,True
conveys,1,False
aloud,1,True
rafails,1,False
mistre,1,False
ganga,1,False
baga,1,False
delulu,1,False
rathehave,1,False
isai,1,False
definately,1,True
satya,1,False
citizenshipnot,1,False
palgam,1,False
intervening,1,False
attariwagga,1,False
mediatell,1,False
asleep,1,True
peoplepakistan,1,False
balochistanand,1,False
durrothe,1,False
rafailllll,1,False
wrath,1,True
terrorit,1,False
oppresstion,1,False
longbut,1,False
afteryou,1,False
syrian,1,True
ukraine,1,True
annoyed,1,True
paistani,1,False
struggles,1,True
curropt,1,False
killed—an,1,False
allll,1,False
ahli,1,False
revived,1,False
ball,1,True
sophomoric,1,False
mpo,1,False
byc,1,False
criticiser,1,False
womb,1,False
contentment,1,False
misconceptions,1,False
watchin,1,False
speed,1,True
burmas,1,False
naked,1,True
precession,1,False
gentelman,1,False
proxys,1,False
disappearance,1,False
downtrodden,1,False
armyso,1,False
buyanun,1,False
croupt,1,False
idioit,1,False
intellactual,1,False
playlist,1,True
arnaab,1,False
nearby,1,True
bangladexhi,1,False
improving,1,True
kilometres,1,True
goodness,1,True
beacause,1,False
harshly,1,False
ong,1,False
terarist,1,False
motivate,1,True
hav,1,False
contury,1,False
warmongers,1,False
peacebuilders,1,False
conflict—the,1,False
sugardaddy,1,False
pakisan,1,False
wrongdoer,1,False
thorth,1,False
seasfire,1,False
sooooo,1,False
thrive—and,1,False
decadesold,1,False
tourism,1,True
doors,1,True
superpowers,1,False
shorts,1,True
acceptble,1,False
extrimist,1,False
mahatma,1,False
concealed,1,True
propagandadriven,1,False
decay,1,True
insensitivity,1,False
that’snot,1,False
fifthgeneration,1,False
thirdgeneration,1,False
downed—be,1,False
dismiss,1,True
why…,1,False
here…,1,False
khan…,1,False
rifel,1,False
shining,1,True
flat,1,True
bcuz,1,False
gesture,1,True
riflesis,1,False
deadwhere,1,False
photosis,1,False
broaden,1,False
narcisstic,1,False
azaad,1,False
mesmerizes,1,False
prospoer,1,False
conutries,1,False
institute,1,True
murshibad,1,False
infamous,1,True
meters,1,True
subscribs,1,False
tilting,1,False
saif,1,False
hashmi,1,False
attentions,1,False
emraan,1,False
responsibilityand,1,False
sovergnity,1,False
geolocated,1,False
ahave,1,False
frenchmanufactured,1,False
purportedly,1,False
authenticated,1,True
prejudices,1,False
earns,1,True
cooperated,1,False
nds,1,False
takeover,1,True
hilarious,1,True
familykeep,1,False
outburst,1,False
intimidated,1,False
remorse,1,False
taxpayers,1,True
detestatiion,1,False
roaming,1,True
terrorsts”,1,False
“dangerous,1,False
“antiterrorst,1,False
hungry,1,True
hell”,1,False
“pakistan,1,False
serreh,1,False
chap,1,True
madrasa,1,False
distractions,1,False
discipline,1,True
grouplike,1,False
rathree,1,False
definetly,1,False
intelectual,1,False
paksitanis,1,False
affiliation,1,True
bhagesbar,1,False
hippocrate,1,False
sardar,1,False
parween,1,False
saidwhen,1,False
bluntly,1,False
gaad,1,False
wholl,1,False
cevelien,1,False
trearty,1,False
mukherjee,1,False
indiafrom,1,False
elsea,1,False
powerso,1,False
utilising,1,False
stakeholders,1,True
halfcooked,1,False
researchbased,1,False
firings,1,False
trial,1,True
maiden,1,True
solidary,1,False
salled,1,False
gust,1,False
prostitute,1,False
idc,1,True
rigged,1,False
disingenuous,1,False
attend,1,True
corropted,1,False
otherpowers,1,False
condmem,1,False
anser,1,False
poision,1,False
discontinued,1,True
baisedness,1,False
yourselfthese,1,False
heed,1,False
rebutted,1,False
teer,1,False
depicting,1,False
contacts,1,True
negletcing,1,False
brotheri,1,False
surroundings,1,True
gutts,1,False
govern,1,True
scripts,1,True
browsers,1,True
smarty,1,False
sudy,1,False
accrued,1,True
objected,1,False
diminish,1,False
counterproofs,1,False
injected,1,True
mafias,1,False
hardworking,1,False
yesterdays,1,False
hippocracy,1,False
invoking,1,False
reduces,1,True
durruf,1,False
asf,1,True
mandate,1,True
gambled,1,False
singing,1,True
figther,1,False
nail,1,True
thumb,1,True
hackers,1,True
refusing,1,True
kaveri,1,False
militiamen,1,False
pheku,1,False
religin,1,False
mediaintelligence,1,False
evidance,1,False
beats,1,True
millons,1,False
rates,1,True
implementation,1,True
appolizing,1,False
sone,1,False
antisikh,1,False
assassination,1,True
afterward,1,False
anniversary,1,True
theirif,1,False
batchmate,1,False
personalis,1,False
“what,1,False
specify,1,True
pount,1,False
poiny,1,False
youtbers,1,False
questiom,1,False
pace,1,True
skillfully,1,False
eork,1,False
jurnolist,1,False
yadau,1,False
pakistanisbangladeshis,1,False
textile,1,True
fallowing,1,False
kora,1,False
atheism,1,False
airfight,1,False
pan,1,True
doghla,1,False
important”,1,False
“why,1,False
passing,1,True
unbelieving,1,False
indiado,1,False
flamesonly,1,False
countriesif,1,False
threaten,1,True
begs,1,False
mask,1,True
“evidence”,1,False
down”,1,False
that–not,1,False
pahlgaam,1,False
screamed,1,False
guswami,1,False
proofing,1,False
toobecause,1,False
kalbusahn,1,False
meticulously,1,False
interrogation,1,False
educates,1,False
kistwar,1,False
layoffs,1,False
nov,1,True
woooow,1,False
bullet,1,True
interviewed,1,True
terisiom,1,False
venture,1,True
asims,1,False
akistan,1,False
compile,1,True
nameshe,1,False
juggling,1,False
puzzled,1,False
believable,1,False
casual,1,True
negligence,1,True
baharia,1,False
plot,1,True
imortant,1,False
stationed,1,False
birder,1,False
happing,1,False
complicit,1,False
everthing,1,False
materialistic,1,False
privilege,1,True
chooses,1,True
firstworld,1,False
infian,1,False
gathering,1,True
undia,1,False
blok,1,False
helicopter,1,True
stfu,1,False
sympathiser,1,False
termed,1,True
bharway,1,False
fuckd,1,False
sspeak,1,False
bhaktgodhi,1,False
discovered,1,True
worad,1,False
martyrsthis,1,False
supprorts,1,False
pacify,1,False
manmade,1,False
mony,1,False
gobarbhakt,1,False
lions,1,True
profession,1,True
tha,1,True
marege,1,False
hanged,1,False
handiwork,1,False
bhagwa,1,False
endians,1,False
downedbut,1,False
buyer,1,True
seller,1,True
overtaken,1,False
kuraishi,1,False
trfi,1,False
offerred,1,False
isterrorist,1,False
older,1,True
pawan,1,False
defn,1,False
nahh,1,False
hires,1,True
hight,1,False
lancture,1,False
agrees,1,True
labels,1,True
whixh,1,False
ouf,1,False
binyaan,1,False
knowsif,1,False
whitewash,1,False
file…,1,False
lucid,1,False
awsm,1,False
rafle,1,False
wraich,1,False
extortionist,1,False
orchhetd,1,False
smoke,1,True
drug,1,True
blackmlaing,1,False
deference,1,False
bhikariatan,1,False
balochistam,1,False
yelling,1,False
heheh,1,False
tempo,1,True
confessing,1,False
byt,1,False
deligation,1,False
iiok,1,False
dwelling,1,True
lov,1,False
dozens,1,True
plzzzzbecause,1,False
lapdog,1,False
opponents,1,True
gandi,1,False
mfr,1,True
ageda,1,False
worksthey,1,False
pelham,1,False
minutesnot,1,False
druvu,1,False
detrimental,1,False
funde,1,False
aggre,1,False
detaining,1,False
credibilitymaybe,1,False
counters,1,True
delebrately,1,False
dhrave,1,False
palestinian,1,True
famouse,1,False
magzine,1,False
reuter,1,False
stupidities,1,False
domiciles,1,False
issuing,1,True
density,1,True
merger,1,True
rafhel,1,False
chingakham,1,False
ramsoo,1,False
sho,1,False
painthal,1,False
skills,1,True
primarily,1,True
irritated,1,False
begining,1,False
y’all,1,False
flies,1,True
pehalgamdid,1,False
representatives,1,True
garrison,1,True
brothertrf,1,False
symptoms,1,True
aspirations,1,True
tribals,1,False
repel,1,False
applied,1,True
overview,1,True
bengals,1,False
pigeon,1,True
selectivity,1,False
tnx,1,False
paghalam,1,False
“ghadar,1,False
gajvae,1,False
gouswami,1,False
showcasing,1,False
fain,1,False
whomped,1,False
logistics,1,True
headquarters,1,True
india–pakistan,1,False
taiwanchina,1,False
slaughter,1,True
harddhruv,1,False
nytimes,1,False
terrarest,1,False
liarand,1,False
imquiry,1,False
teeth,1,True
countryeven,1,False
solidarity,1,True
nucleararmed,1,False
restraint,1,True
monitored,1,True
interventions,1,True
deescalation,1,False
mediators,1,False
brokered,1,False
acknowledgment,1,False
marking,1,True
weeping,1,False
blochitan,1,False
saing,1,False
trustly,1,False
reuploaded,1,False
bankura,1,False
sanatani,1,False
secularand,1,False
hindussikhjainschristian,1,False
radicalized,1,False
cockroches,1,False
mazabi,1,False
begin,1,True
dialogues,1,False
showcased,1,False
dyshmany,1,False
‘hiccups’,1,False
congress’s,1,False
manages,1,True
tread,1,True
videothat,1,False
glorious,1,True
bailed,1,False
circulated,1,True
reasoning,1,True
allahabadia,1,False
illuminati,1,False
appeasement,1,False
percnet,1,False
stoppping,1,False
yup,1,True
tipu,1,False
rule—a,1,False
maurya,1,False
chola,1,False
ngl,1,False
cretisize,1,False
rathhe,1,False
fallow,1,False
enmities,1,False
eus,1,False
framework,1,True
establishing,1,True
lifting,1,True
zerosum,1,False
multan,1,False
bskde,1,False
shiva,1,False
khua,1,False
phahtun,1,False
khyber,1,False
dance,1,True
liberate,1,False
compromise,1,True
intractable,1,False
granting,1,True
unconventional,1,False
egodriven,1,False
thth,1,False
rescue,1,True
himanahi,1,False
dhruvspend,1,False
abhinandam,1,False
linching,1,False
indianam,1,False
reasonwithout,1,False
prompting,1,False
concurred,1,False
beleave,1,False
strips,1,True
buildings,1,True
nonsensical,1,False
zayad,1,False
unoperate,1,False
crown,1,True
palistan,1,False
instigated,1,False
nickson,1,False
robert,1,True
weakest,1,False
expresses,1,True
scrisly,1,False
standpoint,1,True
roasting,1,False
regretted,1,False
permissible,1,True
kufr,1,False
nitishs,1,False
pakbut,1,False
extrimists,1,False
punish,1,True
scattered,1,True
scary,1,True
coumtry,1,False
expectedy,1,False
sorrowfuli,1,False
culpritsif,1,False
durrono,1,False
chotia,1,False
digesting,1,False
counteroffensive,1,False
brtween,1,False
hijac,1,False
“there’s,1,False
media—they,1,False
mangal’s,1,False
increasingly,1,True
pakistanbacked,1,False
en,1,True
plastictea,1,False
kattars,1,False
forefathers,1,False
dhruvuddeen,1,False
recaps,1,False
repeatative,1,False
reacpe,1,False
hidding,1,False
wellregarded,1,False
complexity,1,True
history—the,1,False
sciences—especially,1,False
wonderfully,1,True
acumen,1,False
onki,1,False
taki,1,False
dome,1,True
aslo,1,False
stupidand,1,False
licence,1,True
forgiven,1,False
uninform,1,False
terrr,1,False
offensive,1,True
rimc,1,False
raw…,1,False
triumphs,1,False
daylight—,1,False
shadows,1,True
plotting,1,True
pradan,1,False
becos,1,False
ooo,1,True
khole,1,False
poll,1,True
pustoon,1,False
rife,1,False
bullets,1,True
trere,1,False
voteraising,1,False
quarters,1,True
demolish,1,False
fatah,1,False
countryreligion,1,False
treacherous,1,False
yadhev,1,False
media’s,1,False
brahmose,1,False
broadcast,1,True
fresh,1,True
license,1,True
fluctuated,1,False
abeyance,1,False
pathancot,1,False
ajjtak,1,False
abp,1,False
dharu,1,False
terreroists,1,False
symphaty,1,False
clearlly,1,False
slave,1,True
noth,1,False
“shake”,1,False
guessing,1,True
battery,1,True
anymorereality,1,False
analytical,1,True
seaport,1,False
entre,1,True
armynow,1,False
noncredible,1,False
hinduphobic,1,False
misrepresenting,1,False
diplomacy,1,True
misinfo,1,False
brothered,1,False
“goliaths,1,False
“davids”,1,False
insignificant,1,False
fuller,1,True
clouding,1,False
scope,1,True
educatuon,1,False
reponsible,1,False
teriosts,1,False
neindia,1,False
thereatened,1,False
flashes,1,True
hereeee,1,False
thaxx,1,False
bunyad,1,False
norm,1,True
relegion,1,False
indiando,1,False
indiayou,1,False
disturbance,1,True
wantsi,1,False
thisindian,1,False
emette,1,False
threeyearold,1,False
musa,1,False
umar,1,False
kausar,1,False
misbah,1,False
needlessly,1,False
escalates,1,False
norms,1,True
governmentarmy,1,False
propogated,1,False
negligible,1,True
cognizance,1,False
neverending,1,False
bleed,1,True
everyones,1,False
viruses,1,True
fruitful,1,False
bhaiyas,1,False
ix,1,True
jagannath,1,False
lord,1,True
puri,1,False
viwers,1,False
irl,1,False
gud,1,False
teaches,1,True
evilthey,1,False
assault,1,True
children—lost,1,False
lives—mothers,1,False
worshippers,1,False
subhan,1,False
gk,1,True
vvm,1,False
igko,1,False
nsso,1,False
isso,1,False
narrating,1,False
wartime,1,False
towns,1,True
kupwara,1,False
uturing,1,False
satti,1,False
intact,1,True
avail,1,True
hammered,1,False
facilitate,1,True
olympiads,1,False
distancehave,1,False
midnight,1,True
lage,1,False
distinguished,1,True
clownshow,1,False
laymen,1,False
packed,1,True
ehat,1,False
miracle,1,True
govenment,1,False
drawing,1,True
rallied,1,False
inadvertently,1,False
peshawarkarachilahore,1,False
failled,1,False
froce,1,False
story—what,1,False
reactions,1,True
ecplain,1,False
aannd,1,False
peddling,1,False
founding,1,True
interplay,1,False
peoplem,1,False
unbiasedand,1,False
orphan,1,True
commerce,1,True
taina,1,False
lasker,1,False
faso”,1,False
“burkina,1,False
disagreement,1,True
spereading,1,False
backbencher,1,False
circling,1,False
reputate,1,False
bust,1,True
electing,1,False
rulled,1,False
bechari,1,False
vivid,1,True
terrirest,1,False
afghanistanis,1,False
hyprocrite,1,False
medeia,1,False
shapes,1,True
adviser,1,True
unveiled,1,True
heaps,1,False
lowering,1,True
biasses,1,False
civilize,1,False
mobilize,1,False
lop,1,False
shareef,1,False
pehalgaam,1,False
hobbies,1,True
bureaucracy,1,True
robbing,1,False
wingers,1,False
gunned,1,False
jetts,1,False
grovement,1,False
gooodi,1,False
bhosdika,1,False
browe,1,False
whome,1,False
afghanistani,1,False
we’ll,1,False
decoding,1,True
echoes,1,True
roar,1,False
twitterx,1,False
nationalinternal,1,False
bhais,1,False
virathi,1,False
attentic,1,False
scummy,1,False
wand,1,True
dehumanising,1,False
singled,1,True
reserved,1,True
vigorously,1,False
unfairly,1,False
proscribed,1,False
dr’s,1,False
ambassador,1,True
kapoor,1,False
kareena,1,False
porche,1,False
design,1,True
meticulous,1,False
catalyzed,1,False
expresssing,1,False
waterthe,1,False
waterthen,1,False
hatful,1,False
spencer,1,True
john,1,True
cooper,1,True
tom,1,True
upended,1,False
quo,1,True
clearheaded,1,False
washingtonpost,1,False
imagery,1,True
nyt,1,True
rw,1,True
“proof,1,False
reposted,1,False
minimize,1,True
blameless,1,False
schizophrenia,1,True
infer,1,False
wreckge,1,False
khuraishi,1,False
lowered,1,True
despise,1,False
deceit,1,False
specializes,1,True
instance,1,True
disheartening,1,False
misrepresentation,1,False
profound,1,True
hhahahahahaha,1,False
riddle,1,True
zinada,1,False
martum,1,False
terrorim,1,False
kulbhashan,1,False
thumbnails,1,True
rightsyou,1,False
horrifying,1,False
trademutual,1,False
interaction,1,True
emran,1,False
questionhow,1,False
seperatist,1,False
partys,1,False
resignation,1,True
tlibros,1,False
isrhell,1,False
username,1,True
subcribers,1,False
franch,1,False
aboard,1,True
phelgeraam,1,False
rathey,1,False
palistane,1,False
wight,1,True
accommodated,1,False
itinerary,1,True
longing,1,False
earth’s,1,False
titan,1,True
hipocrisy,1,False
sultan,1,False
harrish,1,False
sadness,1,True
matched,1,True
monkeys,1,True
grmny,1,False
trumpet,1,True
dhruu,1,False
wo,1,True
assembly,1,True
baselesswatch,1,False
mediate,1,False
youtubersplz,1,False
followings,1,False
impression,1,True
ahh,1,False
refueling,1,False
bhaisuch,1,False
sayswe,1,False
unsafe,1,True
visitors,1,True
citiescivilians,1,False
rafeil,1,False
humiliating,1,False
likewise,1,True
dahrav,1,False
susupension,1,False
ameen,1,False
sorted,1,True
admissible,1,False
majors,1,True
fostering,1,True
journalism—its,1,False
cherrypicking,1,False
vpnwe,1,False
understandyour,1,False
postmodernist,1,False
notorous,1,False
humane,1,True
antigovernment,1,False
factchecker,1,False
againdhurav,1,False
discrediting,1,False
analys,1,False
answar,1,False
phrase,1,True
eliminating,1,True
wwll,1,False
admires,1,False
yatra,1,False
amarnath,1,False
fraudulent,1,True
connecting,1,True
electorate,1,False
male,1,True
oct,1,True
hawal,1,False
protesters,1,True
patrolling,1,False
mar,1,True
tengpora,1,False
zakoora,1,False
gawakadal,1,False
caption,1,True
disruption,1,True
experiment,1,True
ponka,1,False
dictatorial,1,False
unfaired,1,False
locate,1,True
sincerest,1,False
dmh,1,False
insurgents,1,False
sway,1,False
oversimplify,1,False
wellproduced,1,False
counterpoints,1,False
wahga,1,False
disha,1,False
khusboo,1,False
clicked,1,True
atack,1,False
gree,1,False
thinktanks,1,False
dated,1,True
partation,1,False
terriorïsm,1,False
aksai,1,False
polarizing,1,False
undermining,1,False
condescending,1,False
hmi,1,False
inagesai,1,False
gameplays,1,False
hereif,1,False
ost,1,False
jihadis,1,False
consignment,1,False
channel…,1,False
technicle,1,False
truthrevealing,1,False
“no,1,False
mongers,1,False
everycountry,1,False
bastu,1,False
bullsheeting,1,False
tens,1,True
lossesas,1,False
predicting,1,True
jury,1,True
speculations,1,False
seized,1,True
siege,1,True
years—a,1,False
and—honestly—something,1,False
experiences—things,1,False
impressing,1,False
gullible,1,False
voters,1,True
tunneling,1,False
redirecting,1,False
abrogated,1,False
educationally,1,False
satisfiedwhen,1,False
youwhat,1,False
sindoormake,1,False
honestmake,1,False
demonized,1,False
aide,1,True
halt,1,True
suppressing,1,False
troubling,1,False
muktibahini,1,False
makar,1,False
preemptive,1,False
seal,1,True
espacially,1,False
programmer,1,True
crosscheck,1,False
wellsourced,1,False
evaluating,1,True
excerpts,1,True
liners,1,True
rebuttals,1,False
gundy,1,False
defacing,1,False
wipping,1,False
befor,1,False
effect—some,1,False
snowball,1,False
dives,1,False
models,1,True
function,1,True
wrongdoing,1,False
buldozers,1,False
pakistanfight,1,False
kiddos,1,False
googlemaps,1,False
projectile,1,False
marginalized,1,False
system—specifically,1,False
nehro,1,False
victoria,1,True
originally,1,True
known—it,1,False
nationthats,1,False
tabled,1,False
fifty,1,True
nogo,1,False
particularturn,1,False
indiacreate,1,False
cute,1,True
borderhow,1,False
vibrant,1,True
prerequisite,1,True
suffer—just,1,False
misrepresented—when,1,False
allahu,1,False
behave”,1,False
“look,1,False
destiny,1,True
compel,1,False
armchair,1,False
lounged,1,False
koum,1,False
bavjud,1,False
uske,1,False
therkistan,1,False
bijlii,1,False
drenched,1,False
not—just,1,False
hay,1,True
fanaticism,1,False
osome,1,False
bahamaputra,1,False
pelhama,1,False
steadfast,1,False
celebritiesinfluencers,1,False
superstars,1,False
nowdays,1,False
gous,1,False
nupur,1,False
fatwa,1,False
committing,1,True
depiction,1,False
ranting,1,False
rhi,1,False
atarted,1,False
pehgam,1,False
beacuse,1,False
disentegrated,1,False
barrage,1,False
operatives,1,False
destablise,1,False
untilindia,1,False
extremismwhat,1,False
islamnow,1,False
hinduttvathat,1,False
foolwhen,1,False
audiance,1,False
idian,1,False
silenced,1,False
trrorists,1,False
pashten,1,False
manzur,1,False
warricah,1,False
shallowness,1,False
ripple,1,False
habitual,1,False
rost,1,False
qouting,1,False
pooopjeets,1,False
lollipops,1,False
uploadsuggesting,1,False
duplicate,1,True
afghans,1,False
downplayed,1,False
bollywoodstyle,1,False
voicing,1,False
polution,1,False
palagam,1,False
hassan,1,False
wet,1,True
pant,1,True
clout,1,False
religiondhrue,1,False
theoryhindus,1,False
casts,1,True
duhrav,1,False
officialy,1,False
dhireindra,1,False
silently,1,True
du‘a,1,False
testimony,1,True
stagnant,1,False
mediado,1,False
admirer,1,False
swimming,1,True
vein,1,True
jugular,1,False
russians,1,True
putin,1,True
ferriss,1,False
timothy,1,True
workweek,1,False
typa,1,False
sp,1,True
bound,1,True
countries’,1,False
scandals,1,False
gaps,1,True
pointbypoint,1,False
leans,1,False
apr,1,True
slander,1,False
chaser,1,True
deliberate,1,True
omission,1,True
equation—and,1,False
counteroperation,1,False
echoed,1,False
elderly,1,True
fatalities,1,False
spaces,1,True
escalations,1,False
irresponsible—it’s,1,False
minors,1,True
elimination,1,True
welltracked,1,False
forensic,1,True
intercepts,1,False
tangible,1,True
incidentstopic,1,False
sweetly,1,False
pakusyan,1,False
kidnapping,1,False
resignations”,1,False
“pakistani,1,False
raped”,1,False
“imran,1,False
troop,1,True
convey,1,True
fanatical,1,False
competition,1,True
coded,1,True
pilotes,1,False
outsiders,1,False
fataf,1,False
greate,1,False
pregnant,1,True
screwed,1,True
hardened,1,False
familiar,1,True
pichwadasthan,1,False
solutionwe,1,False
burying,1,False
unraveling,1,False
patchwork,1,False
assumed,1,True
soundbites,1,False
forensics,1,False
‘fact’,1,False
pcos,1,True
pcod,1,False
idot,1,False
dhruvit,1,False
collaborated,1,False
bu,1,True
severly,1,False
one’s,1,False
one………,1,False
motherboard,1,True
counting,1,True
scratching,1,False
baharat,1,False
pilate,1,False
khalistanis,1,False
kin,1,True
networks,1,True
academics,1,True
khandava,1,False
basless,1,False
sunny,1,True
sun,1,True
shines,1,True
civiliands,1,False
mail,1,True
brahmanism,1,False
earliest,1,True
october,1,True
shashti,1,False
succeed,1,True
leone,1,True
exeggaration,1,False
mallaya,1,False
vijaya,1,False
demonize,1,False
oscar,1,True
spielberg,1,False
claimers,1,False
wakeup,1,False
mayor,1,True
mansooralikhan,1,False
dose,1,True
thrilling,1,False
flopped,1,False
momentous,1,False
vijaynagar,1,False
upsetting,1,False
isolation,1,True
nirbhiya,1,False
gangrape,1,False
tide,1,True
unconstitutional,1,False
doraemon,1,False
mankeep,1,False
disgraces,1,False
awarding,1,False
volume,1,True
batinda,1,False
noti,1,False
agreez,1,False
worrying,1,True
judicious,1,False
apt,1,True
motivation,1,True
business…,1,False
money…,1,False
friendliness,1,False
contribute,1,True
foreseeable,1,False
qr,1,True
paytm,1,False
matyred,1,False
hippocratic,1,False
restaurants,1,True
inclusion,1,True
bangladesh—a,1,False
escalating,1,False
grievous,1,False
corners,1,True
darkest,1,False
conviction,1,True
plagued,1,False
structures,1,True
permitted,1,True
aided,1,True
masked,1,False
ethnoreligious,1,False
slowburning,1,False
incidents—it,1,False
shariah,1,False
pluralistic,1,False
unambiguous,1,False
“purification”,1,False
rigid,1,True
impunity,1,False
desecrated,1,False
uptick,1,False
absolutism,1,False
peacepromoting,1,False
das,1,True
krishna,1,True
meansomg,1,False
minta,1,False
wsted,1,False
nvm,1,False
fore,1,True
hehehe,1,False
paryers,1,False
forcesthe,1,False
mutualism,1,False
dhrur,1,False
mindfully,1,False
garson,1,False
wrongful,1,True
traction,1,True
repackaged,1,False
ageold,1,False
conspiracy—an,1,False
conflates,1,False
spun,1,True
dared,1,False
sow,1,False
authoritarian,1,False
weaponized,1,False
slanderous,1,False
slightest,1,False
plant”,1,False
“indian,1,False
vague,1,True
incarcerated,1,False
convenience,1,True
crisis—it,1,False
sociopolitical,1,False
pakista,1,False
senseble,1,False
milatry,1,False
paksitans,1,False
disappeared,1,True
jeys,1,False
blend,1,True
tmes,1,False
singlefaith,1,False
reengineer,1,False
republicstyle,1,False
frenzy—fueling,1,False
branding,1,True
scales,1,True
unaffordable,1,False
reset,1,True
cycles,1,True
marginal,1,True
quantities,1,True
extracting,1,True
interestingbut,1,False
sliver,1,False
mention—whatever,1,False
journalism—to,1,False
ask—not,1,False
transcends,1,False
cultivated,1,True
complicit—not,1,False
ethical,1,True
۔۔۔۔,1,False
papper,1,False
yoh,1,False
trroist,1,False
bikharis,1,False
clownish,1,False
crowned,1,False
refeel,1,False
gernals,1,False
bravest,1,False
funfact,1,False
clik,1,False
bed,1,True
shaeeds,1,False
brinkmanship,1,False
modernized,1,False
seed,1,True
faces—such,1,False
hifi,1,True
cnic,1,False
mulana,1,False
untimely,1,False
selects,1,True
brobecause,1,False
atlast,1,False
hundism,1,False
arrange,1,True
mullahs,1,False
councils,1,True
everday,1,False
ofmuslim,1,False
zindabaad,1,False
massage,1,True
truelly,1,False
lolxxx,1,False
dads,1,True
contradiction,1,True
foreignsponsored,1,False
sales,1,True
benefiting,1,False
palkie,1,False
gifted,1,True
grains,1,True
vegetables,1,True
fruits,1,True
nutrition,1,True
disadvantages,1,True
advantages,1,True
moosad,1,False
saudis,1,False
disappointingu,1,False
lindians,1,False
methose,1,False
countrt,1,False
slogan,1,True
hitted,1,False
fences,1,True
too—without,1,False
battleground,1,False
land—to,1,False
identity—our,1,False
us—what,1,False
sponsered,1,False
shabash,1,False
responsibles,1,False
reseason,1,False
defy,1,False
chasing,1,True
jaat,1,False
padha,1,False
pakstani,1,False
arabs,1,True
kalbhosban,1,False
waoooo,1,False
strengthens,1,False
truth—it,1,False
kaum,1,False
baigarat,1,False
satisfying,1,True
twitts,1,False
baffled,1,False
idols,1,False
pleasure,1,True
demonic,1,False
opener,1,True
progres,1,False
comon,1,False
khanwul,1,False
diesnt,1,False
holder,1,True
seat,1,True
cmnt,1,False
mallsmilk,1,False
andbhakti,1,False
input,1,True
hr,1,True
intel,1,True
subtle,1,True
might’ve,1,False
setbacks,1,False
clickbait,1,False
chulha,1,False
dehumanize,1,False
cunning,1,False
heart—that,1,False
say—deep,1,False
domains,1,True
grappling,1,False
recognise,1,True
unknowingly,1,False
shaped—and,1,False
honour,1,True
peacefullyand,1,False
helplessness,1,False
alfatiha,1,False
joyboy,1,False
statecontrolled,1,False
derander,1,False
atombomb,1,False
spilling,1,False
pakisthanis,1,False
stary,1,False
amimal,1,False
append,1,True
booom,1,False
questions—not,1,False
pakistan—lives,1,False
haste,1,False
moni,1,False
jai,1,False
petriotism,1,False
appretitate,1,False
minding,1,False
encounter,1,True
devlopment,1,False
elect,1,True
lacs,1,False
chake,1,False
routers,1,True
abusive,1,True
withstanding,1,False
sirbcoz,1,False
pakistandhrue,1,False
smuggling,1,False
hamburg,1,True
hs,1,True
labelled,1,True
militarily,1,False
airtoair,1,False
warehouse,1,True
photos—a,1,False
craftsmanship,1,False
downplay,1,False
lows,1,True
succumbed,1,False
extended,1,True
tupac,1,False
surrendered,1,False
ukrainians,1,False
ful,1,False
dig,1,True
bbcization,1,False
decade,1,True
engulfing,1,False
quantify,1,False
rationpati,1,False
indected,1,False
sickness,1,True
bragged,1,False
complicated,1,True
kulboshen,1,False
incured,1,False
ness,1,True
spiral,1,True
sloggan,1,False
magdeburg,1,False
persuade,1,True
kharge,1,False
israel”,1,False
“supporting,1,False
compelling,1,True
wove,1,False
civillans,1,False
fortunate,1,True
samjhauta,1,False
disagrees,1,False
sides’,1,False
releases,1,True
cites,1,True
relies,1,True
lean…,1,False
ground…always,1,False
capability,1,True
jeopardise,1,False
wht,1,False
herpes,1,True
rationally,1,False
opium,1,False
stuffs,1,False
nonsesne,1,False
provoked,1,False
rush,1,True
“foiled”,1,False
noncombatants,1,False
endangering,1,False
irteza,1,False
airfields,1,False
almarsus,1,False
hoors,1,False
banarjee,1,False
whores,1,True
shaikhs,1,False
saudiz,1,False
popet,1,False
fills,1,True
terririorism,1,False
devol,1,False
reluctantly,1,False
whispers,1,False
uniformed,1,False
denials,1,False
dahiya,1,False
vijeta,1,False
kicks,1,True
issu,1,False
criticises,1,False
vowed,1,False
harbour,1,True
indiansponsored,1,False
pahlavi,1,False
custedi,1,False
lean,1,True
testing,1,True
volunteer,1,True
perceives,1,False
elevated,1,True
infrastructural,1,False
ammunition,1,True
desalt,1,False
auditors,1,True
kedi,1,False
canected,1,False
people’,1,False
albeit,1,True
cents,1,True
jadev,1,False
boz,1,False
dedicated,1,True
intervened,1,False
salut,1,False
phoj,1,False
basen,1,False
ajk,1,False
indicators,1,True
terminate,1,True
technologically,1,False
copies,1,True
desist,1,False
occasions,1,True
oppresions,1,False
millitry,1,False
completly,1,False
rheotic,1,False
‘personal’,1,False
guide,1,True
menace,1,True
sounded,1,True
actions—its,1,False
balochs,1,False
pashtuns,1,False
splits,1,True
moaning,1,False
nonoperational,1,False
shaikh,1,False
behaves,1,False
lile,1,False
provience,1,False
flame,1,True
deutschland,1,True
luxury,1,True
meditating,1,False
bits,1,True
nestled,1,False
baghairat,1,False
manhotra,1,False
rapidly,1,True
selfaggrandazing,1,False
uploads,1,True
rowdy,1,False
reve,1,False
parisha,1,False
evicting,1,False
teh,1,True
hitech,1,False
colors,1,True
democritus,1,False
rewarding,1,True
ftf,1,False
roa,1,False
forgete,1,False
visits,1,True
unused,1,True
departing,1,True
arriving,1,True
rewatch,1,False
otherside,1,False
truthseeker,1,False
parading,1,False
machines,1,True
bleeds,1,False
obsessive,1,False
hunderds,1,False
registration,1,True
politicial,1,False
standarless,1,False
judicial,1,True
bahawlpur,1,False
misused,1,False
foolproof,1,False
survival,1,True
alivewe,1,False
influencing,1,True
provocation,1,False
contributes,1,True
charged,1,True
eminent,1,True
daishbhagat,1,False
visite,1,False
footstep,1,False
disloyal,1,False
coulndt,1,False
refeal,1,False
rafeals,1,False
shadow,1,True
reallity,1,False
beleieve,1,False
drinker,1,False
pee,1,True
diffrence,1,False
instalation,1,False
lest,1,True
subversive,1,False
espionage,1,False
sellouts,1,False
critiquing,1,False
submissive,1,False
existance,1,False
ajerbaijan,1,False
tariffs,1,True
marry,1,True
banerjee,1,False
faked,1,False
initiate,1,True
construct,1,True
successfuly,1,False
analysist,1,False
khow,1,False
critizing,1,False
billions,1,True
distruction,1,False
elsecivillian,1,False
gazaisraelrussiaukraineindiapakistan,1,False
succesfully,1,False
redirect,1,True
originating,1,True
terminology,1,True
“wrong,1,False
mobs,1,False
hindia,1,False
humbleness,1,False
toooo,1,False
prework,1,False
journalistyou,1,False
iike,1,False
cheese,1,True
tale,1,True
kalboshen,1,False
legislation,1,True
hesitation,1,False
yao,1,False
unbias,1,False
subramanism,1,False
chinapakistan,1,False
estimated,1,True
atankees,1,False
ventilators,1,False
deshbhakth,1,False
shakhs,1,False
strikeoperation,1,False
literal,1,True
casulities,1,False
civilllian,1,False
imoindia,1,False
hindutava,1,False
cherished,1,False
iota,1,False
ascendency,1,False
hajar,1,False
dari,1,False
jima,1,False
junglee,1,False
movements,1,True
listout,1,False
warlagay,1,False
budgets,1,True
futile,1,False
fo,1,True
saaaar,1,False
rafflesalso,1,False
pilitation,1,False
armmy,1,False
disguised,1,False
molded,1,True
frustrating,1,True
finallymost,1,False
adopted,1,True
filthy,1,True
succeeding,1,True
sperate,1,False
rohinga,1,False
workbut,1,False
flaunting,1,False
westernnd,1,False
onlyusa,1,False
kinldy,1,False
terroists,1,False
expressive,1,True
sourcing,1,True
stretching,1,True
indvspak,1,False
yourselfand,1,False
rummy,1,False
ignite,1,False
decisionmaking,1,False
academic,1,True
motherfuker,1,False
segment,1,True
ghatia,1,False
reformed,1,True
nomore,1,False
sarender,1,False
travelled,1,True
sellout,1,False
gcc,1,True
promising,1,True
flavour,1,True
videodruv,1,False
andbhakts,1,False
substancesunfortunately,1,False
biasedwe,1,False
clearlt,1,False
gst,1,True
communitys,1,False
inlogical,1,False
manupulater,1,False
brotherwhy,1,False
gray,1,True
unaddressed,1,False
arme,1,False
dearest,1,False
salray,1,False
arnuchal,1,False
neck,1,True
gunman,1,False
pappus,1,False
nehrus,1,False
iaf’s,1,False
newslaundary,1,False
politition,1,False
lagging,1,False
dogra,1,False
mixed,1,True
marsous,1,False
cult,1,True
delusionalthis,1,False
peacebut,1,False
correcting,1,True
anythingwe,1,False
understandingnot,1,False
clumsinesswe,1,False
balouchistantamil,1,False
enrolment,1,True
thatbecause,1,False
sidooor,1,False
informationjust,1,False
vengeance,1,True
kashmire,1,False
paat,1,False
pooja,1,False
inaugurated,1,False
fare,1,True
ita,1,True
childrend,1,False
downgraded,1,False
dhruvagain,1,False
indhira,1,False
war—truth,1,False
fairness—not,1,False
intelligently,1,False
milliatery,1,False
puhalgam,1,False
gundas,1,False
siddiqua,1,False
nic,1,True
confidnece,1,False
possiblities,1,False
remaks,1,False
concluding,1,True
falsflage,1,False
brindra,1,False
bahani,1,False
taigers,1,False
jowesh,1,False
nationalis,1,False
opt,1,True
fearlessness,1,False
filtering,1,True
independantly,1,False
rainy,1,True
bass,1,True
resides,1,True
unison,1,False
piousness,1,False
piety,1,False
tindhoor,1,False
terrific,1,True
how’s,1,False
liar—and,1,False
out—so,1,False
muzamill,1,False
morgan,1,True
spiting,1,False
drdl,1,False
laboratory,1,True
guidance,1,True
igmdp,1,False
overseeing,1,False
instrumental,1,True
overnight,1,True
sympathies,1,False
alots,1,False
eligations,1,False
spilts,1,False
moodhi,1,False
corn,1,True
thung,1,False
dooming,1,False
nris,1,False
accounting,1,True
neglected,1,True
prrove,1,False
yappping,1,False
panjeet,1,False
taunts,1,False
personal—this,1,False
screenshots,1,True
i’ll,1,False
image…,1,False
crafted,1,True
smiles,1,True
spilt,1,False
provision,1,True
delimiter,1,False
immatured,1,False
needy,1,True
compulsory,1,True
missicles,1,False
minorites,1,False
faysal,1,False
treaties,1,True
worsened,1,False
zionest,1,False
commentry,1,False
compensate,1,True
spectrum,1,True
hahahhshs,1,False
discoragements,1,False
distrust,1,False
lifetime,1,True
prophets,1,True
agencys,1,False
kasouri,1,False
markazi,1,False
avaiation,1,False
rasie,1,False
kmcan,1,False
husbands,1,True
heats,1,False
lifes,1,False
wither,1,False
ghunday,1,False
mesmerized,1,False
koreastyle”,1,False
“north,1,False
coukd,1,False
thouh,1,False
fruit,1,True
attempts,1,True
andor,1,False
premature,1,True
mere,1,True
hall,1,True
khaliqdina,1,False
perilous,1,False
reorganize,1,False
brethren,1,True
dominion,1,True
soecially,1,False
asserts,1,True
junta,1,False
shiehk,1,False
rahem,1,False
justifiable,1,False
magnitude,1,True
balnce,1,False
lillah,1,False
hamdu,1,False
convict,1,False
munitions,1,False
loitering,1,False
swarm”,1,False
shootdowns,1,False
usage,1,True
obscured,1,False
gurve,1,False
elusive,1,False
obliteration,1,False
undertaking,1,True
solemn,1,False
timeline,1,True
topmost,1,False
yts,1,False
channnels,1,False
unled,1,False
leaks,1,True
diseased,1,False
starve,1,False
enables,1,True
crusade,1,True
garb,1,False
faraway,1,False
wìn,1,False
idia,1,False
provuji,1,False
sadhu,1,False
so—because,1,False
else—because,1,False
cherish,1,False
goody,1,False
mannered,1,False
intellent,1,False
temperament,1,False
dhruvaji,1,False
barkha,1,False
ch,1,True
ariya,1,False
factuals,1,False
deshbhagat,1,False
foiled,1,False
cbi,1,False
instructed,1,True
doubled,1,True
clicbait,1,False
dogged,1,False
fking,1,False
jusy,1,False
sobif,1,False
slanted,1,False
migs,1,False
truth—whether,1,False
basin,1,True
speliast,1,False
ignites,1,False
unintentionally,1,False
wolf,1,True
academy,1,True
bhaibwe,1,False
bahalpur,1,False
eerily,1,False
imposing,1,True
residing,1,True
capter,1,False
industrialization,1,False
africans,1,False
asians,1,True
europeans,1,True
malicious,1,True
faceless,1,False
fileds,1,False
bhatenda,1,False
odhampur,1,False
madam,1,True
spokes,1,False
creature,1,True
oneway,1,False
enemosity,1,False
infect,1,True
modisdisease,1,False
loundary,1,False
destroyedwhat,1,False
heydhruvenow,1,False
mirrors,1,True
obsession,1,True
eventhough,1,False
heartfully,1,False
annount,1,False
trflashkre,1,False
intervew,1,False
mindest,1,False
deploying,1,True
fortunately,1,True
credentials,1,True
aewc,1,False
camouflage,1,False
agreee,1,False
somthing,1,False
truthif,1,False
abrupt,1,False
ogw,1,False
bharati,1,False
detroying,1,False
wellbeing,1,False
discern,1,False
reel,1,True
suii,1,False
finals,1,True
ronaldo,1,False
biasedness,1,False
blockage,1,False
informing,1,True
shankars,1,False
miload,1,False
recommendation,1,True
classmates,1,True
bhia,1,False
rethee,1,False
wisest,1,False
fantasise,1,False
rafele,1,False
tk,1,True
maroos,1,False
stsj,1,False
breverity,1,False
raided,1,False
sanitized,1,False
echoing,1,False
harshest,1,False
ironicsomeone,1,False
amusing,1,True
flawless,1,False
budha,1,False
massala,1,False
distracted,1,False
hardway,1,False
khaan,1,False
singling,1,False
portrayal,1,False
oqat,1,False
azrbijan,1,False
contracts,1,True
signing,1,True
operatio,1,False
rationalism,1,False
rakshaks,1,False
contant,1,False
starmer,1,False
keir,1,False
claps,1,False
uplift—on,1,False
vloggers,1,False
selfrespect,1,False
lectures,1,True
pakafghan,1,False
gunfire,1,False
stalls,1,True
minibuses,1,False
overcrowded,1,False
unannounced—ride,1,False
“help,1,False
diffrent,1,False
bum,1,False
kalbhshan,1,False
helpful,1,True
selfu,1,False
divider,1,False
interim,1,True
activated,1,True
demographical,1,False
zones,1,True
dhahria,1,False
motions,1,True
performance,1,True
unarmed,1,False
comfortably,1,True
precise—dozens,1,False
army’s,1,False
denayedbut,1,False
airstrikes,1,False
resourcesnot,1,False
reddit,1,False
whloe,1,False
indai,1,False
securtity,1,False
observers,1,True
bigning,1,False
middel,1,False
evaluate,1,True
disparity,1,False
dgisprs,1,False
tend,1,True
notable,1,True
counterattack,1,False
seasefire,1,False
collapsed,1,True
breakbruhh,1,False
neverpakistan,1,False
steikes,1,False
admin,1,True
culperate,1,False
ask—if,1,False
striking,1,True
palagalm,1,False
theme,1,True
lashkre,1,False
againt,1,False
insaaanguys,1,False
antiindian,1,False
bhadi,1,False
attank,1,False
losses”,1,False
venue,1,True
coziest,1,False
rohityt,1,False
easly,1,False
pinaka,1,False
analytic,1,True
nistish,1,False
dashing,1,False
herself,1,True
taunting,1,False
analysissome,1,False
targettingonly,1,False
confusioncontroversialselectively,1,False
discriminatory,1,True
fakery,1,False
dubble,1,False
worthlessness,1,False
armyindian,1,False
simpler,1,True
home—after,1,False
gloat,1,False
reconcile,1,False
engliah,1,False
chauhan’s,1,False
hackles,1,False
blog,1,True
aristotle,1,True
wrongso,1,False
chemical,1,True
crosschecked,1,False
trades,1,True
pronounciation,1,False
uour,1,False
vwry,1,False
lossing,1,False
chinaturkey,1,False
patterns,1,True
voting,1,True
podcaster,1,False
credential,1,False
barbed,1,False
dealt,1,True
you’d,1,False
them—because,1,False
downindia,1,False
duties,1,True
civilians—keeping,1,False
cynically,1,False
shells,1,True
boast,1,False
scoot,1,False
sandgrouse,1,False
helicopters,1,True
tehsil,1,False
sadiqabad,1,False
rahiame,1,False
gujarati,1,False
monopolys,1,False
book…even,1,False
pakistanese,1,False
sanik,1,False
misail,1,False
drew,1,True
godzilla,1,False
isprs,1,False
chuahan,1,False
gymnastic,1,False
jocker,1,False
entertainer,1,False
scheming,1,False
changed—you’ve,1,False
avdnce,1,False
alcohol,1,True
targetteed,1,False
scrutinising,1,False
mishaps,1,False
unusable,1,False
dates,1,True
cope,1,True
pave,1,False
coexistence,1,False
judgements,1,False
shifting,1,True
production,1,True
remembered,1,True
civilloan,1,False
reglion,1,False
priorties,1,False
overtakes,1,False
officialesonly,1,False
bhaijust,1,False
observing,1,True
bjpian,1,False
disoassiates,1,False
extremities,1,False
ethnic,1,True
intensively,1,False
crossing,1,True
technically,1,True
kry,1,False
esy,1,False
god’,1,False
‘thank,1,False
desh,1,False
chopped,1,True
normalizing,1,False
cod,1,True
gunbased,1,False
sufferings,1,False
thankyoi,1,False
videoagain,1,False
soch,1,False
sangathans,1,False
concentration,1,True
strongernot,1,False
impulsively,1,False
resourceful,1,False
diplomats,1,False
icj,1,False
suffer—on,1,False
raefail,1,False
props,1,True
favorites,1,True
vijender,1,False
pastor,1,True
punjabs,1,False
provinces,1,True
criticisized,1,False
lifestyle,1,True
distinct,1,True
headquarter,1,False
bargade,1,False
bhimber,1,False
hmri,1,False
ww,1,True
skips,1,False
thewhole,1,False
topper,1,False
viewrs,1,False
rathii,1,False
khulbhushan,1,False
ftench,1,False
wreckege,1,False
dvidence,1,False
plantiff,1,False
universal,1,True
statesponsored,1,False
doctrines,1,False
provocative,1,False
engineers,1,True
scientists,1,True
insides,1,False
fields,1,True
engines,1,True
alf,1,False
saturn,1,True
seater,1,False
tellting,1,False
andhvakt,1,False
bandwagon,1,False
jumped,1,True
“pehgam”,1,False
honestythe,1,False
bot,1,True
pakitans,1,False
andbkat,1,False
disappearances,1,False
extrajudicial,1,False
rarhe,1,False
betrays,1,False
lies—it,1,False
‘terrorists’,1,False
cause—you,1,False
kashmir—where,1,False
fighters’,1,False
‘freedom,1,False
ausbuiludng,1,False
hostilitynot,1,False
bhopal,1,False
associates,1,True
equaly,1,False
dhro,1,False
yha,1,False
hmare,1,False
rightist,1,False
pads,1,True
breached,1,False
gamechanger,1,False
we’d,1,False
exceptional,1,True
mushridabad,1,False
reverted,1,True
finance,1,True
speechless,1,False
grant,1,True
pledge,1,True
nonsecular,1,False
moksha,1,False
salvation,1,True
attain,1,True
pleasures,1,True
palaces,1,False
roop,1,False
hoor,1,False
apsaras,1,False
indrani,1,False
virginity,1,False
unlimited,1,True
hooren,1,False
indore,1,False
jannat,1,False
pakgodi,1,False
ferozpur,1,False
ddown,1,False
foundwho,1,False
yadawwhere,1,False
amrican,1,False
governament,1,False
deeprooted,1,False
zinadabad,1,False
paf’s,1,False
depend,1,True
warfarebe,1,False
adversary,1,False
govt…lol,1,False
chnges,1,False
gunda,1,False
kha,1,False
druvand,1,False
dovil,1,False
rajiv,1,False
internals,1,False
bengalisbut,1,False
saler,1,False
chips,1,True
fade,1,True
here’s,1,False
thing—why,1,False
bongu,1,False
annoying,1,True
majinnah,1,False
ethiopia,1,True
subramanum,1,False
ifyou,1,False
reunification,1,False
intolerance,1,False
insulted,1,False
indecent,1,False
disrespectfully,1,False
stare,1,True
chant,1,False
practices,1,True
festival,1,True
choices,1,True
dietary,1,True
cdn,1,True
fullish,1,False
drome,1,False
karak,1,False
hany,1,False
reasoningthats,1,False
subjective,1,True
webindia,1,False
declaration,1,True
rumour,1,False
tararest,1,False
agori,1,False
poshpura,1,False
kununan,1,False
kashimiri,1,False
yess,1,False
you—we,1,False
daddy,1,True
sanghatan,1,False
junagarh,1,False
sour,1,True
fulfill,1,True
mantion,1,False
mistreated,1,False
harassment,1,True
lookup,1,True
rockstar,1,False
bigass,1,False
forte,1,True
bolchistan,1,False
vegetarians,1,False
mirch,1,False
unofficially,1,False
landa,1,False
india…,1,False
donal,1,False
makeup,1,True
coldly,1,False
sights,1,True
brods,1,False
rised,1,False
alignment,1,True
til,1,True
hindtwa,1,False
blessing,1,True
maharashtra,1,True
crusader,1,False
motivates,1,False
regularly—please,1,False
armyrelated,1,False
smoothly,1,True
untraced,1,False
shaitan,1,False
pujari,1,False
smile,1,True
observes,1,False
publications,1,True
politicising,1,False
favours,1,False
loyality,1,False
lindia,1,False
acoording,1,False
hosted,1,True
zillhaj,1,False
awakened,1,False
truthpeople,1,False
frecking,1,False
fuss,1,False
linkedin,1,False
chber,1,False
gotie,1,False
⁉,1,False
video⁉what,1,False
didn,1,False
eam,1,False
declaired,1,False
mps,1,True
destructed,1,False
countys,1,False
plaese,1,False
ghangros,1,False
wound,1,True
sweat,1,True
contact,1,True
investments,1,True
bo,1,True
betwee,1,False
chain,1,True
involved…,1,False
suhaagraat,1,False
madras,1,False
bleeding,1,True
manufactures,1,True
sepnding,1,False
rho,1,False
bch,1,False
stranderd,1,False
cons,1,True
vine,1,True
disease,1,True
۔۔۔britain,1,False
explaine,1,False
iojk,1,False
trush,1,False
wad,1,False
ratliate,1,False
formally,1,True
topivc,1,False
tawa,1,False
outclass,1,False
kamzor,1,False
coa,1,True
geographic,1,True
cractor,1,False
overseas,1,True
shouting,1,True
mobiles,1,True
skeam,1,False
rwp,1,False
retreat,1,True
selfdefence,1,False
laughed,1,True
whilst,1,True
screens,1,True
israil,1,False
tagetted,1,False
ceremony,1,True
sybil,1,False
hacking,1,True
unsubchannel,1,False
nose,1,True
halts,1,False
garlic,1,True
tomatoes,1,True
agricultural,1,True
finallywait,1,False
revolt,1,True
infos,1,True
rawat,1,False
bipin,1,False
graylist,1,False
adversery,1,False
reasonably,1,True
briefed,1,False
flase,1,False
circulate,1,False
adults,1,True
regulated,1,True
informal,1,True
sidedly,1,False
intoxicated,1,False
proofsbut,1,False
hw,1,True
reaches,1,True
advertiser,1,True
pehelgaam,1,False
mirzas,1,False
iman,1,False
efficiency,1,True
reroute,1,False
informalindirect,1,False
shortfalls,1,False
seasonal,1,True
reliablness,1,False
interpretation,1,True
complaining,1,True
humdutva,1,False
countryman,1,False
frustration,1,True
inbreeding,1,False
generational,1,False
reffered,1,False
betrayal—it’s,1,False
disloyalty,1,False
democracy—where,1,False
grasp,1,True
options,1,True
cheaper,1,True
profitable,1,True
mentionhe,1,False
consumed,1,True
educator’,1,False
‘youtube,1,False
cosplaying,1,False
‘factchecker’,1,False
—fitting,1,False
nosedived,1,False
questions…,1,False
jhanda,1,False
suar,1,False
onwardsnever,1,False
sucked,1,True
popcorn,1,True
blaisedness,1,False
biasedyou,1,False
signle,1,False
showdown,1,True
severely,1,True
blackmail,1,False
rhine,1,False
consuming,1,True
stll,1,False
comabt,1,False
zindabadpakistan,1,False
silly,1,True
abou,1,False
resonated,1,False
spotlight,1,True
picturesque,1,True
karlsruhe,1,False
wisher,1,False
efficient,1,True
poeple,1,False
exterior,1,True
interior,1,True
assessments,1,True
adjustments,1,True
ton,1,True
plethora,1,False
incredibly,1,True
everythings,1,False
terrorists—some,1,False
who’ve,1,False
criticism—we,1,False
understandwhat,1,False
shamli,1,False
hollow,1,True
legs,1,True
millitants,1,False
conspiracies,1,False
rivals,1,True
deflections,1,False
dodging,1,False
shutting,1,False
uking,1,False
offical,1,False
righteous,1,True
terorirst,1,False
confusing,1,True
breech,1,False
ceasefire…,1,False
disobey,1,False
dilemma,1,True
belligerent,1,False
argumentation,1,False
cleaners,1,True
endgame,1,False
oky,1,False
“invincible”…,1,False
dirtiest,1,False
posationnow,1,False
tele,1,True
requirment,1,False
unfortunetly,1,False
shower,1,True
fingerout,1,False
sindoooor,1,False
conspired,1,False
comparative,1,True
bieng,1,False
suppresses,1,False
qyuestions,1,False
instesd,1,False
videosame,1,False
seros,1,False
laundary,1,False
stressing,1,False
circulating,1,True
halftruth,1,False
busniness,1,False
ck,1,True
stretagies,1,False
fu,1,True
shah’s,1,False
ounce,1,True
enthusiastically,1,False
scores,1,True
rail,1,True
dumbos,1,False
feeds,1,True
seeking,1,True
caliphate,1,False
owaisi,1,False
insects,1,True
islammake,1,False
leaving,1,True
peoplemost,1,False
kashmiristhat,1,False
obviousin,1,False
onethen,1,False
indianif,1,False
consoled,1,False
medal,1,True
rearched,1,False
balanceimpartial,1,False
unrelated,1,True
describes,1,True
whataboutism,1,False
fingerpointing,1,False
pillar,1,True
merge,1,True
genders,1,False
inequality,1,True
disheartened,1,False
excitement,1,True
tops,1,True
outshined,1,False
qabza,1,False
sahwney,1,False
zagnan,1,False
claimfrench,1,False
wwe,1,True
theoretically,1,False
godis,1,False
disturbances,1,True
fatal,1,True
misinformed,1,False
consequently,1,True
hastily,1,False
aspirants,1,False
ssc,1,False
bhaito,1,False
withstand,1,True
narratvie,1,False
proportionally,1,False
inspires,1,False
virtue,1,True
virtues,1,True
righteousness,1,True
realise—logical,1,False
nigga,1,False
hesitated,1,False
ownership,1,True
propakistan,1,False
westen,1,False
beacuase,1,False
bakhshi,1,False
gd,1,True
aryaarnab,1,False
acknowledgement,1,True
coduct,1,False
oneonone,1,False
commedy,1,False
folded,1,True
atangbadi,1,False
balouch,1,False
unlocked,1,True
reminds,1,True
neutralist,1,False
aŕmy,1,False
chanels,1,False
flabbergasted,1,False
fight”,1,False
illah,1,False
lailaha,1,False
barhmos,1,False
teaser,1,False
bucks,1,True
addition,1,True
perpetrated,1,False
inquiries,1,True
permit,1,True
communicated,1,True
ranger,1,True
caves,1,True
tg,1,True
paupau,1,False
dhari,1,False
behnas,1,False
laadli,1,False
risked,1,False
eyeopening,1,False
reprimanded,1,False
pakistan—handling,1,False
justifies,1,False
others—,1,False
undeniable,1,False
indianoccupied,1,False
silnet,1,False
vedas,1,False
writen,1,False
flawa,1,False
cindemn,1,False
hobby,1,True
bangaon,1,False
thane,1,False
worker,1,True
advocating,1,False
eyeopener,1,False
braves,1,True
skin,1,True
dismantled,1,False
gooofi,1,False
zamat,1,False
inoccents,1,False
dispoint,1,False
dodge,1,True
fond,1,True
powerspolitics,1,False
illogicali,1,False
grid,1,True
alarming,1,False
tender,1,True
describing,1,True
unsusbscribed,1,False
prpoganda,1,False
conforming,1,True
economist,1,True
religion—to,1,False
fanaticism—regardless,1,False
forms,1,True
shiekhs,1,False
attaks,1,False
towoads,1,False
chhap,1,False
mathersa,1,False
majahab,1,False
pervious,1,False
pakistanwe,1,False
attttacks,1,False
atttack,1,False
krnel,1,False
sugarcoating,1,False
fees,1,True
shotting,1,False
realitythis,1,False
nonbiological,1,False
cancers,1,True
empted,1,False
issuetry,1,False
bout,1,True
regionalismpeople,1,False
nonsocial,1,False
provocate,1,False
detailing,1,True
globle,1,False
baggage,1,True
trustful,1,False
selection,1,True
allthings,1,False
noooo,1,False
dhruvratheee,1,False
rude,1,True
gentleness,1,False
dhrauv,1,False
terrotists,1,False
spontaneously,1,False
carors,1,False
sttepin,1,False
tto,1,False
happwn,1,False
assualt,1,False
bhat,1,False
congrats,1,True
fusion,1,True
winneroperation,1,False
unscramble,1,False
jews,1,True
planted,1,True
unusual,1,True
molana,1,False
launchers,1,False
brag,1,False
chaptgpt,1,False
mdia,1,False
deptater,1,False
reogion,1,False
depots,1,False
units,1,True
rajouri,1,False
sara,1,True
indiamasla,1,False
contextless,1,False
whichever,1,True
farud,1,False
totallity,1,False
magics,1,False
intuitions,1,False
reauter,1,False
attentionbait,1,False
youd,1,False
tattu,1,False
serviceman,1,False
shiekh,1,False
nationss,1,False
illegaly,1,False
complementary,1,True
bhikari,1,False
externally,1,True
taibas,1,False
burial,1,True
physic,1,False
meter,1,True
pakian,1,False
kaaro,1,False
saram,1,False
relthora,1,False
lsive,1,False
pu,1,True
progressing,1,False
practiced,1,True
susbcriber,1,False
namaz,1,False
masajid,1,False
majboori,1,False
recklessly,1,False
alqaeda,1,False
giants,1,True
disasterous,1,False
mathematics,1,True
stem,1,True
timehindu,1,False
anindtvindia,1,False
refarence,1,False
modeism,1,False
pluralism,1,False
tempering,1,False
pakistanhe,1,False
politial,1,False
sympathisers,1,False
lolzzz…in,1,False
aacharya,1,False
boycotting,1,False
worry—we’re,1,False
assumptions—makes,1,False
tangled,1,False
wisely,1,True
plag,1,False
violenceif,1,False
deciminating,1,False
naxals,1,False
dhuv,1,False
bulla,1,False
respons,1,False
australia,1,True
yadave,1,False
situational,1,False
lipa,1,False
sectors,1,True
shell,1,True
lightening,1,False
creibility,1,False
unlawful,1,True
ith,1,False
greal,1,False
fog,1,True
of—informative,1,False
patch,1,True
dishonoured,1,False
resilient,1,False
vulnerabilities,1,True
disrupted,1,False
stockpiles,1,False
bunyanulmarsoos,1,False
flashy,1,False
analysation,1,False
janazah,1,False
recitation,1,False
marginalizing,1,False
omit,1,True
modernity,1,False
radica,1,False
bullish,1,False
cylinder,1,True
designated,1,True
jazbejehad,1,False
ghaziabad,1,False
definations,1,False
cse,1,False
branch,1,True
cauze,1,False
bounds,1,True
secretly,1,True
disrespectful,1,False
hiii,1,False
missleading,1,False
nadeem,1,False
checter,1,False
shouseohhh,1,False
tightly,1,True
converters,1,True
ziyadi,1,False
sufficient,1,True
incited,1,False
unconstitutionally,1,False
assemblies,1,True
dissolved,1,True
parliamentarians,1,False
noconfidence,1,False
withdrew,1,False
aligned,1,True
ges,1,False
intellectual—clearly,1,False
amendment,1,True
wakaff,1,False
supramanian,1,False
aircraft’s,1,False
layer,1,True
provedyou,1,False
ford,1,True
peace…i,1,False
portals,1,True
morden,1,False
modrassa,1,False
replacement,1,True
humanityand,1,False
documents,1,True
rhere,1,False
fakehow,1,False
simpsons,1,True
gazakarila,1,False
aplause,1,False
madesent,1,False
isrial,1,False
arround,1,False
saindoor,1,False
subscriptions,1,True
taraf,1,False
hamari,1,False
“hum,1,False
“india”,1,False
transfers,1,True
‘reuters’,1,False
fradia,1,False
truthfully,1,False
ideals,1,True
dutch,1,True
genocoder,1,False
ghatiapan,1,False
lole,1,False
gb,1,True
peaks,1,True
flows,1,True
psychosis,1,False
compensatory,1,False
ritualized,1,False
programmed,1,True
hierarchies,1,False
immerse,1,False
bravado,1,False
extremest,1,False
amzing,1,False
anabella,1,False
sme,1,True
triety,1,False
wth,1,False
landed,1,True
vey,1,False
ike,1,False
friendi,1,False
linesorry,1,False
panchii,1,False
pahalgaam,1,False
spokesman,1,True
ticket,1,True
goveyhas,1,False
mtmy,1,False
howmuch,1,False
rifle,1,True
ashok,1,False
khalimurshidabad,1,False
sandesh,1,False
shim,1,False
mulim,1,False
reopened,1,False
yousir,1,False
incitement,1,False
antichristian,1,False
andhbhagat,1,False
overthrew,1,False
putty,1,False
nutty,1,False
sirs,1,False
bhageswar,1,False
elopes,1,False
hardcore,1,True
fcauses,1,False
apeople,1,False
mishris,1,False
becausevikram,1,False
reports—this,1,False
honourable,1,True
terroristsbut,1,False
idont,1,False
af,1,True
breathe,1,True
manipuri,1,False
bedrock,1,False
ultimate,1,True
msaidgum,1,False
‘s,1,False
issrael,1,False
bythe,1,False
fearful,1,False
cumback,1,False
chaprri,1,False
boulshit,1,False
conceded,1,False
tilted,1,False
mani,1,False
breaked,1,False
nepal—understand,1,False
many—both,1,False
prodemocracy,1,False
promonarchy,1,False
audience”,1,False
racheal,1,False
surname,1,True
findout,1,False
datt,1,False
negotiate,1,True
bankrupt,1,False
reserach,1,False
tunes,1,True
suspenseful,1,False
buildups,1,False
“youtubegeneric”,1,False
format,1,True
introsummary,1,False
stylistically,1,False
consequence,1,True
whore,1,True
titles,1,True
laid,1,True
atenvadi,1,False
naritive,1,False
decease,1,False
beated,1,False
clg,1,False
nobita,1,False
ke,1,True
crha,1,False
downe,1,False
masterpieces,1,False
publishing,1,True
dhuva,1,False
journalistic,1,False
prioritizing,1,False
hustle,1,True
revival,1,True
kingdoms,1,False
rajputana,1,False
mysore,1,False
chootiyas,1,False
worshipers,1,False
allahufakbers,1,False
megalaya,1,False
spectacle,1,False
cultism,1,False
religous,1,False
sootrs,1,False
aunsar,1,False
sootro,1,False
onin,1,False
bows,1,True
ryki,1,False
civiliani,1,False
brha,1,False
yaduv,1,False
fallas,1,False
antics,1,False
complicity,1,False
iran’s,1,False
snare,1,False
essentially,1,True
truththe,1,False
flourish,1,False
dřu,1,False
innocenti,1,False
diet,1,True
terorsit,1,False
replace,1,True
invester,1,False
bhaiiis,1,False
visinory,1,False
openheimer,1,False
thuuuuuu,1,False
uncomplete,1,False
goonstop,1,False
awami,1,False
embrace,1,True
internationaly,1,False
loljust,1,False
crux,1,False
contains,1,True
kattarbadithey,1,False
civics,1,False
dissonance,1,False
cognitive,1,True
thecorrect,1,False
notify,1,True
pakiatani,1,False
muzzumil,1,False
reacher,1,False
dacads,1,False
thet,1,False
medeo,1,False
verdict,1,True
reaserach,1,False
israelinspired,1,False
embodiment,1,True
uplifting,1,False
commend,1,False
‘but,1,False
‘speak,1,False
laughter,1,True
coverups,1,False
castles,1,True
twitting,1,False
usefull,1,False
pakhundies,1,False
rats,1,True
quron,1,False
eng,1,True
utilise,1,False
constable,1,False
parta,1,False
blochastan,1,False
whatsowver,1,False
pethetic,1,False
sider,1,False
reciting,1,False
mouthful,1,False
saddened,1,False
farakka,1,False
sindhar,1,False
pulled,1,True
dhaka,1,False
persona,1,False
overthetop,1,False
captures,1,True
kant,1,False
rajni,1,False
dubbing,1,False
reply—we,1,False
routine,1,True
vloggerr,1,False
ticktok,1,False
communication,1,True
peopwho,1,False
exchange,1,True
backwards,1,True
twin,1,True
sanghis,1,False
popularist,1,False
lake,1,True
spices,1,True
jumps,1,True
california,1,True
mudit,1,False
secondclass,1,False
temporarily,1,True
‘abeyance’,1,False
udhumpur,1,False
hitter,1,False
colnol,1,False
wiped,1,False
leangth……i,1,False
measure,1,True
dick,1,True
other’s,1,False
againthere,1,False
researchment,1,False
yhis,1,False
veloger,1,False
dought,1,False
ashmed,1,False
devi,1,False
diabolical,1,False
mushlims,1,False
listed,1,True
disguise,1,False
viedo,1,False
underscored,1,False
kumars,1,False
akshay,1,False
ascript,1,False
betrayers,1,False
uns,1,False
leaning,1,True
phulan,1,False
dacoit,1,False
chambal,1,False
suno,1,False
dhruba,1,False
laiesbut,1,False
videi,1,False
partial,1,True
aandhabhakt,1,False
vaccine,1,True
rabies,1,False
rabid,1,False
nonsene,1,False
kiit,1,False
banaspati,1,False
fluent,1,False
bulk,1,True
mirrorits,1,False
dacoits,1,False
bangla,1,False
purush,1,False
sanskari,1,False
peac,1,False
legandry,1,False
hearly,1,False
watson,1,True
paul,1,True
instagram,1,False
solider,1,False
gaslighting,1,False
enrollment,1,True
for।,1,False
longed,1,False
now।tihis,1,False
janos,1,False
violated,1,True
could’ve,1,False
plant,1,True
chornobyl,1,False
turkish,1,True
jinn,1,False
blamming,1,False
childerens,1,False
um,1,True
populated,1,True
thatarmy,1,False
rassia,1,False
himm,1,False
olx,1,False
attaked,1,False
vacancy,1,True
lakhkar,1,False
doombed,1,False
lierier,1,False
collection,1,True
nri,1,False
journals,1,True
baadsikhs,1,False
dhrvu,1,False
bulochastan,1,False
sacchai,1,False
bangladeshbut,1,False
depressed,1,True
vande,1,False
dictatorships,1,False
gangsters,1,False
gangster,1,False
conventional,1,True
confession,1,True
shif,1,False
polictical,1,False
don,1,True
trapid,1,False
salient,1,False
mangalore,1,False
voilated,1,False
definitly,1,False
folly,1,False
unfolding,1,False
sastry,1,False
drirendra,1,False
shi,1,True
similarity,1,True
balloons,1,True
fightet,1,False
dhorav,1,False
wieh,1,False
beware,1,True
hinders,1,False
eidulazha,1,False
imported,1,True
sacrificial,1,False
gatekeeper,1,False
turth,1,False
instilled,1,False
patwari,1,False
whitewashing,1,False
hypocrist,1,False
simpy,1,False
ep,1,True
blamers,1,False
mosquito,1,True
sindhur,1,False
warkbut,1,False
dismissed,1,True
betterness,1,False
tp,1,True
breifly,1,False
izarael,1,False
rahthi,1,False
isolate,1,True
factfaisal,1,False
deprive,1,False
terrristsstill,1,False
lenching,1,False
idf,1,False
assistant,1,True
shattered,1,True
monitized,1,False
chamge,1,False
hyped,1,False
sana,1,False
lickers,1,False
boot,1,True
complexities,1,False
aims,1,True
gautam,1,False
dharm,1,False
jain,1,False
budhha,1,False
cet,1,True
evn,1,False
reconginse,1,False
mainmeaningful,1,False
exposeddd,1,False
phalastine,1,False
negotiations,1,True
sandeshkali,1,False
peope,1,False
suhrab,1,False
blauchistan,1,False
mud,1,True
paramount,1,True
immense,1,True
wounds,1,True
diverse,1,True
necessitate,1,False
impoverished,1,False
importing,1,True
israel—but,1,False
countries—france,1,False
liberals,1,True
chauhans,1,False
frenchmade,1,False
phelgram,1,False
deepseek,1,False
propagandists,1,False
josh,1,True
civilions,1,False
radha,1,False
gohana,1,False
condemns,1,False
spreeding,1,False
judaisms,1,False
bandits,1,False
kashmore,1,False
zemtv,1,False
pelgaum,1,False
movment,1,False
pakair,1,False
atthe,1,False
sindhdhoore,1,False
premises,1,True
intruders,1,False
nukes,1,False
radhee,1,False
resists,1,False
remarking,1,False
february,1,True
ratree,1,False
whistleblower,1,False
bangeya,1,False
weighing,1,True
orbit,1,True
visas,1,True
opens,1,True
victorious,1,False
comfirm,1,False
replie,1,False
fn,1,True
faskest,1,False
fakest,1,False
marketing,1,True
curptions,1,False
ratie,1,False
movie”,1,False
“bollywood,1,False
pti,1,False
protagonist,1,False
noww,1,False
clue,1,True
feburary,1,False
abhinandans,1,False
balakot,1,False
poke,1,False
logded,1,False
ywars,1,False
americas,1,True
stupids,1,False
subcontinal,1,False
abtaar,1,False
displaced,1,True
theny,1,False
“ani”,1,False
indianshow,1,False
revise,1,True
lums,1,False
interprete,1,False
forhow,1,False
anarchitets,1,False
gpd,1,False
bush’,1,False
fallieces,1,False
sirlove,1,False
unconditional,1,False
airports,1,True
polarized,1,True
pearls,1,True
clutching,1,False
pokes,1,False
oblivion,1,False
steamroll,1,False
pakistanyep,1,False
ohsocompetentnah,1,False
reactionguess,1,False
sparks,1,True
nonhindi,1,False
tobe,1,False
prasant,1,False
aachaya,1,False
muzamzil,1,False
involves,1,True
eelam,1,False
truh,1,False
stoog,1,False
ajenda,1,False
betrayals,1,False
desidhroh,1,False
simpathise,1,False
doordarshan,1,False
aired,1,True
civilised,1,False
logo,1,True
glorify,1,False
sikhism,1,False
bhadur,1,False
banda,1,False
telled,1,False
outbursts,1,False
juat,1,False
inoccent,1,False
bkl,1,False
canda,1,False
terrisot,1,False
terrisom,1,False
kolbushan,1,False
areeeeee,1,False
highranking,1,False
saperate,1,False
pukhtunistan,1,False
narrativeit,1,False
çorrupt,1,False
nott,1,False
progamda,1,False
jodi,1,False
snakes,1,True
israel’s,1,False
deserts,1,False
hyprocacy,1,False
unrevealed,1,False
reserves,1,True
federal,1,True
dwindling,1,False
difficulties,1,True
logistical,1,False
determined,1,True
fieldsmountains,1,False
cardriving,1,False
genioun,1,False
piglets,1,False
rafeall,1,False
ʰᵉʸ,1,False
jobplease,1,False
sawahne,1,False
madhesi,1,False
deport,1,False
scavengers,1,False
headaches,1,True
migrants,1,True
bana,1,False
jr,1,True
luther,1,True
martin,1,True
robbers,1,False
football,1,True
banduputar,1,False
nineteentwenty,1,False
schooling,1,True
dat,1,True
isalm,1,False
cinematic,1,False
pashtoons,1,False
thisbut,1,False
nithish,1,False
ger,1,True
himiliating,1,False
propagandist,1,False
rhetorical,1,False
poets,1,True
cleaning,1,True
propagandaists,1,False
muniras,1,False
junaghar,1,False
sabha,1,False
vidhan,1,False
psychologists,1,True
goebbels,1,False
joseph,1,True
“repeat,1,False
vehicle,1,True
napakistan,1,False
arre,1,False
capitalist,1,True
tairarist,1,False
indn,1,False
paistan,1,False
gode,1,False
confarm,1,False
casulaties,1,False
resurch,1,False
hefty,1,False
tested,1,True
mali,1,True
participations,1,False
picnic,1,True
participated,1,True
slef,1,False
phalagram,1,False
besharam,1,False
pasted,1,False
baked,1,True
informational,1,True
opinionexplanation,1,False
hernot,1,False
electionhe,1,False
diifferent,1,False
lowquality,1,False
seize,1,True
miles,1,True
madrasas,1,False
murdabad,1,False
evidense,1,False
segregated,1,False
heel,1,True
achilles,1,False
britishers,1,False
wholeheartedly,1,False
hindjih,1,False
jamate,1,False
uts,1,False
involvements,1,False
fauj,1,False
freehand,1,False
dalit,1,False
yout,1,False
doorway,1,False
sahil,1,False
marssos,1,False
shape,1,True
participant,1,True
faisel,1,False
roits,1,False
overthere,1,False
shaa,1,False
endrespect,1,False
brewedin,1,False
countriesthe,1,False
deepresearched,1,False
wring,1,False
drain,1,True
warned,1,True
governor,1,True
refferd,1,False
presi,1,False
buys,1,True
stole,1,True
crtiticising,1,False
biotech,1,True
sustainability,1,True
innovative,1,True
bhikaristan,1,False
entrepreneur,1,True
aspiring,1,False
sms,1,True
hellodear,1,False
nainital,1,False
girlthank,1,False
afd,1,False
coincidentally,1,False
scolding,1,False
giddi,1,False
rectidication,1,False
walking,1,True
motorable,1,False
ensuring,1,True
factor,1,True
saint,1,True
galway,1,True
doklam,1,False
profiting,1,False
plight,1,False
pahalgalm,1,False
abtar,1,False
boas,1,False
ekta”,1,False
“bhartiya,1,False
“hum”,1,False
supervision,1,True
contented,1,False
meig,1,False
christ,1,True
unfolllowing,1,False
reletee,1,False
dengeros,1,False
melitere,1,False
analysing,1,False
akta,1,False
bhartiye,1,False
hari,1,False
sucker,1,False
visionary,1,True
neeti,1,False
cheift,1,False
sitataion,1,False
warched,1,False
inspire,1,True
murderers,1,False
mulims,1,False
hinduvata,1,False
pastthose,1,False
techniquehow,1,False
terrifies,1,False
ig,1,True
jnb,1,False
unscrupulous,1,False
flagging,1,False
penchant,1,False
pretension,1,False
acid,1,True
……,1,False
discu,1,False
ppts,1,False
sattelite,1,False
hydroproject,1,False
balence,1,False
atankis,1,False
arebin,1,False
mig—along,1,False
jets—three,1,False
manuplat,1,False
jock,1,False
mna,1,False
patched,1,False
aimless,1,False
fibre,1,True
antipak,1,False
whelmed,1,False
crediblity,1,False
rouaf,1,False
moreone,1,False
suscide,1,False
shia,1,False
esp,1,True
globaly,1,False
explainationexploring,1,False
riffale,1,False
“as,1,False
agnostic,1,False
lyricists,1,False
renowned,1,True
akhtar,1,False
ndver,1,False
unpredictable,1,True
shree,1,False
fencing,1,True
kpkwaziristan,1,False
moye,1,False
aircraftmoye,1,False
sixth,1,True
…cow,1,False
chopra,1,False
deisu,1,False
passports,1,False
expulsion,1,False
eviction,1,False
workstay,1,False
roughed,1,False
deis,1,False
chora,1,False
misusing,1,False
raksash,1,False
inauthentic,1,False
fantasticthanks,1,False
“can,1,False
ganing,1,False
herosofia,1,False
madrassas,1,False
onward,1,False
mantain,1,False
unsubcribe,1,False
terririsom,1,False
dhurvrathee,1,False
views…,1,False
plsss,1,False
naumaan,1,False
asalamualikum,1,False
swamay,1,False
crreator,1,False
rsss,1,False
nationa,1,False
spice,1,True
educationa,1,False
mahisa,1,False
thankgod,1,False
fitna,1,False
survived,1,True
becareful,1,False
reaponsible,1,False
agianst,1,False
schoked,1,False
easyi,1,False
reveals,1,True
schocking,1,False
boyis,1,False
marshel,1,False
pakiatan,1,False
discriminate,1,True
germanyso,1,False
wbout,1,False
resonates,1,False
elvishyadav,1,False
tracks,1,True
people……,1,False
rafaeles,1,False
gulbachan,1,False
bilal,1,False
native,1,True
discounts,1,True
allahamdulillah,1,False
rdx,1,False
puppi,1,False
japhi,1,False
fcked,1,False
ding,1,True
drastically,1,False
shrunk,1,False
videos—everyone,1,False
harim,1,False
chapris,1,False
freaked,1,False
fakistanis,1,False
hindua,1,False
hades,1,False
predictions,1,True
offf,1,False
subscrib,1,False
finnally,1,False
waisted,1,False
decisionvery,1,False
indan,1,False
poisened,1,False
decimate,1,False
endeavours,1,False
benefitiaries,1,False
govet,1,False
terrorist,1,True
wooow,1,False
elephants,1,True
licks,1,False
balochi,1,False
transferred,1,True
peshawer,1,False
cookie,1,True
thinkwe,1,False
defends,1,False
striving,1,True
qualified,1,True
marketes,1,False
vermilion,1,False
bhi,1,False
kuch,1,False
warrrrrrrrrrrrrr,1,False
mullahmilitary,1,False
hindutive,1,False
spied,1,False
faar,1,False
terorisam,1,False
abaout,1,False
pinpoint,1,False
flower,1,True
iokasmir,1,False
cursing,1,False
desonance,1,False
coast,1,True
gow,1,False
alhumdulillah,1,False
masih,1,False
kamran,1,False
offbro,1,False
powered,1,True
woyun,1,False
pampora,1,False
rabish,1,False
powersjai,1,False
propogandas,1,False
propagator,1,False
ptm,1,False
misled,1,False
outsources,1,False
iut,1,False
jerk,1,True
famine,1,False
rafale’s,1,False
unscribe,1,False
nudi,1,False
releasing,1,True
funy,1,False
unbanned,1,False
indiabut,1,False
patronism,1,False
kattarta,1,False
forgive,1,True
markhor,1,False
void,1,True
alien,1,True
bhushan,1,False
kul,1,False
ghalib,1,False
appreciating,1,False
peaking,1,False
sloved,1,False
kahsmir,1,False
fia,1,False
chachu,1,False
approved,1,True
politicslaw,1,False
undeclared,1,False
hardware,1,True
spokespersoncriticizing,1,False
govtwhich,1,False
shezad,1,False
dhruveerathee,1,False
payability,1,False
ambassadors,1,False
debates,1,True
demagogue,1,False
delivers,1,True
acceptd,1,False
dheerendra,1,False
muzzamel,1,False
majeed,1,False
causeeffect,1,False
pakhtunwa,1,False
rot,1,True
mandatory,1,True
repetition,1,True
uttering,1,False
finishing,1,True
arogant,1,False
changinging,1,False
oxymoron,1,False
thirdworld,1,False
sends,1,True
haseebali,1,False
naksalis,1,False
sleeper,1,True
imp,1,True
param,1,True
warr,1,False
nsa,1,True
scurity,1,False
confesses,1,False
stuffed,1,True
andbhagat,1,False
spotlighting,1,False
kulbhishan,1,False
clearances,1,False
dusted,1,False
—topics,1,False
commonly,1,True
“international,1,False
strick,1,False
showering,1,False
prefect,1,False
icon,1,True
shove,1,False
moralethical,1,False
againby,1,False
iron,1,True
solders,1,False
frankenstein,1,False
nafrati,1,False
netherlands,1,True
outclassed,1,False
jaishanaker,1,False
pennis,1,False
bhikaristani,1,False
qattur,1,False
orchestrated—to,1,False
masterpiece,1,True
shahadat,1,False
ministrys,1,False
deployments,1,False
traditional,1,True
forests,1,True
prefeasibility,1,False
cheat,1,True
fitnah,1,False
bios,1,True
spewed,1,False
miracles,1,True
belives,1,False
defines,1,True
church,1,True
dogi,1,False
credibilityafsosss,1,False
summed,1,False
brutually,1,False
factseon,1,False
wiĺl,1,False
tgerapist,1,False
yoga,1,True
therapist,1,True
herbal,1,True
ayurvedic,1,False
tiredness,1,False
cure,1,True
grear,1,False
somd,1,False
mugi,1,False
gorkha’s,1,False
ratho,1,False
hite,1,False
bulshit,1,False
nationally,1,True
petition,1,True
lagate,1,False
sahi,1,False
postive,1,False
greatful,1,False
indiaso,1,False
gvmnt,1,False
helpbut,1,False
ratheeonly,1,False
thsi,1,False
superstition,1,False
terararist,1,False
ratty,1,False
poshkura,1,False
kunan,1,False
fèel,1,False
naraaak,1,False
akaand,1,False
nay,1,True
rat,1,True
hindusnot,1,False
ditch,1,True
processions,1,False
organic,1,True
presented…,1,False
organised,1,True
trrst,1,False
arising,1,True
dhrav,1,False
bend,1,True
defined,1,True
rectified,1,False
pakistanplease,1,False
reality…,1,False
shakti,1,False
landslides,1,False
porkis,1,False
mastered,1,False
sindhpakistan,1,False
activist,1,True
rajesh,1,False
calld,1,False
darpoke,1,False
nowwe,1,False
thete,1,False
gzwai,1,False
spining,1,False
techno,1,True
uncanny,1,False
genetically,1,True
abilities,1,True
thrills,1,False
mostits,1,False
fantabulous,1,False
bhaiyour,1,False
propaoganda,1,False
techpuranin,1,False
defencerelated,1,False
balanced—hard,1,False
pakistrans,1,False
benifited,1,False
likelihood,1,True
background—if,1,False
unnamed,1,True
khnow,1,False
terroristis,1,False
undertstand,1,False
paalgam,1,False
dhurove,1,False
propagandaif,1,False
unequality,1,False
socio,1,True
sensus,1,False
whtt,1,False
virality,1,False
algorithmic,1,False
altar,1,True
netha,1,False
broked,1,False
accpet,1,False
reputational,1,False
jet’s,1,False
outbreak,1,True
plummeted,1,False
multirole,1,False
aerospace,1,True
unconfirmed,1,False
sharp,1,True
plunge,1,True
amrit,1,False
length,1,True
waiters,1,False
themselfs,1,False
rightpakistani,1,False
schooleand,1,False
pakisttan,1,False
politian,1,False
losed,1,False
fairytale,1,False
cherrypick,1,False
stalwarts,1,False
chambers,1,True
tailored,1,True
infotainment,1,False
packaged,1,True
intensified,1,False
combat”,1,False
“losses,1,False
remark,1,True
bharti’s,1,False
nonstealth,1,False
touted,1,False
shyam,1,False
necrohead,1,False
kaithal,1,False
antiindependence,1,False
fundamentalism,1,False
laconas,1,False
harrassed,1,False
pandemic,1,True
aso,1,False
sheed,1,False
acceptabls,1,False
degree,1,True
gais,1,False
persent,1,False
indiàn,1,False
oneside,1,False
dosnt,1,False
bnd,1,False
smita,1,False
binaries,1,True
oversimplification,1,False
articulation,1,False
raffel,1,False
virak,1,False
nanang,1,False
columbia,1,True
extension,1,True
proceeds,1,True
invole,1,False
phamgham,1,False
aarya,1,False
dialoges,1,False
pehlgram,1,False
response…,1,False
selectives,1,False
redefined,1,False
againsame,1,False
jingoismno,1,False
exremism,1,False
nib,1,True
factsfatcs,1,False
nacked,1,False
seans,1,False
sounth,1,False
aftrr,1,False
surab,1,False
info…,1,False
twll,1,False
indianness,1,False
gias,1,False
durw,1,False
shabaz,1,False
inhaling,1,False
tons,1,True
casteism,1,False
manuplate,1,False
imformation,1,False
deek,1,False
meta,1,True
grok,1,False
sideslike,1,False
xpose,1,False
suppbb,1,False
rajas,1,False
topicthanx,1,False
rite,1,True
muslime,1,False
harrasment,1,False
jammed,1,False
enquiry,1,True
dhruvif,1,False
kalbahoushan,1,False
airstrike,1,False
trumphas,1,False
lakshare,1,False
jezera,1,False
hang,1,True
fullblown,1,False
misses,1,True
inseparable,1,False
batao,1,False
lagi,1,False
kaisi,1,False
digit,1,True
stope,1,False
column,1,True
application,1,True
fether,1,False
skipping,1,True
punjabis,1,False
decode,1,False
chaudhary,1,False
saty,1,False
bunan,1,False
terrorest,1,False
therere,1,False
kuzdar,1,False
kutumbakam,1,False
vasudhaiva,1,False
backfoir,1,False
nerve,1,True
safeone,1,False
pakistaneven,1,False
attackbut,1,False
obliged,1,True
bjpigs,1,False
bestt,1,False
lotlove,1,False
villanbut,1,False
circumstanceseither,1,False
blooy,1,False
whatevers,1,False
siachen,1,False
chanab,1,False
jehlam,1,False
den,1,True
hammering,1,False
khanzada,1,False
shahzaib,1,False
ministery,1,False
lunch,1,True
biryanee,1,False
humara,1,False
maata,1,False
heather,1,True
sheferd,1,False
feace,1,False
audiology,1,False
phlgaam,1,False
codemn,1,False
againstwhere,1,False
pedasi,1,False
nazis,1,True
bluddy,1,False
replaces,1,True
hah,1,False
sunday,1,True
sala,1,False
madar,1,False
bik,1,False
ecpose,1,False
protractor,1,False
shots,1,True
deescalate,1,False
pakishan,1,False
hamesha,1,False
ankistan,1,False
idol,1,True
gravitation,1,False
arificial,1,False
truthgod,1,False
tanzim,1,False
travell,1,False
fak,1,False
dhruvrather,1,False
intertanment,1,False
relayed,1,False
sparsh,1,False
charan,1,False
waar,1,False
rescued,1,True
travelling,1,True
allied,1,True
proxces,1,False
exmuslim,1,False
suggested,1,True
umer,1,False
overcompensating,1,False
leador,1,False
terission,1,False
descision,1,False
suppoort,1,False
teesta,1,False
ganges,1,False
jounralist,1,False
contentcreater,1,False
shappy,1,False
financed,1,True
diplomacyworld,1,False
yousyedmuzamilshaha,1,False
hheheheheheheheehehe,1,False
lolxxxxxxxxxxxx,1,False
racists,1,False
torture,1,True
illigel,1,False
disclosed,1,True
rajper,1,False
farhan,1,False
opertion,1,False
netral,1,False
straighten,1,False
naxal,1,False
disclaimer,1,True
breed,1,True
terrerost,1,False
territories,1,True
jat,1,False
indianjets,1,False
untainted,1,False
sacked,1,False
insurgencies,1,False
unreal,1,True
wedding,1,True
atill,1,False
muzammal,1,False
narwal,1,False
rp,1,True
rafells,1,False
shamani,1,False
raj,1,False
unproved,1,False
thatpak,1,False
nonesense,1,False
wrongmisleading,1,False
achievements,1,True
bahadur,1,False
manekshaw,1,False
।please,1,False
regionalism,1,False
achivements,1,False
aquire,1,False
religionalism,1,False
ormy,1,False
attractive,1,True
intermingling,1,False
life’s,1,False
radicalised,1,False
zenosite,1,False
explian,1,False
holybook,1,False
cararer,1,False
ure,1,False
zulfiqar,1,False
undue,1,False
van,1,True
raifel,1,False
trrrist,1,False
affairsprotect,1,False
invistage,1,False
malya,1,False
packaging,1,True
deferent,1,False
churan,1,False
exprees,1,False
prioritising,1,False
minutesur,1,False
sync,1,True
jhootby,1,False
sumproject,1,False
prades,1,False
dhirandra,1,False
shawangi,1,False
‘there,1,False
quaideazam,1,False
elsewhere,1,True
pakistan—we,1,False
referndum,1,False
isright,1,False
inida,1,False
“twisted,1,False
embarrass,1,False
tchh,1,False
gegneratednot,1,False
referances,1,False
didmostly,1,False
figuresnot,1,False
yoituber,1,False
replybeing,1,False
nonsensess,1,False
polishedanyways,1,False
katarwadi,1,False
countinue,1,False
totali,1,False
tata,1,True
scare,1,True
kukis,1,False
cargo,1,True
perpective,1,False
gods,1,True
hatsoff,1,False
voilence,1,False
hinditto,1,False
poisons,1,False
bangladeshindia,1,False
mostly—true,1,False
is—if,1,False
shamshita,1,False
prisoners,1,True
religionu,1,False
janajah,1,False
namaj,1,False
illiterates,1,False
researching,1,True
settled,1,True
administered,1,True
necessities,1,False
chk,1,False
bsd,1,True
khao,1,False
hajmola,1,False
krny,1,False
peopal,1,False
hindoss,1,False
quranic,1,False
mainpulate,1,False
lierif,1,False
duru,1,False
shortest,1,True
facts—thanks,1,False
tamasha,1,False
oic,1,False
loger,1,False
pehgaam,1,False
klled,1,False
kiling,1,False
cunningly,1,False
asfhole,1,False
lucking,1,False
iskcon,1,False
shoutout,1,False
canadian,1,True
dalits,1,False
aheat,1,False
mack,1,True
story—we,1,False
cock,1,True
evrybody,1,False
chuislam,1,False
equalises,1,False
prankistan,1,False
dubia,1,False
organizer,1,True
aneel,1,False
caw,1,False
imrans,1,False
ecomy,1,False
congressleaders,1,False
twelve,1,True
leval,1,False
widen,1,False
reassure,1,False
zinabad,1,False
donepakistan,1,False
ourskhair,1,False
revengeof,1,False
togetherour,1,False
alleast,1,False
allare,1,False
machine,1,True
creadiblity,1,False
startup,1,True
practical,1,True
dhree,1,False
zimwari,1,False
jimiwari,1,False
photage,1,False
ratthee,1,False
creditability,1,False
wardiplomacy,1,False
truthindia,1,False
baqwas,1,False
pacistanis,1,False
terrerist,1,False
sayhere,1,False
respecttriple,1,False
waqaf,1,False
wating,1,False
losse,1,False
routinely,1,True
ghunda,1,False
seemingly,1,True
bengalore,1,False
philistineon,1,False
plateform,1,False
baboons,1,False
sirn,1,False
ladakh,1,False
agoand,1,False
indialets,1,False
indispensable,1,True
pagethis,1,False
wen,1,True
mss,1,False
dhakar,1,False
whoydo,1,False
neva,1,False
neha,1,False
grand,1,True
pleasemake,1,False
performative,1,False
ocassion,1,False
milk,1,True
‘reply,1,False
smug,1,False
sophisticated,1,True
devolved,1,False
evidenceeven,1,False
saheed,1,False
batn,1,False
mispronounce,1,False
perminant,1,False
intentialy,1,False
sarmishta,1,False
responsedhruv,1,False
conseqtual,1,False
durav,1,False
recoverable,1,False
sustained,1,True
wtv,1,False
nomatter,1,False
haunt,1,False
rohit,1,False
bhruv,1,False
biswas,1,False
sarkaar,1,False
banaras,1,False
airforve,1,False
sponderd,1,False
youproud,1,False
wande,1,False
subtitles,1,True
echochamber,1,False
aryans,1,False
gobarbhakts,1,False
minutedefinitely,1,False
scold,1,False
benchmark,1,True
colonial,1,True
same।,1,False
true।,1,False
barabar,1,False
presceptions,1,False
susu,1,False
gernlist,1,False
reyal,1,False
idiothave,1,False
axpect,1,False
mythopogy,1,False
breakfast,1,True
dew,1,True
drinks,1,True
atangvadi,1,False
assamplz,1,False
muslim।,1,False
amaing,1,False
muslimsbut,1,False
stying,1,False
hku,1,False
bilonging,1,False
pakistqn,1,False
fitnatul,1,False
unmatchable,1,False
numbermodi,1,False
favt,1,False
kanjra,1,False
miserable,1,True
backorder,1,False
‘wait,1,False
‘tell,1,False
rai,1,True
aishwarya,1,False
ranaut,1,False
kangana,1,False
potty,1,False
destory,1,False
emam,1,False
mankind,1,True
misguide,1,False
ireali,1,False
you…,1,False
bash,1,True
warking,1,False
regretful,1,False
radiate,1,False
flex,1,True
reliability,1,True
jimmewari,1,False
heck,1,True
terriossm,1,False
missuse,1,False
popularty,1,False
poplurty,1,False
laiyer,1,False
bloch,1,False
suppression,1,True
backsliding,1,False
stateled,1,False
structural,1,True
avoids,1,True
factchecking,1,False
recycled,1,True
‘rational,1,False
belittling,1,False
flatters,1,False
uld,1,False
pelgram,1,False
serrax,1,False
sorryyy,1,False
biasednes,1,False
jindabaad,1,False
syad,1,False
nationalityu,1,False
sucess,1,False
imram,1,False
khalo,1,False
gu,1,True
theruvath,1,False
arif,1,False
informationdhruv,1,False
ourjawansgreat,1,False
countryes,1,False
buddhist,1,True
aot,1,False
eldians,1,False
technique,1,True
marleyans,1,False
jhoooot,1,False
saaar,1,False
arse,1,False
kicked,1,True
othering,1,False
swallowed,1,False
sikam,1,False
wide,1,True
peddler,1,False
ranks,1,True
nuetral,1,False
nuthing,1,False
narrates,1,False
sahniforce,1,False
safegaurd,1,False
misinfrmtion,1,False
reprt,1,False
reprted,1,False
aapny,1,False
bachay,1,False
chooran,1,False
bhee,1,False
investigator,1,True
bhjpaa,1,False
propergenda,1,False
apps,1,True
gambling,1,True
waitour,1,False
locwhy,1,False
apo,1,True
beechara,1,False
hny,1,False
cherrypicked,1,False
framing,1,True
pseudoobjectivity,1,False
arrogance,1,False
rafayl,1,False
ahot,1,False
chouan,1,False
content…,1,False
brother…,1,False
teddy,1,True
refaile,1,False
nearest,1,True
bypass,1,True
obeying,1,False
carryminati,1,False
submarines,1,False
ane,1,False
modisuggest,1,False
sampathy,1,False
durust,1,False
der,1,True
platypus,1,False
alwire,1,False
spm,1,False
pakstanis,1,False
brace,1,True
nit,1,False
bunianal,1,False
reacts,1,False
distrubed,1,False
madia,1,False
cmakg,1,False
jfc,1,False
murshidabads,1,False
bencho,1,False
fantasies,1,True
bottle,1,True
zindabaddhurv,1,False
leopold,1,False
politions,1,False
burkano,1,False
strock,1,False
fakistan,1,False
ip,1,True
reserch,1,False
hosting,1,True
neighborsmodi,1,False
soragrat,1,False
londa,1,False
arunchal,1,False
alo,1,False
bergade,1,False
feilds,1,False
andhnamazi,1,False
officel,1,False
sory,1,False
maira,1,False
hhh,1,False
refine,1,True
richtig,1,False
jinnahfor,1,False
mobile,1,True
sevice,1,False
puja,1,False
laserman,1,False
raally,1,False
warh,1,False
guitar,1,True
buchar,1,False
nrindra,1,False
tersest,1,False
sircan,1,False
fallacy,1,False
straw,1,True
syedmuzzamilofficial,1,False
wastes,1,True
chhatishgarh,1,False
har,1,True
narendar,1,False
engineermuhammadalimirza,1,False
educators,1,True
madman,1,False
peopls,1,False
rajistani,1,False
modikiller,1,False
organizationbut,1,False
govy,1,False
warindian,1,False
‘raw,1,False
mongerers,1,False
senacow,1,False
bandarchaadi,1,False
reopend,1,False
represented,1,True
lands,1,True
indulge,1,False
karan,1,False
shold,1,False
invesrigation,1,False
pakisthani,1,False
unacdemy,1,False
toppers,1,False
edtech,1,False
chhatishtgarh,1,False
plss,1,False
mines,1,True
jungle,1,True
hasdeo,1,False
chey,1,False
nuv,1,False
hyy,1,False
hotha,1,False
chainal,1,False
tera,1,False
jhuti,1,False
latrine,1,False
figher,1,False
yh,1,False
outlet,1,True
ratee,1,False
casteist,1,False
shamless,1,False
greatyou,1,False
pooped,1,False
paijan,1,False
thay,1,False
kiye,1,False
bangledeshi,1,False
honeymoon,1,True
pd,1,True
baldistan,1,False
gilgat,1,False
securing,1,True
wakf,1,False
triangle,1,True
bermuda,1,True
dajjal,1,False
diss,1,False
ubut,1,False
gey,1,False
prr,1,False
wali,1,False
scorepak,1,False
ho,1,True
bnaty,1,False
vasooly,1,False
dhandha,1,False
dobyou,1,False
shawdow,1,False
dhruav,1,False
politicization,1,False
weakenting,1,False
crises,1,True
poorly,1,True
slowdown,1,False
rafial,1,False
flash,1,True
buttan,1,False
uncertainty,1,True
investor,1,True
delays,1,True
inconsistency,1,False
deals,1,True
crossings,1,False
floor,1,True
۔۔,1,False
carriers,1,True
strain,1,True
respet,1,False
membar,1,False
hed,1,False
voot,1,False
mainu,1,False
smartest,1,False
warningdont,1,False
attangwad,1,False
chudwane,1,False
maan,1,False
cort,1,False
suprime,1,False
discovery,1,True
nodles,1,False
pollymatalic,1,False
chexk,1,False
isherpreetsinghsidhu,1,False
hovy,1,False
sirr,1,False
expos,1,False
druhv,1,False
soucre,1,False
shephert,1,False
charman,1,False
rajputthe,1,False
nimish,1,False
jhoooooooooooooooth,1,False
waarr,1,False
hogai,1,False
kasy,1,False
bata,1,False
sofwer,1,False
lollypop,1,False
lagdia,1,False
vedia,1,False
tuhadia,1,False
agitate,1,False
actualll,1,False
hydroelectric,1,False
bhramaputra,1,False
vdeo,1,False
matchless,1,False
revocation,1,True
region…,1,False
bhakt,1,False
anndh,1,False
dar,1,True
trueness,1,False
ℹ,1,False
harald,1,False
rackige,1,False
channells,1,False
congresss,1,False
chemistry,1,True
biology,1,True
misguidance,1,False
letss,1,False
canceled,1,True
firozpur,1,False
rioters,1,False
caravan,1,True
evrey,1,False
crop,1,True
kharif,1,False
chenab,1,False
pichai,1,False
sundor,1,False
tacoma,1,True
corps,1,True
strugling,1,False
kashmeer,1,False
csd,1,False
kanda,1,False
hatiya,1,False
durbar,1,False
fireworks,1,True
mastrubation,1,False
portraiting,1,False
matlab,1,True
ishka,1,False
muzammmil,1,False
capita,1,True
xalled,1,False
coated,1,True
kidsare,1,False
sayliitle,1,False
sou,1,False
rathhee,1,False
thanx,1,True
touts,1,False
trouth,1,False
neta,1,False
sekular,1,False
effiminate,1,False
crhindustan,1,False
pengladesh,1,False
infiltrators,1,False
camouflaged,1,False
breeding,1,True
exponential,1,True
delivered,1,True
thoae,1,False
viyomika,1,False
ricpect,1,False
jabrdast,1,False
inoperable,1,False
cratered,1,False
towers,1,True
atc,1,True
mushaf,1,False
bholari,1,False
awacs,1,False
eligibal,1,False
remontada,1,False
evidances,1,False
ucrazy,1,False
nclt,1,False
ltd,1,True
uttam,1,False
gundagardi,1,False
banaiye,1,False
pronunciation,1,True
elluminaty,1,False
arise,1,True
soondur,1,False
rapist,1,False
cutpandit,1,False
volunteers,1,True
shaken,1,False
ansar,1,False
beautifull,1,False
contentkudos,1,False
lanty,1,False
briefinggo,1,False
slides,1,True
ppt,1,True
pressconfrence,1,False
triservice,1,False
inshaallah,1,False
nevertheless,1,True
genocidal,1,False
heygood,1,False
paiser,1,False
unsubscrining,1,False
bhro,1,False
investors,1,True
retail,1,True
corporates,1,False
requiring,1,True
cleary,1,False
targating,1,False
tadipar,1,False
cnt,1,False
culprityou,1,False
pislam,1,False
ani’s,1,False
regality,1,False
valor,1,False
showcases,1,False
thnxxx,1,False
achha,1,False
grps,1,False
bey,1,False
thenq,1,False
abouts,1,False
ua,1,True
ragebait,1,False
parroting,1,False
intelectuals,1,False
proceedings,1,True
blush,1,True
in—,1,False
neutralize,1,False
boron,1,False
newsthere,1,False
whare,1,False
scarce,1,True
sanction,1,True
people”,1,False
“my,1,False
geya,1,False
youtubuer,1,False
coronavirus,1,False
achievement,1,True
trigonometry,1,False
peaches,1,False
endorsed,1,True
banker,1,True
scarface,1,True
commoners,1,False
knowjai,1,False
definitions,1,True
calculate,1,True
overindian,1,False
rssindia,1,False
syestm,1,False
lolxx,1,False
mililtry,1,False
sangh,1,False
maligaon,1,False
kalbhosha,1,False
samjhota,1,False
soooooooooo,1,False
informeted,1,False
thenx,1,False
woooooooooooo,1,False
taxt,1,False
dissipation,1,False
unpopular,1,False
quotes,1,True
roy,1,True
rammohan,1,False
omg,1,True
damged,1,False
unsuccessfully,1,False
losted,1,False
wicked,1,True
broyou,1,False
jutha,1,False
rackage,1,False
alpha,1,True
ratt,1,False
suhag,1,False
bainchod,1,False
shala,1,False
bangaldesh,1,False
fovear,1,False
godehi,1,False
dinda,1,False
moulding,1,False
twisting,1,False
video’s,1,False
admi,1,False
religons,1,False
scolar,1,False
judje,1,False
uu,1,True
kian,1,False
kuu,1,False
ghee,1,False
kahoo,1,False
yehi,1,False
identifying,1,True
formulize,1,False
banaya,1,False
otar,1,False
ekhane,1,False
amader,1,False
boro,1,False
bishal,1,False
apner,1,False
bolchi,1,False
kaha,1,False
krwaya,1,False
krwya,1,False
bhailog,1,False
om,1,True
kahi,1,False
achhi,1,False
bahot,1,False
aaye,1,False
abc,1,True
criticismhow,1,False
borrow,1,True
gatherings,1,True
prkistan,1,False
unsub,1,False
color,1,True
intercept,1,True
impressions,1,True
pants,1,True
mater,1,False
sirinagar,1,False
sootr,1,False
quideazam,1,False
diche,1,False
unimaginable,1,False
preachs,1,False
kalmas,1,False
reciite,1,False
fectory,1,False
bulshits,1,False
muftis,1,False
maulvis,1,False
inccocent,1,False
bay,1,True
portrait,1,True
palghar,1,False
rohingiya,1,False
trajic,1,False
moose,1,True
babane,1,False
rafailed,1,False
btch,1,False
karmas,1,False
developments,1,True
belittle,1,False
presumption,1,False
tamed,1,False
pusc,1,False
peek,1,True
sentimentally,1,False
sympathizing,1,False
automonus,1,False
revoking,1,False
khanwho,1,False
ghafar,1,False
frome,1,False
humanshave,1,False
terrirism,1,False
smilar,1,False
terrorits,1,False
timestimes,1,False
defames,1,False
podcost,1,False
rambabu,1,False
downd,1,False
sighted,1,False
ki,1,True
ruswae,1,False
islamophiba,1,False
jmcs,1,False
insider,1,True
dassaults,1,False
hackrer,1,False
presssure,1,False
kidnap,1,False
businessmen,1,False
businessman,1,True
headley,1,False
david,1,True
meantlity,1,False
natiolists,1,False
professionaly,1,False
understad,1,False
warjust,1,False
orthodox,1,True
globalization,1,True
catastrophe,1,False
vendetta,1,False
fashion,1,True
gallery,1,True
losess,1,False
bhaya,1,False
lungs,1,True
deforestation,1,False
voise,1,False
ofac,1,False
sindhura,1,False
aft,1,True
existing,1,True
noooob,1,False
goadi,1,False
phailagham,1,False
mesia,1,False
pailgjam,1,False
lethal,1,True
evils,1,False
aggrogance,1,False
monkies,1,False
reperian,1,False
snitch,1,False
meaningless,1,True
oneyearold,1,False
zahid,1,False
masur,1,False
tarik,1,False
nayak,1,False
zakir,1,False
sashtri,1,False
devendra,1,False
imaginations,1,False
sheet,1,True
bhaiiii,1,False
sorrows,1,False
divers,1,True
earthquakes,1,True
pestilences,1,False
famines,1,False
kjv,1,False
matthew,1,True
overmatch,1,False
peer—if,1,False
remember—pakistan,1,False
chamber,1,True
smallminded,1,False
shy,1,True
adventure,1,True
subsequently,1,True
zimbabar,1,False
tererist,1,False
opretion,1,False
await,1,True
belochi,1,False
incompletely,1,False
agai,1,False
bahawal,1,False
hahahahahahaah,1,False
guptas,1,False
explecetly,1,False
genocider,1,False
representativesi,1,False
realitybased,1,False
aese,1,False
minster,1,False
comfortable,1,True
achieving,1,True
spa,1,True
pester,1,False
barber,1,True
referendum,1,True
kren,1,False
pehle,1,False
britisher,1,False
okeyyonly,1,False
countrydeal,1,False
duffersthey,1,False
attributing,1,False
dissatisfaction,1,False
falsehoods,1,False
believe”,1,False
“we,1,False
chori,1,False
shivanghee,1,False
giry,1,False
kitne,1,False
yesterday’s,1,False
chief’s,1,False
strategies,1,True
polices,1,False
patriortism,1,False
apologise,1,False
acceptedbut,1,False
analist,1,False
chines,1,False
skill,1,True
sphered,1,False
german,1,True
religional,1,False
untill,1,False
miscel,1,False
stringent,1,True
peacebulls,1,False
justice—can,1,False
silicon,1,True
drawback,1,False
bna,1,False
galat,1,False
chak,1,False
pakistanits,1,False
lhr,1,False
walton,1,True
awaaz,1,False
homelands,1,False
israeal,1,False
palagham,1,False
is”,1,False
islamabad’s,1,False
pakistaan,1,False
dustbin,1,False
ratheeghodi,1,False
durve,1,False
displaces,1,False
neutrals,1,False
alhamdolillah,1,False
thoka,1,False
jaake,1,False
khush,1,False
kisv,1,False
sl,1,True
factchecked,1,False
duplicity,1,False
saran,1,False
vilify,1,False
exaggerate,1,False
iagree,1,False
complying,1,True
paralyzed,1,False
cheekily,1,False
missions,1,True
bunyanon,1,False
matryed,1,False
bra,1,True
gunaa,1,False
paven,1,False
aron,1,False
tasori,1,False
manav,1,False
sourcesyour,1,False
enhance,1,True
bongaigaon,1,False
highend,1,False
hahahacome,1,False
flft,1,False
grds,1,False
clack,1,False
dull,1,True
mki,1,False
afhanpoor,1,False
jamo,1,False
boldness,1,False
inyeara,1,False
peess,1,False
currage,1,False
terorrism,1,False
centric,1,True
blochtan,1,False
gernation,1,False
lightning,1,True
fauther,1,False
indiain,1,False
warnt,1,False
chandi,1,False
shmali,1,False
chndi,1,False
patnda,1,False
sharmista,1,False
terrer,1,False
surfacetoair,1,False
longest,1,True
rouge,1,True
saaeds,1,False
hafeez,1,False
moneys,1,False
correctproud,1,False
mast,1,True
terront,1,False
promotingfunding,1,False
hust,1,False
tara,1,True
rights…,1,False
nehru,1,False
ter,1,True
gujranwala,1,False
indirect,1,True
suna,1,False
tumne,1,False
sayad,1,False
airplane,1,True
partitions,1,True
sinag,1,False
terroristan,1,False
secularisms,1,False
pmo,1,False
shail,1,False
podacast,1,False
dhruvdeen,1,False
panoli,1,False
bagging,1,False
sourceandbhakht,1,False
serhax,1,False
drhruve,1,False
crige,1,False
druvee,1,False
condoms,1,True
doland,1,False
awantiporaand,1,False
partially,1,True
reconfirm,1,False
organizationsecond,1,False
tym,1,False
munh,1,False
churi,1,False
baghal,1,False
similarly,1,True
wrongevery,1,False
object,1,True
mile,1,True
pakitan,1,False
egos,1,False
tally,1,True
dron,1,False
comple,1,False
brainstorm,1,False
presentations,1,True
chats,1,True
exploring,1,True
creativity,1,True
companion,1,True
abdaal,1,False
warn,1,True
revails,1,False
vary,1,True
warship,1,False
sayeswe,1,False
qiade,1,False
sorryask,1,False
shamelesshumanity,1,False
princes,1,True
apriciate,1,False
goof,1,False
acheived,1,False
objectives,1,True
themselve,1,False
informati,1,False
manipulations,1,False
them”,1,False
simplified,1,True
reinforcing,1,False
blockades,1,False
disproportionate,1,False
suspension,1,True
sidestepping,1,False
“falseflag”,1,False
“denials”,1,False
subcontinent—to,1,False
fraught,1,False
anyone—especially,1,False
dengerous,1,False
insanity,1,True
chests,1,False
thumping,1,False
lashkar,1,False
jurisprudence,1,False
detentions,1,False
unjust,1,False
terrort,1,False
derived,1,True
mistrust,1,False
deepens,1,False
interconnected,1,False
truth”—but,1,False
acknowledges,1,True
barely,1,True
withholding,1,True
fallout,1,False
brushes,1,True
omits,1,False
intervews,1,False
telecast,1,False
channeels,1,False
awsome,1,False
territors,1,False
faliur,1,False
traitorists,1,False
puch,1,False
qoute,1,False
chart,1,True
adays,1,False
settilite,1,False
iligal,1,False
threshold,1,True
rebranding,1,False
reflected,1,True
bogus,1,True
iraqafghanistan,1,False
mineral,1,True
oil,1,True
unfriendly,1,False
utility,1,True
burner,1,True
invented,1,True
yearsthe,1,False
mination,1,False
standandards,1,False
osama,1,True
applauded,1,False
terroristsso,1,False
opressed,1,False
andul,1,False
pahilgam,1,False
warmongering,1,False
kartarpur,1,False
gestures,1,False
kishanganga,1,False
baglihar,1,False
junagadh,1,False
tritywe,1,False
wording,1,True
eems,1,False
innnocent,1,False
ull,1,False
nvr,1,False
truthness,1,False
doval,1,False
phoney,1,False
holocaust,1,True
silos,1,False
rajneeti,1,False
dominant,1,True
mir,1,True
whoeverwhomever,1,False
strikes”,1,False
greatness,1,False
wishing,1,True
retracted,1,False
settlements,1,True
nonlocal,1,False
sourses,1,False
logger,1,True
hospitals,1,True
highjack,1,False
presenter,1,True
sena”,1,False
“hamari,1,False
desh”,1,False
drives,1,True
modeimf,1,False
upliftment,1,False
digraj,1,False
consfiracy,1,False
speakes,1,False
murshudabad,1,False
duruve,1,False
thriving,1,False
epitome,1,False
“hamaray,1,False
“humara”,1,False
guarded,1,False
dismay,1,False
cornerstone,1,True
kenada,1,False
booth,1,True
truthfulness,1,False
herculian,1,False
retintion,1,False
owe,1,True
isn,1,False
treathy,1,False
beggers,1,False
messile,1,False
onscreen,1,False
blasts,1,False
resulting,1,True
henderson,1,True
brooks,1,True
declassified,1,False
mediation,1,True
mahon,1,False
mac,1,True
patrolled,1,False
asylum,1,True
policy”,1,False
“foreword,1,False
introduced,1,True
kiled,1,False
lndian,1,False
cerdibilty,1,False
concise,1,True
seeks,1,True
peopleor,1,False
juices,1,True
zain,1,False
countryattack,1,False
brotherbrother,1,False
sirtoday,1,False
chakma,1,False
mayong,1,False
conferences,1,True
throuh,1,False
pakistani’s,1,False
praisable,1,False
fs,1,True
partly,1,True
wholly,1,True
sino,1,False
andkeep,1,False
kpkpakistan,1,False
riverswater,1,False
chinameanschina,1,False
winned,1,False
tandur,1,False
joshi,1,False
saurabh,1,False
rajesthan,1,False
officiall,1,False
yaaar,1,False
chancehow,1,False
ofcoursethey,1,False
empathythey,1,False
friendalmost,1,False
religionwho,1,False
pujab,1,False
chakkar,1,False
bechany,1,False
bechary,1,False
slaves,1,True
chenal,1,False
netaji,1,False
welcoming,1,True
pakistann,1,False
jarmni,1,False
password,1,True
navydg,1,False
endedi,1,False
condemnedand,1,False
toohowever,1,False
teorst,1,False
puchonga,1,False
swal,1,False
rathin,1,False
dhorv,1,False
rkha,1,False
helpparticipate,1,False
terrrists,1,False
tors,1,False
tra,1,True
digs,1,False
crucified,1,False
usesld,1,False
tgen,1,False
smjh,1,False
bewkuf,1,False
medium,1,True
bcouse,1,False
phase,1,True
ciritise,1,False
cos,1,True
influenza,1,True
knsay,1,False
balchistn,1,False
theek,1,False
kiu,1,False
maray,1,False
jafry,1,False
tou,1,False
failate,1,False
nafrat,1,False
dikhta,1,False
tumhe,1,False
godhra,1,False
yahi,1,False
authoritiesarmy,1,False
drought,1,True
bheju,1,False
xinjiang,1,False
uighur,1,False
cuba,1,True
flimsy,1,False
liesoucre,1,False
absoule,1,False
baseand,1,False
chaiye,1,False
pandy,1,False
chulbul,1,False
sholud,1,False
agained,1,False
ambulances,1,False
bolty,1,False
kitni,1,False
lagaow,1,False
dimagh,1,False
hojae,1,False
musik,1,True
dajjali,1,False
hindhus,1,False
extinct,1,False
changemass,1,False
bhe,1,False
blaadari,1,False
choro,1,False
phulama,1,False
syyad,1,False
indian…,1,False
creed,1,True
upward,1,True
isro,1,False
sargoha,1,False
alligates,1,False
unseen,1,True
explorar,1,False
bumyanummarsoos,1,False
surged,1,False
chengdu,1,False
dassualt,1,False
prohibited,1,True
tim,1,True
thingyou,1,False
jahan,1,False
jaga,1,False
itni,1,False
tor,1,True
khas,1,False
opreation,1,False
himat,1,False
rafaill,1,False
thinfs,1,False
fuckistan,1,False
ratheegodi,1,False
liey,1,False
muslimsvictim,1,False
nothingburdn,1,False
namaste,1,False
unambiguously,1,False
wamt,1,False
parasite,1,False
cheak,1,False
immature,1,False
sinister,1,True
unadultarated,1,False
prey,1,True
fucks,1,True
sarkari,1,False
hojayenge,1,False
naraj,1,False
phalgaam,1,False
itz,1,False
pochty,1,False
ku,1,True
checkposts,1,False
upminorities,1,False
hindusgrow,1,False
hindusim,1,False
salam,1,False
aleh,1,False
spring,1,True
nitishrajpoot,1,False
wannabe,1,False
syedmazammalshah,1,False
aao,1,False
prh,1,False
druvrathee,1,False
veapon,1,False
challenged,1,True
bail,1,True
kahaniyan,1,False
sufferirng,1,False
rosebud,1,False
atangwadi,1,False
apka,1,False
lagta,1,False
invent,1,False
uncle,1,True
bahawalpurthere,1,False
broad,1,True
terrsm,1,False
kholi,1,False
narindar,1,False
charters,1,True
moje,1,False
cource,1,False
expiringbetter,1,False
countrychina,1,False
darny,1,False
ha,1,True
dunia,1,False
reseach,1,False
dbaruv,1,False
ple,1,False
tbfh,1,False
alligations,1,False
pisses,1,False
htis,1,False
diia,1,False
ker,1,False
ratheeka,1,False
listenfrom,1,False
inferiority,1,False
teeling,1,False
pakisani,1,False
expresss,1,False
border…,1,False
hai…it,1,False
pakda,1,False
jiski,1,False
jaysi,1,False
basoc,1,False
howwae,1,False
bolu,1,False
oath,1,True
paxtans,1,False
pohnchy,1,False
qll,1,False
ases,1,False
bhae,1,False
ustad,1,False
zoom,1,True
selecting,1,True
idealise,1,False
utubers,1,False
laundryetc,1,False
deshbhktnews,1,False
initiativepf,1,False
statecraft,1,False
chahye,1,False
srf,1,False
tmay,1,False
mingle,1,False
lynched,1,False
btao,1,False
froude,1,False
lilling,1,False
fuckin,1,True
moron,1,False
mythical,1,False
clause,1,True
kasmirirs,1,False
plebsite,1,False
atankad,1,False
ll,1,True
miscalculation,1,False
sawhnay,1,False
praveen,1,False
prople,1,False
balochstan,1,False
hinduspakistanis,1,False
alhmdolillah,1,False
boltay,1,False
weat,1,False
banyanol,1,False
disputs,1,False
momentum,1,True
chaturvedi,1,False
paracetamol,1,False
medicines,1,True
anialways,1,False
aniasia,1,False
rant,1,True
straightup,1,False
flexin’,1,False
tryna,1,False
jokerdhruv,1,False
parrikar,1,False
horizon,1,True
stargate,1,True
psychics,1,False
defect,1,True
jarur,1,False
rafa,1,False
warming,1,True
lizard,1,True
halak,1,False
buttom,1,False
vediosalute,1,False
trrorist,1,False
imagegood,1,False
fatchzz,1,False
collab,1,False
vedasramayanmahabharatgita,1,False
anty,1,False
ofmr,1,False
dost,1,False
gosawami,1,False
fazool,1,False
coverd,1,False
esko,1,False
buddhism,1,True
basing,1,False
proude,1,False
bazaar,1,True
lunda,1,False
pyaar,1,False
sponserd,1,False
gorvment,1,False
saraswati,1,False
mysterious,1,True
crymunna,1,False
harddont,1,False
coujtries,1,False
drowns,1,False
bfo,1,False
unlikes,1,False
tones,1,True
munnayu,1,False
sushant,1,False
alwaysimp,1,False
butnot,1,False
critic,1,True
upnisad,1,False
mahapuran,1,False
foryou,1,False
tracked,1,True
lashkars,1,False
tagged,1,True
priest,1,True
agra,1,False
winer,1,False
undisputed,1,False
hostel,1,True
instantly,1,True
message—everything,1,False
highquality,1,False
versatile,1,True
rabis,1,False
propagandawhy,1,False
headache,1,True
paakandee,1,False
shimla,1,False
himachal,1,False
chooroperation,1,False
chikna,1,False
suman,1,False
cousine,1,False
indialove,1,False
preacher,1,True
sahafi,1,False
subscribrs,1,False
youself,1,False
isrel,1,False
terity,1,False
reveald,1,False
ashif,1,False
telengana,1,False
bullshi,1,False
detonate,1,False
naxalite,1,False
naxalism,1,False
joking,1,False
daul,1,False
giglt,1,False
vasuli,1,False
hafta,1,False
pakistanyour,1,False
wronng,1,False
aapka,1,False
karnal,1,False
neplease,1,False
sentimentsok,1,False
negotiating,1,True
shubhash,1,False
atul,1,False
sorce,1,False
abundant,1,True
indepandent,1,False
majak,1,False
droll,1,False
rastra,1,False
browhy,1,False
politik,1,False
astiblishmint,1,False
chacha,1,False
kidr,1,False
bacche,1,False
acquisition,1,True
challengers,1,False
peoplevidio,1,False
trol,1,False
himantwa,1,False
upstreams,1,False
alla,1,True
bohat,1,False
zaberdust,1,False
sinoor,1,False
poilets,1,False
spammer,1,False
sabaas,1,False
minoritypls,1,False
ethinic,1,False
uper,1,False
damodardas,1,False
balochistanthis,1,False
probe,1,True
cadres,1,False
kalbhushan,1,False
fouling,1,False
dhona,1,False
rona,1,False
lahor,1,False
appologise,1,False
independant,1,False
assembled,1,True
provoking,1,False
youtuberdont,1,False
videoslearn,1,False
paperswar,1,False
deth,1,False
sirilanka,1,False
huff,1,False
educations,1,False
sponsring,1,False
subcriber,1,False
jhootsham,1,False
sikkh,1,False
maen,1,False
prays,1,False
underground,1,True
piss,1,True
secs,1,True
indianso,1,False
satisfactorybut,1,False
monk,1,True
mattergodi,1,False
necks,1,False
assessed,1,True
airstrip,1,False
osint,1,False
vanzara,1,False
dozer,1,False
wapsi,1,False
ghar,1,False
vahini,1,False
yuva,1,False
yogis,1,False
naroda,1,False
gulberg,1,False
babri,1,False
terrerst,1,False
gujraat,1,False
estimate,1,True
saarc,1,False
varsh,1,False
dedicate,1,False
thread,1,True
spinning,1,True
athiesm,1,False
bunian,1,False
media۔,1,False
bloodshed,1,False
vacate,1,False
chitral,1,False
chutye,1,False
slay,1,False
zalalat…,1,False
siligudi,1,False
،without,1,False
tinsukia,1,False
melt,1,True
broooooooo,1,False
mahabodhi,1,False
pleaseeeeee,1,False
crashwd,1,False
poltics,1,False
videojai,1,False
cuty,1,False
rohtak,1,False
piltical,1,False
topup,1,False
aziz,1,False
ismail,1,False
etc…,1,False
episod,1,False
uttered,1,False
zunheboto,1,False
raffal,1,False
dimapur,1,False
snake,1,True
kashmir…,1,False
smoldering,1,False
punjab…,1,False
amarpreet,1,False
politicts,1,False
whan,1,False
misra,1,False
vikrim,1,False
bdt,1,False
imposes,1,False
seme,1,False
armypakistani,1,False
exploitation,1,True
dhiruv,1,False
abrahim,1,False
aganist,1,False
lovee,1,False
dancers,1,True
erotic,1,True
seminude,1,False
bhikaristanis,1,False
mandhru,1,False
uthao,1,False
subermanian,1,False
muzamil’s,1,False
tvnews,1,False
agaunst,1,False
inckuded,1,False
pfficer,1,False
popld,1,False
duedajor,1,False
terrotiest,1,False
aftdr,1,False
crotixezed,1,False
pakistaninpeiple,1,False
raethee,1,False
dhwruv,1,False
sits,1,True
raheemyar,1,False
hinds,1,False
bustered,1,False
conservative,1,True
height,1,True
mons,1,False
olympus,1,True
kary,1,False
tumko,1,False
rattee,1,False
gujerat,1,False
ficus,1,False
dekhna,1,False
traoré,1,False
mesile,1,False
feku,1,False
pkin,1,False
fuced,1,False
shoukd,1,False
muskim,1,False
specialist,1,True
recognising,1,False
harcb,1,False
attach,1,True
gujrati,1,False
ratheeeeeee,1,False
talibans,1,False
hereindian,1,False
chaper,1,False
propagandalist,1,False
qnd,1,False
connections,1,True
opertions,1,False
cringe,1,False
intreseted,1,False
muzamal,1,False
commenter,1,False
campain,1,False
ata,1,True
lndia,1,False
dhruvthank,1,False
taka,1,False
wath,1,False
beacase,1,False
yoj,1,False
bvr,1,False
transaction,1,True
channelendians,1,False
secured,1,True
mam,1,False
baiting,1,False
heritec,1,False
clone,1,True
madarsachap,1,False
grock,1,False
buttuon,1,False
exposd,1,False
refele,1,False
foure,1,False
npl,1,False
youtubeer,1,False
milti,1,False
himmat,1,False
beast,1,True
jeth,1,False
heve,1,False
thailand,1,True
nihang,1,False
ktnaty,1,False
rathyvsb,1,False
daikh,1,False
meadia,1,False
bnado,1,False
bharty,1,False
pending,1,True
qalboshin,1,False
bloachistan,1,False
agaya,1,False
kesa,1,False
etna,1,False
inidan,1,False
muslima,1,False
recept,1,False
trrorssssst,1,False
laga,1,False
achcha,1,False
bohut,1,False
‘dhruv,1,False
‘we,1,False
ghairathimmat,1,False
deams,1,False
dhruce,1,False
bola,1,False
bare,1,True
iss,1,True
cammantgays,1,False
bait,1,True
bootn,1,False
rahy,1,False
grialy,1,False
nland,1,False
laskara,1,False
togetherthe,1,False
pic,1,True
huye,1,False
kyun,1,False
byee,1,False
lagraha,1,False
maf,1,False
heinn,1,False
rehy,1,False
aag,1,False
tumhary,1,False
antimodi,1,False
banaiy,1,False
yoy,1,False
drowned,1,False
toothey,1,False
imprison,1,False
hhhhhh,1,False
perpetrating,1,False
dawood,1,False
catastrophic,1,True
antigodi,1,False
government—especially,1,False
secularists,1,False
briefings,1,True
victimized,1,False
razasomo,1,False
attrocities,1,False
deobandi,1,False
laskhr,1,False
greeted,1,True
latif,1,False
commanders,1,True
thisall,1,False
akas,1,False
cowardcorrupt,1,False
intelluctual,1,False
acedemic,1,False
pety,1,False
trigered,1,False
asad,1,False
crippled,1,False
craziness,1,False
jetsrefeuleraewcew,1,False
teerorist,1,False
nob,1,False
khalsa,1,False
hiddenwestern,1,False
aadmi,1,False
rahimyarkhan,1,False
porki,1,False
debited,1,False
tropical,1,True
yanomamis,1,False
denay,1,False
enroll,1,True
nurture,1,False
rosts,1,False
jealousing,1,False
why’d,1,False
probing,1,True
tanking,1,False
reporters,1,True
surety,1,False
disengage,1,False
disapproves,1,False
fondness,1,False
misleaders,1,False
moodigooodi,1,False
importantvalued,1,False
goooooidi,1,False
farzi,1,False
proclaim,1,False
polititians,1,False
gravely,1,False
vast,1,True
bagerat,1,False
joti,1,False
personalities,1,True
hruts,1,False
weere,1,False
reportsfir,1,False
implicitly,1,False
demented,1,False
didand,1,False
apprehensive,1,False
similarities,1,True
friendim,1,False
functional,1,True
speculate,1,False
abnormal,1,True
acquiring,1,True
disclosing,1,False
dhirender,1,False
intersex,1,False
gender,1,True
sexuality,1,True
homophobic,1,False
asnwer,1,False
why’s,1,False
hack,1,True
weaponizing,1,False
nujib,1,False
occupy,1,True
moresorry,1,False
server,1,True
vpnfrom,1,False
excess,1,True
sweets,1,True
soveriegn,1,False
tex,1,True
tpe,1,False
ghoooti,1,False
khel,1,False
mat,1,True
brillient,1,False
softwere,1,False
aged,1,True
ieif,1,False
jahangir,1,False
emperor,1,True
mughal,1,False
fakness,1,False
pindi,1,False
ledftist,1,False
advertised,1,True
backtracked,1,False
mode,1,True
deniable,1,False
plausible,1,True
chit,1,True
immaterial,1,False
executioner,1,False
judgejury,1,False
weirdly,1,False
fobi,1,False
misunderstandings,1,False
dharinder,1,False
collects,1,True
isnl,1,False
said“a,1,False
jaishemohammad,1,False
changedthe,1,False
lossesso,1,False
respondbjps,1,False
thingsmodi,1,False
thingsyour,1,False
releasedbut,1,False
cantonment,1,False
destructionmultiple,1,False
destructionbrahmos,1,False
pakistanfootages,1,False
infrastructures,1,False
argumentsand,1,False
unnoticed,1,False
kasmiri,1,False
integration,1,True
fulfilled,1,True
pause,1,True
consists,1,True
fucd,1,False
flowing,1,True
morality,1,True
olds,1,True
bloke,1,False
urging,1,True
aliveplease,1,False
civilianson,1,False
victoriousin,1,False
defeatwhy,1,False
facejust,1,False
speakingbut,1,False
frank,1,True
hideand,1,False
rsthee,1,False
visions,1,True
hinutva,1,False
jata,1,False
chala,1,False
nationalistt,1,False
fireyyyyyy,1,False
uhhhhhh,1,False
hutaho,1,False
leye,1,False
uspr,1,False
bh,1,True
algo,1,False
bast,1,False
cheeky,1,False
acquired,1,True
krdy,1,False
mindwashed,1,False
poslamists,1,False
floop,1,False
bhatt,1,False
neil,1,True
identical,1,True
rainforest,1,True
puppet—just,1,False
retrospection,1,False
surrendering,1,False
dhruvrathe,1,False
inam,1,False
haramkhor,1,False
cheaters,1,False
misreporting,1,False
bhar,1,False
reqect,1,False
pary,1,False
fer,1,False
kia,1,True
hei,1,False
jhtooothe,1,False
khelaf,1,False
notbthanbyou,1,False
atankwadi,1,False
glitch,1,False
prashnat,1,False
kroo,1,False
saab,1,True
americarussia,1,False
phr,1,False
unemployment,1,True
dhruc,1,False
bagheshwar,1,False
liching,1,False
bro…don’t,1,False
civilans,1,False
biasing,1,False
detached,1,True
adityanath,1,False
atleast…,1,False
propganda,1,False
spidermanbatsmaniron,1,False
supermansuperstar,1,False
cha,1,True
yanum,1,False
bun,1,False
hellow,1,False
kesy,1,False
naxalites,1,False
eed,1,False
terit,1,False
bycoot,1,False
diversenary,1,False
bareilly,1,False
agarwal,1,False
shlok,1,False
literaly,1,False
vo,1,True
dekha,1,False
rocked,1,False
betha,1,False
hoursm,1,False
batana,1,False
banana,1,True
zaroor,1,False
informationlove,1,False
kesi,1,False
condom,1,True
tabha,1,False
dhruvebaseless,1,False
explainationam,1,False
irrelevnt,1,False
bhaione,1,False
ka,1,True
dedooooo,1,False
proveeeeeee,1,False
bhaiiiii,1,False
losssss,1,False
paj,1,False
bachy,1,False
sal,1,True
se,1,True
hon,1,True
hhaha,1,False
hamly,1,False
yah,1,False
tabi,1,False
hoty,1,False
jb,1,True
btayn,1,False
vaiya,1,False
dherendra,1,False
finesh,1,False
hattsoff,1,False
freeze,1,True
noone,1,False
contacted,1,True
channel…good,1,False
dirtory,1,False
enjoyed,1,True
indiathey,1,False
compaire,1,False
visiting,1,True
tourrest,1,False
harrased,1,False
safei,1,False
adult,1,True
jhotha,1,False
jeet,1,False
eeet,1,False
strangle,1,False
pleasw,1,False
northern,1,True
childerns,1,False
drills,1,True
intentionally…,1,False
mistakenly,1,False
cloth,1,True
outdated,1,True
formation,1,True
inaccuracies,1,True
contained,1,True
okasha,1,False
alerted,1,False
alterted,1,False
dominating,1,False
simplicity,1,True
walls,1,True
register,1,True
chakravyuh,1,False
abhimanyus,1,False
labourers,1,False
rural,1,True
worsening,1,False
mongrer,1,False
backclash,1,False
poopjeets,1,False
discarded,1,True
mandal,1,False
nath,1,False
jogendra,1,False
palkhi,1,False
weaker,1,True
enmity,1,False
panolis,1,False
propagating,1,False
cheater,1,False
intentional…,1,False
hangers,1,False
beliver,1,False
follwers,1,False
collapsing,1,False
fairminded,1,False
methodology,1,True
staunch,1,False
pakistaniwe,1,False
territorism,1,False
satiated,1,False
muffin,1,False
rexhas,1,False
bebe,1,False
disciplinary,1,True
acivil,1,False
leather,1,True
shekh,1,False
ronk,1,False
attackswhat,1,False
upliarindia,1,False
misrepresented,1,False
misquoted,1,False
pharmacies,1,True
hinduowned,1,False
lodged,1,True
proofevidence,1,False
nila,1,False
parven,1,False
andbakth,1,False
ethnicity,1,True
deportations,1,False
despair,1,True
urgency,1,True
exile,1,True
chaudhry,1,False
blown,1,True
fightreligion,1,False
entertaining,1,True
indicating,1,True
vand,1,False
colonization,1,False
ranging,1,True
shithole,1,False
sessed,1,False
pskistan,1,False
well—not,1,False
audence,1,False
mixing,1,True
comapre,1,False
conisder,1,False
tought,1,False
proterror,1,False
passionate,1,True
prespective,1,False
dictates,1,False
thief,1,True
youngsters,1,False
drum,1,True
profits,1,True
responsed,1,False
mighty,1,True
retort,1,False
agaist,1,False
reads,1,True
millionaires,1,False
tendency,1,True
apples,1,True
teen,1,True
natures,1,False
hypocritic,1,False
lumber,1,True
sowed,1,False
harboured,1,False
ruining,1,False
srpead,1,False
bhutto,1,False
zulfaqar,1,False
muzamils,1,False
hygiene,1,True
voted,1,True
pasand,1,False
intaha,1,False
chaddis,1,False
eggs,1,True
butchering,1,False
fuelled,1,False
netizens,1,False
masterminds,1,False
socialized,1,False
personalized,1,True
indiabecause,1,False
geniusso,1,False
down…,1,False
sensemoreover,1,False
pakistanshowing,1,False
fundamentalists,1,False
corrapt,1,False
cameentered,1,False
invaders,1,False
wives,1,True
glorifies,1,False
decent,1,True
saccular,1,False
wowthis,1,False
corrections,1,True
auido,1,False
poster,1,True
posters,1,True
pajalgam,1,False
thst,1,False
videothe,1,False
alias,1,True
eliminated,1,True
spokesmen,1,False
signatures,1,True
musque,1,False
ling,1,True
slip,1,True
nerative,1,False
ofyour,1,False
establishment’s,1,False
powerless,1,False
stoping,1,False
bastered,1,False
viewing,1,True
subscibe,1,False
distributed,1,True
mill,1,True
gotta,1,True
causality,1,False
rhat,1,False
doea,1,False
clearer,1,True
soilders,1,False
vidoe,1,False
reapect,1,False
crowded,1,True
bombardment,1,False
khair,1,False
inevitable,1,True
impulsive,1,False
stirr,1,False
itsome,1,False
resquest,1,False
actress,1,True
grader,1,False
buses,1,True
unguarded,1,False
lamp,1,True
magic,1,True
aladdin’s,1,False
consoling,1,False
partisan,1,True
baning,1,False
truthmost,1,False
consonterating,1,False
akand,1,False
coordinating,1,True
persepective,1,False
terrsim,1,False
pf,1,True
histroy,1,False
pla,1,False
milartary,1,False
staremployee,1,False
commencement,1,True
banyanun,1,False
operationsindoor,1,False
reconvice,1,False
apparently,1,True
slow,1,True
responsibly,1,False
peaceloving,1,False
accusatory,1,False
rattledwownice,1,False
mow,1,False
industreaty,1,False
creat,1,False
godscience,1,False
beheaded,1,False
critisied,1,False
ithers,1,False
sketches,1,True
issued,1,True
unilateral,1,False
neighbourhood,1,True
scizefire,1,False
retiliated,1,False
comparatively,1,False
revisiting,1,False
pharmaceutical,1,True
fits,1,True
she’s,1,False
cuttings,1,False
mr…,1,False
anthropology,1,True
researchers,1,True
broadly,1,True
admited,1,False
plays,1,True
guj,1,False
tn,1,True
terroristsany,1,False
execute,1,True
monarchy,1,False
overthrow,1,False
itbut,1,False
vai,1,False
generationwhat,1,False
channelbut,1,False
somethingi,1,False
economical,1,True
advancement,1,True
technological,1,True
haanikark,1,False
mus,1,True
ullu,1,False
research—youre,1,False
unintended,1,False
rechecked,1,False
dumping,1,True
instabilities,1,False
commentary,1,True
nuts,1,True
pair,1,True
ppunch,1,False
pounch,1,False
aoa,1,False
tweeted,1,False
devices,1,True
laborers,1,False
cbse,1,False
clutch,1,True
ppls,1,False
mindless,1,True
targetting,1,False
proxsez,1,False
pahaglam,1,False
review—where,1,False
hindutvarss,1,False
andhbakhat,1,False
uncovering,1,False
depending,1,True
britsh,1,False
london,1,True
waching,1,False
comedyyou,1,False
hehe,1,True
commentthat,1,False
traores,1,False
toss,1,True
resembling,1,False
selflessnes,1,False
cashed,1,False
undersand,1,False
dignified,1,False
dreadful,1,False
hardline,1,False
raga,1,False
captivating,1,False
“unknown”,1,False
told”,1,False
sources”,1,False
“french,1,False
armour,1,True
supplied,1,True
avm,1,False
skil,1,False
convincingly,1,False
wellwritten,1,False
employment,1,True
newsflash,1,False
contention,1,True
bone,1,True
himselfparachuted,1,False
trainer,1,True
rafat,1,False
sanitation,1,True
approximately,1,True
drawn,1,True
bigoted,1,False
retaliations,1,False
qualities,1,True
jeoulse,1,False
licenses,1,True
trader,1,True
issueand,1,False
notices,1,True
influential,1,True
pbuh,1,False
manu,1,False
laps,1,True
thankx,1,False
informated,1,False
disrespecting,1,False
mola,1,False
assalamualaikum,1,False
aircratfs,1,False
jawan,1,False
airchief,1,False
aprat,1,False
rism,1,False
terro,1,False
rathy,1,False
anyday,1,False
accomodating,1,False
ethos,1,False
colonies,1,True
parsi,1,False
sha,1,True
manek,1,False
occasion,1,True
invlove,1,False
moode,1,False
truce,1,False
evident—you,1,False
abhiut,1,False
repsect,1,False
bribes,1,False
asadullah,1,False
disrupt,1,False
leveraging,1,True
staking,1,False
collage,1,True
sonkamble,1,False
abhinav,1,False
neighborhood,1,True
wananje,1,False
yadavrow,1,False
sachin,1,False
undergoing,1,True
malnutrition,1,False
rice,1,True
atta,1,False
hogh,1,False
shwoing,1,False
yesthis,1,False
nationif,1,False
paragraph,1,True
devika,1,False
phehalgam,1,False
senior,1,True
virtual,1,True
unprofessionalism,1,False
fyip,1,False
proofed,1,False
recovery,1,True
loan,1,True
convayed,1,False
pappies,1,False
siren,1,False
covey,1,False
extremisim,1,False
coaps,1,False
tharoo,1,False
batttle,1,False
crasehd,1,False
fa,1,True
phalgram,1,False
backer,1,False
dalllaal,1,False
freak,1,True
unsupported,1,True
islanic,1,False
ploy,1,False
extremsism,1,False
rescuers,1,False
brothis,1,False
sympathizer,1,False
bulldoze,1,False
ethist,1,False
shiks,1,False
patwaris,1,False
childo,1,False
beggar,1,False
liberty,1,True
aajaye,1,False
shear,1,True
thretens,1,False
credibility”,1,False
vdos,1,False
disparately,1,False
commenters,1,False
rawfa,1,False
statments,1,False
offshoot,1,False
sparrow,1,True
slight,1,True
realizes,1,False
affection,1,True
validate,1,True
wacth,1,False
scrutinized,1,False
trend,1,True
lasted,1,True
mountainstunnels,1,False
jungles,1,False
notorious,1,True
geographical,1,True
currency,1,True
maharaj,1,False
ramdas,1,False
gift,1,True
genesis,1,True
hindu”,1,False
nope,1,True
evolve,1,True
sentimental,1,False
kled,1,False
yourfamilys,1,False
gathered,1,True
precisely,1,True
azher,1,False
zunaira,1,False
baniya,1,False
arora,1,False
mubarak,1,False
sociology,1,True
macro,1,True
wag,1,False
leftover,1,False
subramanyam,1,False
crude,1,True
government’s,1,False
preinserted,1,False
pm—just,1,False
jkl,1,False
ogws,1,False
bang,1,True
earnings,1,True
classess,1,False
tampering,1,False
departments,1,True
securitised,1,False
dehli,1,False
campa,1,False
tarwal,1,False
inzaam,1,False
junulistd,1,False
manssor,1,False
oir,1,False
illeterate,1,False
associated,1,True
relational,1,True
yazed,1,False
mouthpiece,1,False
beholden,1,False
functioning,1,True
tagging,1,True
resson,1,False
grate,1,False
waddi,1,False
antank,1,False
pepole,1,False
basterd,1,False
gernels,1,False
explaned,1,False
apologized,1,False
media—that,1,False
recently—thanks,1,False
credible—is,1,False
video—whom,1,False
orr,1,False
keshmir,1,False
lobby,1,True
fish,1,True
ranking,1,True
deviance,1,False
approve,1,True
fraternity,1,True
certificate,1,True
deshbaght,1,False
doest,1,False
littleknown,1,False
constellation,1,False
clash,1,True
roshan,1,False
randians,1,False
isolatedlast,1,False
demonizedafspa,1,False
nonstate,1,False
incriminating,1,False
substantial,1,True
foster,1,True
texts,1,True
whis,1,False
exit,1,True
sought,1,True
deescalate—often,1,False
victories,1,True
overpopulation,1,False
pahalgaon,1,False
partiality,1,False
speakno,1,False
invetigate,1,False
viewerstheyre,1,False
rathiwhats,1,False
bearing,1,True
incoming,1,True
performed,1,True
reproducing,1,False
abode,1,False
waving,1,False
hadnt,1,False
provider,1,True
persecute,1,False
detected,1,True
ship,1,True
shudra,1,False
kashatriya,1,False
consisting,1,True
reestablishing,1,False
pradhan,1,False
touching,1,True
sc,1,True
snatching,1,False
saviour,1,False
castesim,1,False
ids,1,True
tolerated,1,True
molest,1,False
pollution,1,True
pandering,1,False
bengalian,1,False
skeptical,1,True
barahi,1,False
chhillar,1,False
defended,1,True
hypocritewhy,1,False
coutries,1,False
authoritative,1,True
honolulu,1,True
muslim—but,1,False
religion—whether,1,False
gaw,1,False
shreds,1,False
whi,1,False
hamas,1,True
encouraged,1,True
pakistanmostly,1,False
printed,1,True
agrnda,1,False
solidified,1,False
rightpun,1,False
infuriating,1,False
cherry,1,True
cohesion,1,False
regarded,1,True
inputs,1,True
yeardont,1,False
youand,1,False
toxicyou,1,False
chaava,1,False
borderline,1,False
downplaying,1,False
firey,1,False
pawns,1,False
göring,1,False
hermann,1,False
pacifists,1,False
denounce,1,False
bidding,1,True
fascist,1,False
butafter,1,False
assumption,1,True
bravman,1,False
jobalthough,1,False
conjecture,1,False
familiarity,1,True
batking,1,False
paneer,1,False
foreward,1,False
aboyut,1,False
mughals,1,False
appresiating,1,False
it’ll,1,False
peeandrun,1,False
anchors’,1,False
whove,1,False
crew,1,True
deflecting,1,False
rtf,1,True
innccent,1,False
invain,1,False
gujtat,1,False
analyzed,1,True
entity,1,True
animism,1,False
ancestry,1,True
refernce,1,False
gg,1,True
jote,1,False
shameee,1,False
unsubscriptions,1,False
possibility,1,True
expensiveso,1,False
phalam,1,False
kashmiri’s,1,False
controling,1,False
theyrr,1,False
cantrol,1,False
tides,1,True
civils,1,False
hursh,1,False
underworldreally,1,False
godfather,1,True
exceptions,1,True
handpicked,1,False
bliss,1,True
amazes,1,False
knowladge,1,False
mired,1,False
bereft,1,False
invasions,1,False
zealot,1,False
hasitv,1,False
landmark,1,True
deities,1,False
legitamacy,1,False
wagah,1,False
watar,1,False
amplifying,1,False
dimplocy,1,False
attackit,1,False
lethally,1,False
ibdia,1,False
cleard,1,False
terrorrists,1,False
civilan,1,False
bullshitt,1,False
revoled,1,False
temperature,1,True
trees,1,True
spies,1,True
defencethen,1,False
cater,1,True
resonating,1,False
upbringing,1,False
yrollers,1,False
notif,1,False
prosper,1,False
dire,1,True
dominated,1,True
brainwashes,1,False
revolved,1,False
incedent,1,False
dangaiiii,1,False
logicsthats,1,False
appalled,1,False
legitamate,1,False
maintained,1,True
tarearest,1,False
protocols,1,True
hospitality,1,True
cretisizing,1,False
elite,1,True
corelated,1,False
producing,1,True
redicules,1,False
dom,1,True
gulbhushan,1,False
trout,1,True
blf,1,False
stances,1,False
jhoota,1,False
pakistanthats,1,False
pretended,1,False
ishare,1,False
teasde,1,False
rawapindi,1,False
shamsabad,1,False
chromosomes,1,False
undoubtedly,1,True
aadhar,1,False
whearas,1,False
deceiving,1,False
xxxxx,1,False
xxxx,1,True
stepping,1,True
creditable,1,False
accepte,1,False
restrain,1,False
founder,1,True
jawans,1,False
september,1,True
rafayel,1,False
kulboshan,1,False
honestyfacts,1,False
decoys,1,False
apologised,1,False
goregaon,1,False
bandra,1,False
helpline,1,True
livable,1,False
rn,1,True
pg,1,True
restaurant,1,True
withing,1,False
raza,1,False
fm,1,True
stategovt,1,False
intiated,1,False
hypenining,1,False
walk,1,True
arrangement,1,True
aatankis,1,False
aatanki,1,False
andhbhaks,1,False
andhbakts,1,False
boycotted,1,False
isllamic,1,False
polish,1,True
wanana,1,False
asslamoalikum,1,False
humorous,1,True
butttt,1,False
eight,1,True
twenty,1,True
knowledgehe,1,False
abhinandon,1,False
digested,1,False
backyards,1,False
tranquility,1,False
worm,1,True
organizedassmebleddrilled,1,False
ministr,1,False
geography,1,True
animated,1,True
pakistanvideos,1,False
taimul,1,False
strategist,1,False
imposition,1,False
emergency,1,True
overdue,1,False
offices,1,True
vandals,1,False
frontline,1,True
laureate,1,False
situation”,1,False
“come,1,False
mobilizing,1,False
singhs,1,False
khushwant,1,False
havnt,1,False
smelling,1,False
shepherds,1,False
rockets,1,True
work—your,1,False
stupididty,1,False
brun,1,False
dertct,1,False
advocates,1,True
mutr,1,False
motion,1,True
categorically,1,False
althoug,1,False
lodge,1,True
attacket,1,False
destined,1,True
bloombergdo,1,False
miliatary,1,False
consequential,1,True
approtch,1,False
loathe,1,False
distinguish,1,True
pakistanorigin,1,False
lluck,1,False
wandering,1,True
veen,1,False
sysytem,1,False
satallite,1,False
enriching,1,False
resend,1,False
retrieve,1,True
tabs,1,True
payments,1,True
management,1,True
wiping,1,False
disappears,1,False
highprofile,1,False
optics,1,True
followups,1,False
ndtv,1,False
forbes,1,True
featured,1,True
museum,1,True
appearance,1,True
window,1,True
arrows”,1,False
“golden,1,False
incapability,1,False
row,1,True
otherwhy,1,False
grp,1,False
mechanism,1,True
interfering,1,False
motives,1,True
servers,1,True
sealed,1,True
pardhan,1,False
exaccurate,1,False
geological,1,True
bromine,1,False
chlorine,1,True
mismanaged,1,False
spared,1,False
theyd,1,False
stooped,1,False
standingreputation,1,False
eveidence,1,False
pleasing,1,True
shity,1,False
backdoor,1,False
corruptbut,1,False
bcos,1,False
videowe,1,False
boundary,1,True
falsify,1,False
rafaaleswell,1,False
bubble,1,True
portalbullshit,1,False
satp,1,False
obediently,1,False
smoked,1,True
patching,1,False
tiger,1,True
shoots,1,True
alligators,1,False
felling,1,False
wisei,1,False
isbut,1,False
mindedly,1,False
underline,1,True
remotely,1,True
changemakers,1,False
grassroots,1,True
rti,1,False
inaide,1,False
noticeable,1,True
edits,1,True
outofcontext,1,False
heartthey,1,False
tusi,1,False
newnlaundy,1,False
bigotry,1,False
it…,1,False
afssoos,1,False
loog,1,False
abiii,1,False
ofensive,1,False
senses,1,True
bhurv,1,False
sindoor’s,1,False
noc,1,False
exorbitant,1,False
charging,1,True
builders,1,True
killied,1,False
hindubut,1,False
vide,1,False
releas,1,False
boundelbazi,1,False
hegay,1,False
naintal,1,False
phalgamits,1,False
uttrakhandnot,1,False
commandorvideo,1,False
sideone,1,False
mentoined,1,False
dharuve,1,False
oure,1,False
fker,1,False
classy,1,True
te,1,True
bherth,1,False
suppoter,1,False
hinduu,1,False
chiter,1,False
jasy,1,False
chiiter,1,False
asy,1,False
dhnahda,1,False
chandy,1,False
pehlay,1,False
annd,1,False
flage,1,False
teacheryoutuberfact,1,False
mu,1,True
fity,1,False
dur,1,False
krta,1,False
kbi,1,False
chootiye,1,False
dhruuv,1,False
oye,1,False
beth,1,True
patna,1,False
ssa,1,True
virodhi,1,False
snatan,1,False
pichli,1,False
nycc,1,False
jhota,1,False
drov,1,False
ghtya,1,False
pakitani,1,False
lory,1,False
atitud,1,False
biche,1,False
indiau,1,False
fullu,1,False
sapotar,1,False
dalo,1,False
booon,1,False
bramso,1,False
bhenxxx,1,False
beja,1,False
nhn,1,False
choren,1,False
aaj,1,False
susbrube,1,False
fax,1,True
generalists,1,False
apky,1,False
haye,1,False
aproach,1,False
sympathetic,1,True
fati,1,False
fhruv,1,False
statememt,1,False
zyda,1,False
bht,1,False
debnath,1,False
moumita,1,False
behtarin,1,False
joth,1,False
zayda,1,False
nahe,1,False
gazagenocide,1,False
meets,1,True
indipendent,1,False
atecke,1,False
blockez,1,False
unoreverse,1,False
vego,1,False
goro,1,False
mouse,1,True
dhruee,1,False
fooooool,1,False
sources…,1,False
pandu,1,False
arey,1,False
popagandha,1,False
thee,1,True
normalise,1,False
viewr,1,False
dunga,1,False
honeke,1,False
khatam,1,False
edit।।,1,False
jalty,1,False
krty,1,False
mujha,1,False
gy,1,False
suchky,1,False
gi,1,True
batay,1,False
tmhari,1,False
hona,1,False
volleyballxard,1,False
worthless,1,False
servant,1,True
bhai…………,1,False
gaynnedar,1,False
avout,1,False
factsss,1,False
ghoot,1,False
youaresattanyouaretraitorweallknow,1,False
upar,1,False
hinduon,1,False
actuall,1,False
bunaum,1,False
sayedmuzammilofficial,1,False
nan,1,True
aprachan,1,False
indea,1,False
sonimprove,1,False
seekho,1,False
parhna,1,False
sahii,1,False
appirichichte,1,False
sunerio,1,False
confim,1,False
plezzz,1,False
groupswho,1,False
dal,1,True
vhp,1,False
terrorista,1,False
ytubers,1,False
alwaysever,1,False
vew,1,False
radioactive,1,True
honi,1,False
shrm,1,False
rafalemigsu,1,False
argumentative,1,False
cheapest,1,True
wxpose,1,False
sank,1,False
collector,1,True
naturaly,1,False
apang,1,False
dimaki,1,False
techniques,1,True
pbks,1,False
amen,1,True
godbless,1,False
pronounciations,1,False
hata,1,False
apnee,1,False
rotation,1,True
qki,1,False
dosto,1,False
flipping,1,False
abi,1,True
honted,1,False
murshidabaad,1,False
drill,1,True
mork,1,False
agen,1,False
haaa,1,False
goodafternoon,1,False
waht,1,False
chia,1,False
newborn,1,True
vds,1,False
islands,1,True
yyyy,1,True
barricades,1,False
bbhai,1,False
caputre,1,False
moneyback,1,False
nord’s,1,False
riskfree,1,False
worthnow,1,False
meer,1,False
rana,1,False
gyi,1,False
dikh,1,False
diyq,1,False
dekh,1,False
exaple,1,False
sirwe,1,False
mic,1,True
dhur,1,False
zindhabd,1,False
evry,1,False
infinity,1,True
raffales,1,False
sher,1,False
babar,1,False
rafaluu,1,False
thumworld,1,False
kilab,1,False
kithana,1,False
thum,1,False
mw,1,True
tradegy,1,False
chancellor,1,True
ell,1,False
aiwebsite,1,False
manrathee,1,False
explane,1,False
stisk,1,False
vedan,1,False
gando,1,False
assemble,1,True
bhikhari,1,False
kb,1,True
shert,1,False
dalley,1,False
rha,1,False
khalif,1,False
mosewala,1,False
indiai,1,False
ghazipur,1,False
indiatrust,1,False
dhure,1,False
rssbojorong,1,False
newsdhruv,1,False
pastorsall,1,False
jamaat,1,False
scholars,1,True
chahiya,1,False
hame,1,False
ountry,1,False
respest,1,False
hydro,1,True
keleye,1,False
narrator,1,True
jst,1,False
addapted,1,False
chetna,1,False
deletion,1,True
farm,1,True
controllers,1,True
isms,1,False
bully’s,1,False
hood,1,True
doo,1,True
bannedd,1,False
deccan,1,False
butten,1,False
millon,1,False
destroys,1,False
lanat,1,False
velog,1,False
tropics,1,False
europegazwa,1,False
islamisation,1,False
dayanand,1,False
rajpur,1,False
nitin,1,False
wayy,1,False
philistines,1,False
ware,1,True
jss,1,False
banaooo,1,False
wastik,1,False
salim,1,False
bhn,1,False
sandhur,1,False
documentry,1,False
vedic,1,False
anglo,1,True
normt,1,False
rakhail,1,False
ebrahim,1,False
hindotawa,1,False
dhruvraathi,1,False
disinformations,1,False
imarn,1,False
jinna,1,False
peaple,1,False
kamra,1,False
kunal,1,False
